traffic_id,date_time,city,area,vehicle_count,avg_speed_kmh,accident_count,congestion_level,road_condition,visibility_m
14619,2024-03-02 20:54:33,London,Camden,3277,99,4,Medium,Snowy,9077
16638,2024-03-05 22:25:59,London,Southwark,2592,80,4,Low,Dry,7146
14606,2024-09-22 16:16:03,,Camden,536,73,3,Low,Wet,959
11489,2024-11-17 07:42:10,London,Chelsea,2194,41,3,,,6663
17023,2024-08-07 12:27:00,London,Southwark,4343,80,1,High,,7872
15846,2024-08-23 03:38:34,,Chelsea,1381,15,3,Medium,,9503
13943,2024-01-22 16:01:21,,Kensington,1295,41,4,Low,Dry,4604
17460,2024-01-03 21:55:21,London,Camden,320,50,3,Low,Damaged,7190
17428,2024-08-09 12:38:12,London,Kensington,4135,50,3,Low,Wet,8124
9115,2024-06-28 20:37:13,,,3001,43,5,High,Snowy,1631
14445,2024-12-27 01:58:58,,Southwark,856,30,7,Low,Wet,9889
18327,2024-07-20 09:04:03,,Southwark,242,74,0,Medium,,7636
12039,2024-08-08 06:14:14,,Islington,1096,77,6,Low,Dry,3118
12700,2024-08-01 13:18:59,,Chelsea,4094,35,6,Low,,8294
15576,2024-02-12 09:17:28,,Islington,3894,23,4,,,7261
16125,2024-11-24 21:52:08,London,Chelsea,640,20,3,Low,Snowy,5576
15091,2024-08-14 15:37:29,,Camden,1380,48,5,High,Snowy,5540
17438,2024-02-22 23:41:44,London,Kensington,4661,46,1,Low,Damaged,7213
19451,2024-06-28 21:49:54,London,,4492,45,7,Low,Dry,8516
10641,2024-02-06 23:09:47,,Kensington,3348,55,3,High,,7041
12315,2024-09-11 18:57:10,London,Kensington,133,94,5,High,,7969
16261,2024-02-10 19:09:16,,Chelsea,482,96,2,High,Damaged,204
19972,2024-04-10 21:22:41,London,,4239,72,0,Low,Wet,9769
9167,2024-12-21 08:59:32,,Kensington,4538,41,7,Low,,5723
10283,2024-11-13 17:41:52,,Southwark,773,24,3,,Snowy,6197
15926,2024-01-31 11:10:50,,Chelsea,1202,34,6,Low,,6750
9733,2024-04-04 15:11:05,London,Islington,3544,13,4,,,8628
10734,2024-08-11 08:12:41,London,,4761,70,7,Low,Snowy,4998
9759,2024-08-20 03:53:41,London,,960,83,8,,Snowy,5917
13712,2024-07-11 06:07:04,,Islington,2010,52,5,High,Dry,999
14311,2024-03-28 14:36:39,London,Southwark,3588,29,7,Low,Wet,8167
9650,2024-09-09 14:28:26,London,Chelsea,3859,71,6,Low,Snowy,3375
10242,2024-08-14 01:17:25,,Islington,1716,14,4,High,,4327
10785,2024-09-22 21:40:13,London,Islington,2064,87,1,Medium,Damaged,7140
13625,2024-12-10 03:31:56,,Southwark,1712,27,5,Low,Wet,7775
11886,2024-05-03 14:41:42,,Southwark,1947,84,7,,,7925
18887,2024-05-31 17:34:18,,Camden,3624,55,5,High,,6962
16785,2024-06-25 16:41:10,London,Southwark,2095,76,0,,Damaged,116
19411,2024-11-26 09:40:05,,,4653,69,1,Medium,,7716
9963,2024-10-30 21:20:23,London,Islington,166,44,3,Medium,Snowy,5003
12505,2024-12-10 19:43:47,,,2579,71,5,Medium,Snowy,437
13808,2024-11-11 21:21:57,,Southwark,4164,37,4,Low,Damaged,8746
14598,2024-02-13 16:24:51,,Southwark,3222,-76,4,,Damaged,9737
12778,2024-10-13 12:50:04,London,Southwark,2396,54,2,Low,Damaged,124
9456,2024-02-05 11:23:29,,Islington,1627,56,3,Medium,Wet,9349
14260,2024-01-05 22:01:40,,Southwark,2308,65,0,Medium,Damaged,620
16762,2024-07-09 06:45:47,,Kensington,2020,88,6,Medium,Snowy,2198
17389,2024-09-24 14:39:35,,Kensington,681,23,3,Low,Snowy,6066
18602,2024-07-21 01:48:06,,Southwark,1412,92,8,,,1423
12711,2024-08-18 10:25:19,London,Southwark,426,54,5,Low,Wet,5897
9914,2024-04-27 01:30:23,London,Kensington,2810,-24,7,High,Dry,1775
11420,2024-11-10 08:00:06,London,Chelsea,293,27,9,,Dry,3869
9740,2024-09-18 14:36:26,London,Chelsea,4173,34,1,Medium,Dry,4575
19453,2024-04-22 12:06:05,London,,436,36,3,Low,Snowy,6716
18431,2024-08-20 19:19:57,,Camden,2579,12,0,High,Damaged,6981
11499,2024-01-01 01:40:45,,,3959,19,0,High,Wet,6909
17739,2024-11-01 00:28:47,London,,2184,70,6,,Damaged,5838
16909,2024-06-10 10:24:28,London,Kensington,1467,52,6,Medium,Snowy,6301
15297,2024-01-27 23:13:58,London,Islington,3354,96,1,Medium,Snowy,4837
10354,2024-11-27 19:49:14,,Kensington,1390,34,0,High,,4444
15423,2024-03-28 19:20:14,London,Kensington,1289,33,9,,Damaged,2438
19609,2024-11-07 08:58:56,London,Chelsea,987,20,6,,Dry,9203
10196,2024-11-29 03:37:55,London,,330,19,6,,Snowy,5206
11804,2024-10-28 02:58:47,,Chelsea,1502,81,0,Medium,Damaged,4827
12158,2024-12-14 11:56:22,,Southwark,582,18,1,Low,Wet,9412
9016,2024-08-10 19:03:16,London,Kensington,89,66,2,,Damaged,6274
10553,2024-06-03 13:00:22,London,,1034,71,7,Medium,Wet,4529
17211,2024-07-22 16:34:51,,Southwark,679,33,0,Low,Dry,2143
9642,2024-07-16 20:04:38,,,4920,48,9,Low,Wet,1174
11964,2024-08-04 10:34:15,,Chelsea,557,61,7,,Snowy,4651
14519,2024-10-03 11:52:42,,Camden,4992,42,0,High,Damaged,3906
15012,2024-03-03 22:48:59,,Southwark,362,32,3,High,Damaged,3752
15070,2024-07-31 09:54:10,London,Kensington,1799,87,7,High,Dry,9985
16975,2024-11-18 10:00:37,,,4527,84,7,Low,Damaged,541
19595,2024-11-16 00:57:35,,,3110,41,3,,Dry,5130
9268,2024-08-17 16:27:16,,Chelsea,4447,54,4,Medium,,4208
16889,2024-10-02 15:53:05,,Southwark,1003,-15,7,Low,Dry,2637
11385,2024-05-03 13:35:25,,Chelsea,2832,75,4,Medium,Snowy,2349
12021,2024-04-17 07:52:21,London,Kensington,349,59,0,High,,5533
12985,2024-09-16 09:01:15,London,Southwark,2470,86,8,,Wet,5358
11895,2024-06-14 13:33:13,London,Camden,2637,81,4,Medium,Wet,1226
19323,2024-06-03 20:40:36,,Chelsea,4620,72,3,,Dry,7382
11686,2024-12-17 02:53:14,London,Camden,4406,30,5,,Dry,2334
9264,2024-04-09 02:05:43,,Kensington,3383,49,4,High,Snowy,119
19990,2024-09-20 20:23:13,,Kensington,697,29,8,Medium,,5286
10476,2024-11-05 02:44:10,London,Kensington,1965,88,9,Medium,Damaged,7889
18813,2024-11-14 18:48:15,,Camden,4853,61,6,Medium,Snowy,8581
9859,2024-06-11 18:22:39,,Southwark,168,24,7,High,Snowy,5375
14687,2024-05-13 19:47:36,London,Camden,126,57,3,Medium,Damaged,1417
12919,2024-03-19 23:58:58,,,2728,46,3,High,Damaged,7826
18882,2024-05-31 18:10:40,,Chelsea,3954,18,2,,,5207
17817,2024-02-06 05:27:02,London,Kensington,1157,85,5,Medium,Dry,1919
15366,2024-10-21 14:49:48,London,Islington,3176,82,8,High,Snowy,9112
16578,2024-11-30 05:58:37,London,Southwark,2317,23,0,Low,Wet,8852
11209,2024-06-22 23:54:00,London,Islington,4460,59,8,,,2296
10452,2024-08-13 16:04:23,London,Camden,3912,80,8,Low,Wet,9605
11092,2024-03-12 03:10:08,London,Southwark,1668,74,7,Medium,Wet,5876
18834,2024-07-14 02:23:02,London,Chelsea,4437,47,8,,Wet,828
12901,2024-11-21 10:58:28,London,Kensington,1318,95,1,Medium,Dry,6914
18589,2024-06-04 12:38:54,,Islington,3941,41,6,,Snowy,2624
19646,2024-06-01 03:04:26,London,Southwark,4612,51,3,High,Damaged,8954
11426,2024-02-17 10:19:24,,Chelsea,2377,55,6,,Snowy,2956
19444,2024-12-07 13:43:53,,Islington,225,63,8,,,6607
11425,2024-01-16 10:02:39,London,Kensington,545,23,5,High,Dry,2660
9155,2024-11-16 12:39:03,,,1075,99,9,High,,6827
14153,2024-07-14 07:38:27,London,Chelsea,940,88,3,High,Damaged,5433
11430,2024-01-24 03:29:42,,Islington,3385,78,1,,,3538
9992,2024-02-04 09:42:23,London,Kensington,994,17,5,Medium,,9203
12357,2024-05-29 14:43:58,London,Camden,3072,77,9,,Wet,7590
16133,2024-12-27 13:18:02,London,,1100,75,2,,Wet,1949
16024,2024-11-30 04:11:16,London,Chelsea,72,67,0,Medium,,8367
9673,2024-12-08 08:13:31,,Camden,2671,76,9,High,,984
11975,2024-06-02 11:39:45,London,Islington,2454,63,1,High,Damaged,3654
12641,2024-09-19 11:28:10,,Kensington,3941,22,8,Low,Dry,9169
17013,2024-11-04 14:36:52,,,3703,96,0,Low,Damaged,1559
11548,2024-06-29 19:55:54,,,1429,44,9,Medium,Wet,8051
16039,2024-03-16 04:22:38,London,,495,15,7,High,Snowy,908
13725,2024-04-24 11:29:01,,Southwark,669,88,0,Low,Dry,3518
12559,2024-04-19 22:58:13,London,Southwark,4810,42,6,Medium,,9393
10474,2024-01-05 17:31:15,London,,1721,36,2,,Snowy,4142
12095,2024-04-09 05:15:48,,Southwark,2241,27,2,High,Dry,8145
19714,2024-12-05 18:11:26,London,Southwark,419,50,2,Low,,6870
19814,2024-11-25 22:41:33,,Camden,3100,11,5,Medium,Damaged,7724
17604,2024-07-06 13:52:26,London,Kensington,2230,91,7,Medium,,3682
11968,2024-09-09 00:22:45,London,Kensington,1545,25,5,,Wet,7321
14118,2024-02-21 13:53:56,London,,3305,63,0,Medium,Damaged,1184
9911,2024-01-31 09:51:48,,Chelsea,1265,29,6,Low,Damaged,8581
18869,2024-02-11 20:05:55,,Southwark,277,65,8,Medium,Damaged,5333
11097,2024-04-20 02:16:35,London,Islington,4622,65,2,Medium,Damaged,5874
17864,2024-10-08 04:46:52,,Chelsea,4960,38,1,Low,Damaged,9041
11212,2024-01-13 21:27:40,,Kensington,3457,52,7,Low,Wet,3257
10842,2024-03-08 03:16:02,London,Kensington,2719,91,9,Low,Wet,6011
11610,2024-01-04 20:55:20,London,Camden,4764,72,1,,Damaged,2540
19720,2024-07-27 13:30:57,London,Chelsea,2248,87,9,,Damaged,5907
19962,2024-12-17 18:42:35,London,,2091,56,2,Low,Dry,6158
16295,2024-07-06 20:13:09,,,16,80,8,High,,7400
14348,2024-01-31 07:48:11,,Chelsea,1373,19,3,Low,Snowy,5232
15971,2024-12-16 15:20:19,,Chelsea,3431,77,0,Low,Wet,9836
17496,2024-03-14 17:38:08,London,Camden,1098,70,9,,Snowy,5544
14926,2024-05-09 21:20:35,,Kensington,1444,55,0,Low,Damaged,5012
18468,2024-02-20 17:32:36,London,Camden,4988,65,6,,,4501
9533,2024-04-09 15:37:52,London,Islington,3777,40,0,Low,Dry,4789
9006,2024-01-17 04:57:16,,Islington,3284,62,0,Low,Damaged,3084
10623,2024-03-15 20:16:25,London,Islington,3817,30,4,,Snowy,2360
16744,2024-08-14 19:28:09,London,Islington,1465,78,3,Medium,Wet,4403
12243,2024-10-19 02:14:45,,Islington,4556,-53,5,Medium,Wet,1039
16015,2024-08-03 22:30:08,,Islington,3256,13,0,Low,,2543
12012,2024-02-16 05:48:32,,,1911,26,5,Low,Damaged,5614
12536,2024-01-01 18:08:48,,Camden,2431,16,2,Medium,,1761
11162,2024-07-18 09:17:35,,,1246,21,2,Low,Dry,8807
14764,2024-06-15 15:20:05,London,,4817,43,2,,,7193
18758,2024-10-28 14:27:10,,Islington,4293,56,9,Medium,Wet,1191
9195,2024-08-10 12:26:18,,Camden,3369,34,0,Low,Snowy,8842
15651,2024-07-20 13:22:50,London,Kensington,1868,83,3,Low,,5357
13439,2024-02-12 22:40:01,London,Islington,693,59,0,High,Wet,9949
11571,2024-02-09 12:22:28,London,Kensington,4382,54,9,Low,Wet,9943
12969,2024-11-09 12:54:34,London,Southwark,4569,99,5,Low,Damaged,5130
11621,2024-10-26 17:18:34,,Islington,1186,20,3,Low,Dry,4428
13225,2024-06-28 20:35:49,,Kensington,1040,19,0,,Snowy,2567
9813,2024-03-09 00:23:26,London,Chelsea,3528,90,5,High,Snowy,3564
10942,2024-09-16 12:20:02,London,Chelsea,2562,16,4,Medium,Dry,3517
16653,2024-04-13 11:06:03,,Islington,2638,33,6,Low,Snowy,6561
18420,2024-12-26 11:07:51,London,Camden,2547,41,3,High,Wet,6419
15785,2024-06-21 23:42:56,,Camden,2581,75,2,High,Damaged,3975
12313,2024-08-24 20:07:39,,Kensington,1245,64,1,Low,Snowy,9138
9332,2024-07-12 21:08:09,London,Islington,1259,54,6,High,Snowy,4266
17308,2024-08-07 11:27:46,,Southwark,4672,99,3,High,Damaged,8150
15993,2024-03-31 06:10:02,London,,2419,-23,6,High,,9959
15172,2024-03-14 03:39:12,,Chelsea,3358,38,8,High,Wet,3745
14949,2024-11-14 07:28:20,,,2954,76,2,,Wet,8656
9632,2024-08-18 19:32:52,,Chelsea,2869,72,7,Medium,Damaged,3088
18177,2024-12-12 00:31:29,London,Kensington,3422,90,1,Low,Snowy,1497
13320,2024-01-31 11:47:37,,Chelsea,4691,40,4,,,1741
11635,2024-03-12 08:48:39,London,Islington,2148,23,0,Low,,1737
16056,2024-08-29 13:57:50,,Islington,1866,91,1,,Dry,7934
19418,2024-11-25 01:01:14,London,Southwark,4341,87,3,Medium,Snowy,4225
12094,2024-08-30 05:09:41,,Kensington,2738,15,9,Low,,3284
11666,2024-04-29 17:21:42,,Southwark,5,70,1,,Wet,9498
9969,2024-06-28 05:50:03,,Kensington,2698,43,4,Low,Snowy,1582
11280,2024-06-11 20:43:14,London,Kensington,4649,79,7,,Snowy,6131
16342,2024-12-11 05:07:47,London,Chelsea,4229,87,2,,Damaged,9267
10108,2024-07-29 03:46:40,London,Islington,345,24,5,High,Wet,910
19985,2024-06-26 23:46:19,London,Chelsea,4161,61,1,Low,Damaged,3380
19430,2024-11-24 04:02:43,,Camden,420,29,2,Medium,,2194
9733,2024-08-19 02:07:24,London,Kensington,2196,39,3,High,Dry,6123
15017,2024-05-14 01:24:30,,Kensington,2483,89,3,,Snowy,1759
10372,2024-02-20 20:45:39,,,1264,27,2,Medium,Wet,158
11061,2024-06-17 17:14:04,,Chelsea,2573,23,0,High,Damaged,4150
11166,2024-06-13 15:30:12,,Southwark,1729,77,1,High,Dry,7309
9739,2024-12-15 11:35:52,,,568,90,6,Low,,8114
17882,2024-07-07 07:43:51,,Southwark,1131,74,3,Low,,4931
13878,2024-12-04 07:02:10,,Chelsea,4736,42,5,,Wet,2557
13124,2024-08-05 21:20:30,London,Kensington,2939,96,7,Medium,Damaged,7616
11184,2024-09-14 19:07:00,London,Kensington,395,86,6,,Damaged,5918
12734,2024-08-13 10:53:50,,Kensington,1169,99,9,Medium,Dry,577
11788,2024-04-02 04:30:38,London,Islington,1592,22,2,Low,Wet,8192
10687,2024-10-04 00:21:22,London,Islington,3558,12,3,High,,1828
14853,2024-10-28 08:06:41,,Kensington,4824,39,5,High,Damaged,922
13067,2024-03-17 13:15:55,,Chelsea,3789,75,6,Low,Damaged,9952
10208,2024-06-21 12:04:45,,,3508,64,6,Medium,Snowy,9038
15017,2024-06-12 16:04:26,London,Islington,550,59,0,Low,Wet,8650
17274,2024-07-26 13:54:48,London,,2900,92,0,High,Wet,8280
12529,2024-07-20 02:37:30,,Kensington,4388,17,3,Medium,Dry,4035
16838,2024-12-09 22:45:54,London,,260,59,6,,Snowy,5798
9239,2024-12-22 19:58:18,London,Islington,1284,63,6,High,Wet,7213
12565,2024-10-06 13:43:05,London,Southwark,133,28,6,,Snowy,9612
14500,2024-02-27 03:59:42,,Islington,2670,80,1,Low,Wet,3768
11807,2024-12-04 12:08:08,,Chelsea,4763,22,2,Low,Damaged,7607
13605,2024-10-22 21:11:19,London,Kensington,172,87,0,Medium,,5719
13373,2024-04-10 12:19:17,London,Camden,3626,15,4,,Damaged,8174
17415,2024-06-20 13:27:11,London,Camden,645,34,6,,Dry,5108
19225,2024-02-15 08:44:20,,Camden,49,95,9,High,Snowy,3961
13144,2024-11-14 08:25:00,London,Islington,4238,55,2,Low,Snowy,9426
18831,2024-08-22 21:37:39,,,588,77,8,Medium,Damaged,5071
11967,2024-08-04 16:26:50,London,Chelsea,91,44,6,Medium,Dry,7006
9594,2024-06-23 00:42:55,London,Camden,3952,75,0,Medium,Damaged,636
17413,2024-11-09 19:07:09,London,Kensington,432,68,3,Low,Snowy,9562
9220,2024-09-08 00:42:07,,Southwark,174,93,7,,,603
19435,2024-01-21 01:51:27,London,Islington,1192,76,6,Medium,Damaged,5175
17883,2024-10-14 03:29:13,,Chelsea,3765,49,7,,,5128
10078,2024-11-20 11:26:46,,Southwark,2431,21,4,Medium,Damaged,1599
14114,2024-12-09 00:21:53,London,Chelsea,4679,25,3,High,Wet,8523
19757,2024-05-15 21:40:26,London,Southwark,4835,65,9,Low,Wet,3909
14239,2024-04-08 07:44:58,,Camden,2966,33,4,Low,,793
9226,2024-09-20 20:44:51,,Islington,4782,34,6,Medium,Dry,7429
14477,2024-12-08 10:05:54,London,Kensington,1658,95,9,Medium,Damaged,7836
10041,2024-04-12 23:44:41,London,,1716,99,7,High,Damaged,2189
19959,2024-04-17 06:41:44,London,,776,25,3,Medium,Wet,3407
17312,2024-01-03 00:23:31,London,Southwark,98,20,5,Low,,8820
17135,2024-12-14 04:47:10,,Islington,614,15,5,Medium,Wet,2619
14606,2024-11-12 12:27:09,,Kensington,3890,-96,0,,Damaged,8261
14865,2024-12-26 23:01:05,London,Kensington,1714,60,9,Medium,Snowy,6598
12532,2024-07-15 11:11:54,London,Kensington,3720,-64,7,,,7846
14249,2024-06-30 23:14:46,,Chelsea,4843,53,7,Medium,Wet,1875
15094,2024-05-08 15:11:03,London,Kensington,296,19,5,Low,Wet,2222
10320,2024-12-21 08:19:55,,Chelsea,4979,72,4,High,Snowy,1109
18361,2024-12-03 17:23:31,,Chelsea,1895,48,4,,Damaged,510
16243,2024-12-07 10:23:48,London,Camden,272,38,8,,Dry,3113
13312,2024-05-01 14:28:50,London,Chelsea,4581,86,7,High,Damaged,8549
19040,2024-09-01 18:19:54,,Camden,3224,77,9,Medium,Dry,7502
13998,2024-06-04 04:30:19,,Islington,329,16,8,Low,Wet,4679
13807,2024-03-01 13:41:15,London,Southwark,3656,11,5,High,Dry,8295
13573,2024-03-22 20:45:37,,Southwark,2363,21,4,Low,Dry,9859
12133,2024-06-18 13:47:54,London,,1710,23,4,High,,1467
14611,2024-03-02 22:50:57,,,473,32,8,Low,Snowy,6062
12437,2024-08-16 22:56:36,,Islington,861,86,2,Medium,Snowy,6702
9270,2024-03-21 20:53:27,,Southwark,489,32,1,Low,,1891
16075,2024-04-07 06:52:31,,Kensington,1853,98,3,High,Dry,6141
14730,2024-02-10 06:36:12,,Islington,4970,88,1,High,Damaged,9090
13982,2024-04-15 16:22:25,London,Chelsea,2005,61,5,High,Wet,9060
13043,2024-05-24 17:19:06,London,Kensington,3674,52,2,,Damaged,2560
15778,2024-06-17 03:38:59,,Islington,2873,67,4,Medium,,9975
15712,2024-02-04 15:55:21,London,Islington,2108,49,9,,Damaged,9289
18970,2024-02-12 06:53:32,London,Kensington,3294,98,5,Low,Snowy,4080
12687,2024-05-22 04:23:17,,Kensington,175,36,7,High,Dry,7566
9103,2024-06-26 04:56:03,London,Camden,2781,13,8,Medium,,1773
12028,2024-03-04 20:44:39,London,Camden,1218,65,4,Low,Damaged,3376
19392,2024-02-14 13:30:26,London,Kensington,4926,17,0,Low,Snowy,2447
14764,2024-05-20 22:10:59,London,Kensington,671,11,8,Low,Damaged,6986
17548,2024-08-17 14:01:08,London,Camden,4018,96,8,Low,Wet,1264
18420,2024-03-05 11:25:42,London,,2846,72,0,High,,2281
10137,2024-09-07 19:11:51,London,Southwark,269,29,5,Medium,Damaged,4612
17528,2024-08-18 13:13:55,,Camden,466,54,5,Low,Wet,7818
10127,2024-05-06 05:47:19,London,,4035,-56,2,Medium,Wet,8564
16684,2024-01-03 13:24:27,,Camden,3788,-80,8,Medium,Snowy,8705
12323,2024-05-30 08:59:04,,Southwark,240,66,8,Medium,Wet,3167
9331,2024-07-26 09:04:38,London,Islington,2124,54,8,High,Snowy,7562
13637,2024-10-26 21:56:24,,Camden,1105,22,3,Low,,6726
10366,2024-04-21 18:51:46,London,Islington,2134,80,5,Low,Dry,1905
12782,2024-06-09 08:46:39,,Southwark,1068,13,1,Medium,Wet,8211
10777,2024-01-10 15:05:46,London,Camden,1370,27,2,Low,Damaged,2445
18022,2024-05-10 08:27:29,,Southwark,4523,21,0,,Damaged,2743
16183,2024-01-02 10:30:17,,Camden,4354,78,7,,Damaged,1279
14339,2024-01-14 10:58:02,London,Southwark,4513,24,5,High,Dry,6121
19741,2024-10-06 14:00:11,London,Chelsea,95,78,2,,Dry,9386
13031,2024-11-26 03:45:53,,Chelsea,4158,77,9,Low,Damaged,7252
11222,2024-06-16 12:02:42,London,Camden,4223,61,2,,Damaged,8239
9334,2024-10-28 08:52:33,London,Southwark,3645,60,1,,Snowy,4817
18041,2024-10-22 08:13:59,London,Kensington,2680,21,8,High,Snowy,2572
10888,2024-05-01 14:01:12,,Southwark,3503,-12,6,Medium,,9086
13504,2024-06-17 18:06:33,London,,4755,54,0,Medium,Dry,8035
14310,2024-06-03 01:39:38,,Camden,365,64,3,,Dry,7231
9165,2024-06-30 15:14:12,,Chelsea,3865,76,1,High,Wet,6431
14871,2024-01-18 07:05:27,London,Camden,3004,77,5,High,Snowy,6466
14362,2024-07-24 08:29:45,London,,407,83,9,,,9275
18614,2024-09-14 05:49:01,,Islington,4039,18,9,Low,Damaged,7203
11115,2024-11-13 12:45:19,,,153,24,5,,Damaged,9972
11805,2024-11-28 08:29:22,,Southwark,1495,97,2,Low,Wet,2029
12878,2024-11-26 16:54:40,London,Islington,802,87,8,,Dry,2020
14981,2024-05-25 03:28:25,,Islington,3435,92,9,High,Snowy,979
9274,2024-10-31 04:29:12,London,Chelsea,295,16,5,Low,Wet,7017
11969,2024-04-15 20:09:50,,Islington,3347,72,5,Medium,Dry,3301
15423,2024-06-27 18:13:42,,Camden,2808,-77,2,,Dry,3389
10036,2024-10-26 08:12:13,,,2142,13,9,,Wet,8244
16994,2024-06-30 19:16:50,London,Islington,4342,66,4,High,,4259
12040,2024-06-18 12:39:42,,Islington,1298,35,4,,Snowy,1283
15874,2024-02-26 01:45:07,,Southwark,1101,56,5,Medium,Snowy,4692
15588,2024-07-12 12:23:53,London,Islington,4118,50,4,,Damaged,8895
14850,2024-04-23 01:19:47,,Islington,4940,57,8,Low,Damaged,7049
13482,2024-02-17 23:13:46,,Islington,1024,67,3,Medium,Damaged,4090
9419,2024-01-27 13:39:23,London,,3435,55,7,High,Snowy,7926
10927,2024-02-04 18:21:49,London,Chelsea,826,95,9,High,Damaged,7729
13462,2024-12-09 17:43:02,London,Southwark,2861,97,2,High,Wet,6806
15965,2024-03-27 18:58:57,,Islington,3822,85,9,High,Dry,1362
11142,2024-08-02 16:31:18,,Southwark,2816,82,5,Low,Wet,5886
9447,2024-11-23 10:53:39,,Chelsea,2598,-85,8,,Dry,546
16391,2024-11-22 16:25:38,,Chelsea,1868,25,4,Low,Wet,1130
16377,2024-11-04 07:13:07,London,,1598,14,0,Low,Wet,4631
12632,2024-04-12 22:23:25,,,3044,68,0,High,Damaged,6820
17908,2024-10-02 14:17:57,,,687,13,7,Low,Snowy,2808
11188,2024-05-15 12:56:52,London,Camden,2176,91,6,High,,3815
10588,2024-11-06 21:38:47,,Camden,3576,59,8,Low,Dry,3850
18189,2024-06-13 17:17:43,,,1790,12,7,Medium,,8882
14829,2024-11-20 18:55:04,London,,3539,83,8,Medium,,5920
12244,2024-04-04 13:24:51,London,Southwark,249,70,9,,Wet,1244
17465,2024-08-06 21:17:40,,Islington,1182,87,5,Medium,Damaged,8390
9432,2024-06-08 21:38:08,,Kensington,2016,49,9,Low,Wet,6630
13754,2024-02-07 00:31:41,London,Islington,2353,61,8,High,Snowy,2959
9468,2024-10-29 08:45:25,London,Southwark,4527,41,7,Medium,Wet,6959
17531,2024-07-27 18:18:40,,Kensington,1896,98,4,High,,1472
11553,2024-02-08 12:21:34,,Camden,210,86,2,Low,Wet,4444
15841,2024-05-10 22:52:32,London,Chelsea,4829,10,4,Medium,Dry,6451
11529,2024-07-04 17:34:28,,,708,57,4,,Dry,5359
16301,2024-03-15 19:55:58,London,Chelsea,4663,63,4,Medium,Snowy,3257
14037,2024-03-05 06:16:22,,Islington,1331,72,2,High,,4503
15308,2024-08-03 20:01:31,,Southwark,3264,25,5,Low,Snowy,8482
17311,2024-08-28 13:43:18,,Kensington,3352,51,2,High,,3614
16518,2024-11-19 04:41:51,,Camden,4485,42,7,,Damaged,3785
9082,2024-05-05 23:57:38,London,Camden,2404,91,2,Medium,,3993
10313,2024-09-29 04:04:49,,Islington,613,60,3,High,Damaged,6836
18216,2024-12-27 09:27:38,London,Islington,318,77,9,Low,Dry,289
17095,2024-09-21 08:29:55,London,Islington,1713,53,6,High,Damaged,9768
14566,2024-04-15 17:27:14,London,Camden,2666,38,9,Medium,Wet,5049
12231,2024-09-02 00:19:23,London,Camden,1941,47,6,,Wet,8502
14737,2024-06-03 15:34:15,,Kensington,4120,12,4,High,Damaged,4832
13997,2024-04-10 01:58:03,London,Kensington,409,12,7,High,Snowy,2989
13323,2024-08-03 11:08:20,London,Kensington,545,40,5,Low,Snowy,2690
16303,2024-11-14 15:53:40,London,Southwark,766,72,9,Medium,Dry,8396
19842,2024-01-03 23:03:49,,Islington,4677,79,0,Medium,Snowy,9429
16570,2024-03-28 14:51:01,London,,2699,30,2,,Damaged,9813
19965,2024-01-09 02:44:28,London,Islington,4897,64,4,Medium,Snowy,4272
14336,2024-06-11 07:25:18,,Kensington,2753,65,2,High,Dry,550
17578,2024-04-28 23:32:02,London,Kensington,4627,52,4,Low,,2893
12295,2024-10-16 04:36:51,London,Southwark,4228,74,2,High,Wet,9377
9665,2024-04-14 03:32:13,,Chelsea,2887,46,3,High,Dry,7046
17546,2024-02-26 12:17:49,London,Kensington,2088,92,8,Medium,,1378
19565,2024-04-05 06:16:38,,Chelsea,2132,16,1,Medium,Damaged,2266
16135,2024-03-24 06:35:59,,Islington,947,25,1,Medium,Damaged,819
18140,2024-08-18 09:31:22,,Kensington,1460,12,8,Low,Damaged,6402
10473,2024-01-07 06:55:34,London,Kensington,3236,40,3,High,Dry,7655
18017,2024-08-23 16:11:22,,Kensington,3417,70,9,High,Damaged,9183
14604,2024-01-21 11:33:55,,Chelsea,2525,25,1,Low,Damaged,434
19326,2024-08-19 15:55:40,,Camden,2383,60,8,Medium,Snowy,3770
15847,2024-10-08 13:13:25,London,Islington,4141,26,2,Low,Snowy,6887
13579,2024-05-28 21:25:19,London,Camden,946,45,7,,Snowy,4055
15842,2024-02-23 06:56:26,,Kensington,4348,94,9,High,Wet,5022
14562,2024-09-01 06:17:19,,Southwark,4722,87,3,Medium,,3811
9924,2024-07-04 14:15:03,London,Kensington,4661,90,9,High,Wet,1796
15875,2024-09-08 11:20:39,London,Chelsea,4719,91,3,High,Snowy,2753
11303,2024-02-24 15:52:01,,Chelsea,1847,32,0,Low,Dry,6178
15576,2024-03-23 07:09:19,London,Chelsea,3022,56,2,Medium,Dry,6273
16153,2024-04-10 10:16:22,London,Islington,1288,84,3,,Snowy,1972
11218,2024-07-10 09:22:13,,Kensington,1451,34,6,Medium,Damaged,2895
12257,2024-11-21 23:19:17,,Islington,2396,89,1,High,Damaged,5828
18892,2024-11-14 21:06:51,,,3896,52,8,High,Dry,6616
18314,2024-04-29 05:32:39,,Islington,3963,80,7,,Wet,4018
9965,2024-07-24 15:38:58,London,,1061,23,6,Medium,,3071
13054,2024-03-06 09:13:14,,Islington,859,74,7,High,Dry,3128
12273,2024-10-20 05:03:25,,Chelsea,1750,81,8,Low,Damaged,2808
13010,2024-05-21 21:39:45,,,3252,48,2,,,7659
16862,2024-12-08 20:12:04,London,,90,88,8,,Damaged,8343
13517,2024-07-16 02:58:44,London,Camden,3878,63,5,Medium,,1008
9442,2024-10-19 12:01:29,London,,486,92,6,Low,Damaged,1568
12308,2024-06-23 08:41:21,,Southwark,986,35,1,High,Snowy,1558
18320,2024-11-13 05:47:00,London,Chelsea,839,83,0,Medium,,7437
13018,2024-12-09 15:44:29,,Chelsea,1200,16,6,High,Wet,6191
12421,2024-12-27 16:25:27,,Southwark,2778,36,0,High,Dry,8827
11393,2024-12-11 20:59:49,London,Chelsea,98,78,1,,,5909
14392,2024-12-08 06:09:33,London,Chelsea,3110,14,6,Medium,Wet,4438
10046,2024-02-26 06:15:40,,Islington,3207,81,8,,,5011
15929,2024-08-21 09:36:36,London,Southwark,3530,92,2,Low,Damaged,1019
15835,2024-02-25 00:16:00,,Chelsea,3061,51,2,,Dry,1235
14895,2024-11-30 11:17:45,,Camden,2803,75,7,,,2868
14852,2024-11-06 19:18:56,,Chelsea,2852,77,8,Medium,Snowy,5426
13788,2024-06-13 07:30:18,London,Southwark,417,26,2,High,Snowy,7570
9621,2024-10-25 19:46:01,,Southwark,3697,21,0,High,Wet,7932
19019,2024-08-14 16:37:12,London,Camden,3219,27,2,,Damaged,9086
17935,2024-04-19 08:58:13,,Chelsea,3086,90,9,High,Snowy,8800
17036,2024-02-11 21:32:46,,Chelsea,3344,37,4,Low,Dry,4805
17733,2024-01-11 15:26:10,London,Camden,360,80,1,High,Damaged,4959
18299,2024-12-16 12:40:50,,Camden,1639,61,4,,,7665
15264,2024-05-24 20:12:34,London,Camden,1656,49,3,,Wet,8687
10931,2024-08-01 17:25:57,,Kensington,3029,34,1,,Wet,9125
12895,2024-08-30 13:30:54,London,Southwark,2037,45,3,,Snowy,3211
13701,2024-01-30 01:43:50,,Chelsea,4381,48,7,High,Damaged,426
15262,2024-09-25 11:13:15,London,,4072,46,6,Medium,Damaged,1053
13080,2024-08-29 07:13:41,London,Islington,4247,68,4,Medium,Dry,5400
18085,2024-11-07 21:41:18,,Southwark,3491,86,2,Low,Damaged,4224
18747,2024-10-16 09:13:04,,Southwark,3234,52,4,High,Dry,971
19447,2024-10-17 09:46:19,,Camden,3052,70,4,High,,9235
14777,2024-10-20 10:25:47,London,Chelsea,4958,31,1,Medium,,3585
12625,2024-05-01 12:07:22,,Islington,1192,64,7,,Dry,1634
12852,2024-07-31 00:22:33,,Kensington,83,32,0,,Damaged,5944
9472,2024-06-09 10:40:10,,Chelsea,2540,47,8,Medium,Damaged,455
17688,2024-06-10 11:49:45,London,Chelsea,3801,62,0,Medium,Snowy,2925
18594,2024-07-11 13:01:13,London,Camden,600,83,7,High,Snowy,8287
12585,2024-07-02 17:14:33,London,Southwark,2236,65,4,High,Snowy,7151
13697,2024-08-30 18:18:28,London,Southwark,422,17,7,Low,,5600
15163,2024-01-10 00:26:25,,Islington,3632,66,9,High,,602
13320,2024-04-09 17:00:45,,Camden,2906,88,3,Low,Damaged,4067
14534,2024-06-08 07:57:16,London,Camden,4146,61,4,High,Damaged,871
17346,2024-08-13 16:14:18,,Camden,2588,73,6,,,1621
16804,2024-08-23 21:35:32,,Camden,321,80,9,,Damaged,9839
10447,2024-04-06 16:53:05,London,Islington,3652,94,1,,Damaged,4613
17504,2024-04-20 15:50:27,London,Southwark,473,14,4,Low,Wet,5129
15171,2024-09-21 21:42:56,London,,2874,86,5,Medium,Dry,9423
18071,2024-04-11 07:09:49,,Kensington,942,51,1,Low,Snowy,6593
14502,2024-06-08 03:56:11,London,Kensington,1214,53,7,Medium,,3926
16933,2024-08-22 09:20:32,London,Southwark,1177,57,5,,Snowy,7752
12869,2024-09-08 22:28:58,,Chelsea,2057,24,9,,Damaged,5128
16721,2024-02-15 14:50:50,,Camden,4203,37,9,Low,Damaged,8418
12191,2024-09-24 21:33:56,,,4281,86,1,Low,Damaged,7092
11248,2024-10-27 09:21:12,,,4688,69,7,Low,Snowy,8065
19145,2024-01-02 03:10:22,,Kensington,4799,89,4,High,Dry,8985
16589,2024-10-21 19:36:30,,,2719,80,5,,Dry,7364
13129,2024-08-09 17:51:37,,Southwark,591,47,9,Medium,Damaged,749
11215,2024-07-16 21:46:32,London,Southwark,708,26,3,,Damaged,8915
17566,2024-02-15 18:05:25,London,Chelsea,4474,77,8,,Damaged,5287
12146,2024-06-06 22:46:13,London,Chelsea,2641,86,6,Medium,Wet,6060
11192,2024-03-20 23:38:24,,,922,94,5,Medium,Snowy,5206
19444,2024-05-15 14:01:39,,Southwark,4728,37,9,,,7192
18291,2024-12-23 06:45:10,,Chelsea,910,37,5,Medium,Damaged,4484
13575,2024-11-30 13:16:43,,,4847,94,8,Low,Snowy,1439
17839,2024-09-10 09:16:15,,Kensington,1059,63,8,High,Dry,4863
10138,2024-02-16 07:47:16,London,Southwark,6,52,8,Medium,Damaged,9924
11399,2024-09-09 08:37:23,London,Chelsea,1081,29,4,Low,,6437
10931,2024-11-15 21:29:08,London,Chelsea,3630,84,3,,Dry,4965
16039,2024-03-31 20:39:08,,Camden,2357,25,4,High,,256
19130,2024-11-30 21:12:48,,Islington,566,15,0,High,Damaged,2121
13538,2024-03-29 05:03:34,London,Chelsea,2854,57,7,Low,,5475
11571,2024-04-10 13:03:43,,Camden,4326,45,8,Low,Damaged,4996
9306,2024-07-02 12:22:44,London,Camden,173,16,7,High,Snowy,3974
13068,2024-07-05 13:13:21,London,Chelsea,2971,57,0,High,Snowy,9647
16115,2024-03-03 23:15:00,London,Kensington,3097,34,1,Medium,Dry,976
14583,2024-05-23 00:58:09,,Camden,1801,87,7,Low,Dry,4057
11681,2024-01-23 07:15:28,London,Southwark,388,23,1,Medium,Wet,7588
11100,2024-09-30 11:50:54,London,Southwark,3460,78,4,High,,7292
18775,2024-04-03 02:23:10,,Kensington,280,23,8,Low,Snowy,9331
12078,2024-08-23 02:13:21,London,Chelsea,2999,54,0,,,8295
18748,2024-05-24 14:36:04,London,Kensington,1271,42,4,,Wet,2804
11463,2024-02-04 02:00:59,,,2915,89,3,,Damaged,5339
12995,2024-05-12 09:22:26,,Southwark,950,58,8,High,Snowy,1594
15869,2024-04-09 08:48:24,,Kensington,4266,37,0,Low,Wet,2109
17893,2024-05-07 12:23:46,,Kensington,1107,72,6,Medium,Snowy,5531
19812,2024-12-25 13:59:45,,Camden,1219,45,8,High,Dry,7581
12763,2024-05-11 06:30:23,London,,4877,14,3,Low,Damaged,2386
11348,2024-02-16 00:44:06,,,1606,36,7,,Snowy,3701
11376,2024-05-09 05:10:50,London,Islington,1326,35,9,,Wet,2706
11762,2024-06-03 23:19:03,London,Kensington,505,89,5,Medium,Dry,8814
9236,2024-12-05 02:45:08,London,Islington,3976,69,4,Medium,Snowy,635
13067,2024-11-28 18:30:51,London,Southwark,4440,76,6,High,Dry,8469
16133,2024-03-16 01:20:07,,Camden,3468,87,0,High,Snowy,7484
16880,2024-03-09 07:05:41,London,Chelsea,3780,10,2,Medium,Dry,1734
15617,2024-09-28 23:14:38,London,Kensington,4794,88,3,Low,Snowy,4335
12492,2024-10-17 20:06:51,London,Southwark,1589,75,1,,,5819
9554,2024-04-03 00:41:44,,Kensington,3173,21,5,High,Dry,9356
11446,2024-08-16 00:41:28,London,Kensington,28,72,9,High,Damaged,5013
11748,2024-03-22 08:44:47,London,Chelsea,1544,59,5,Medium,Damaged,1881
12660,2024-12-14 12:18:32,,,4976,27,7,,,5176
19796,2024-05-21 14:47:29,London,,4112,20,0,High,Dry,3668
18097,2024-05-12 19:59:29,,Chelsea,3780,19,9,High,Snowy,5094
17332,2024-08-06 01:11:33,,,1381,37,6,High,Wet,4331
12124,2024-12-13 06:02:57,,Islington,2333,72,0,,Dry,7646
15460,2024-07-26 13:32:38,,Camden,3134,76,5,Low,Damaged,2711
13975,2024-08-04 05:25:06,,,580,90,7,Medium,Wet,3199
18383,2024-05-03 19:21:30,London,Kensington,2968,29,3,High,,8315
15475,2024-01-13 23:52:03,London,Chelsea,4500,40,5,,,309
11375,2024-09-02 04:48:56,London,Chelsea,2836,47,8,Low,Wet,1697
12179,2024-08-06 23:56:36,,Islington,188,11,0,Low,Damaged,7038
16960,2024-10-24 06:53:34,,Chelsea,3516,64,2,High,Wet,949
14460,2024-07-07 23:47:21,London,,4632,-75,0,High,Dry,405
14790,2024-08-31 03:26:42,London,Islington,3419,76,1,Low,Dry,347
10236,2024-06-09 14:57:39,London,,3210,88,2,Low,Snowy,2078
17923,2024-10-22 23:24:22,,,2942,73,1,Medium,,9812
18695,2024-03-29 19:45:52,London,Chelsea,782,27,4,Medium,Wet,5361
11538,2024-08-27 21:47:00,,,3263,10,6,High,Dry,3772
14910,2024-12-04 02:07:59,,Chelsea,105,16,0,Low,Wet,4182
11770,2024-07-07 07:41:26,,Chelsea,231,59,4,High,Wet,1602
14866,2024-11-08 20:56:53,,Chelsea,1228,46,6,Low,Dry,8182
17705,2024-07-09 05:48:14,London,,231,40,6,Medium,Snowy,3925
11729,2024-06-10 06:38:50,London,Chelsea,176,16,6,,Damaged,6695
11704,2024-03-29 11:12:46,,Camden,1865,87,9,High,,8154
17606,2024-01-02 13:46:04,London,Southwark,491,61,1,Low,Snowy,5991
19701,2024-08-07 15:41:24,London,Islington,4026,46,6,Low,Damaged,325
16318,2024-09-16 12:55:50,,Islington,2194,63,5,High,,6162
17295,2024-08-09 17:57:30,London,,3205,84,4,Medium,Wet,3430
19258,2024-01-01 13:57:07,London,,3702,86,9,Medium,Snowy,4637
13228,2024-01-29 04:27:56,London,Camden,642,30,5,Medium,Wet,3311
15983,2024-05-25 00:12:45,,Kensington,15,96,7,Medium,Wet,2889
11200,2024-02-20 23:00:11,,Islington,78,68,1,,Snowy,5682
15641,2024-05-03 02:12:23,,Camden,4224,43,1,,Snowy,4628
10634,2024-06-21 07:14:34,,Kensington,67,38,9,High,Snowy,6967
16291,2024-10-24 12:09:08,London,Kensington,2672,84,2,High,,1141
9813,2024-07-19 19:47:54,,Kensington,2290,77,7,,Wet,1596
10659,2024-09-14 13:09:13,London,Islington,338,60,9,Medium,Snowy,254
11793,2024-09-01 15:00:19,,Kensington,1584,99,6,Low,Wet,8705
12101,2024-12-24 04:30:59,London,Southwark,1836,84,7,,Damaged,779
18131,2024-07-07 11:03:44,London,Chelsea,1576,94,6,Medium,Wet,8109
14945,2024-01-29 01:20:48,London,Chelsea,1558,-99,5,High,,5741
9815,2024-01-17 13:58:25,London,Kensington,2087,38,5,,Snowy,3399
17151,2024-02-27 11:34:03,London,Camden,347,69,9,,Dry,181
16064,2024-01-30 02:58:17,,Islington,4589,50,5,Low,,7475
17619,2024-05-14 14:38:36,London,,4874,32,2,High,Wet,1721
19014,2024-12-04 05:37:56,,Kensington,4419,90,3,High,Damaged,2326
9737,2024-12-15 02:40:18,,Kensington,1754,20,1,Medium,Wet,2016
9923,2024-08-27 02:08:17,,,4263,61,4,,Wet,8032
12723,2024-09-25 00:05:12,,Islington,3037,44,5,,Dry,4722
11574,2024-12-27 16:10:30,,Kensington,4998,13,5,Low,Damaged,9876
19992,2024-07-12 09:29:22,,Islington,3909,92,1,Low,Wet,5434
19864,2024-06-05 15:07:32,,Islington,387,99,3,Medium,Snowy,9096
11176,2024-08-03 21:37:06,London,Southwark,704,29,2,High,Wet,8296
12510,2024-11-07 17:20:24,,Chelsea,2295,55,3,Low,Dry,1994
13591,2024-12-26 04:17:38,,Camden,3067,28,7,Medium,Dry,3524
14520,2024-09-09 12:26:10,London,Camden,3400,85,5,High,Dry,9781
18978,2024-09-11 02:39:41,,Southwark,2126,54,3,High,Dry,4702
15104,2024-01-01 06:27:43,,Kensington,3435,68,6,,Dry,9524
10777,2024-03-15 06:27:37,London,Southwark,4124,88,6,High,,1108
18009,2024-01-01 18:43:20,London,Southwark,2095,14,3,Medium,Dry,8065
11542,2024-05-15 00:32:39,,,521,71,3,Low,Damaged,8189
18199,2024-06-18 21:45:33,London,Kensington,4005,70,4,Medium,Wet,8398
11100,2024-05-22 10:16:22,,Islington,1283,79,0,Low,Dry,2147
13281,2024-12-22 04:49:34,London,Islington,1352,65,9,Low,Wet,3495
9905,2024-11-18 16:14:18,London,Islington,3484,88,0,Medium,,1096
19734,2024-12-08 02:06:48,,Southwark,4962,42,9,Medium,Snowy,4249
14028,2024-07-12 00:28:49,London,Islington,2758,38,4,High,Wet,4024
16711,2024-12-19 01:37:39,London,Camden,2648,51,3,High,,2329
19003,2024-08-17 04:09:08,,,2418,42,0,,,677
17974,2024-09-04 04:22:28,London,Chelsea,3670,99,3,Low,Snowy,5569
12920,2024-06-01 11:08:12,,,4191,45,1,High,Wet,8495
19187,2024-08-24 13:45:21,London,Kensington,2971,87,9,High,Damaged,6714
10360,2024-01-06 00:17:20,,Kensington,1045,40,8,,Snowy,1664
13919,2024-08-02 03:39:04,London,,2101,19,0,,Snowy,7731
19692,2024-02-23 22:59:40,,Islington,654,24,9,,Snowy,5017
16117,2024-04-19 21:56:28,,Islington,2581,76,8,Medium,Wet,7750
14935,2024-09-14 10:48:36,London,Chelsea,586,54,8,High,Dry,3114
9676,2024-07-16 15:21:17,London,,2186,90,9,Medium,,2105
11003,2024-10-27 22:40:50,,,1913,19,5,High,,1216
17857,2024-08-13 15:56:12,,Southwark,929,42,4,,Wet,5968
19489,2024-11-15 11:25:00,London,Kensington,517,41,2,,Dry,7302
10909,2024-08-01 20:55:47,,Chelsea,2996,44,8,Medium,,2580
13311,2024-07-09 00:04:56,,Kensington,4959,69,7,,Dry,411
17073,2024-11-07 08:49:59,London,Islington,2963,30,0,Low,,4790
13270,2024-05-14 09:52:48,,Kensington,2806,90,2,,Dry,853
16579,2024-11-17 03:33:42,London,Camden,3445,78,3,Low,Snowy,854
16527,2024-10-29 18:59:25,London,Kensington,714,37,3,Low,Dry,7764
17737,2024-04-02 01:35:59,London,Chelsea,2606,80,7,Medium,Damaged,6610
18521,2024-12-12 23:39:30,,Kensington,3969,25,1,Low,Damaged,1711
18325,2024-03-30 13:58:42,,Kensington,1210,37,7,High,Damaged,3423
14543,2024-09-02 23:13:09,,Islington,989,87,2,Low,Damaged,7983
14568,2024-12-24 19:08:53,,Islington,4225,22,0,Medium,,4087
12224,2024-01-02 08:04:26,,Camden,120,89,1,,Snowy,9842
16595,2024-06-05 05:06:09,London,Camden,4436,74,4,High,Dry,2520
13198,2024-07-14 23:32:05,London,Chelsea,2731,56,1,Medium,Wet,825
16481,2024-10-30 12:46:52,,Southwark,2500,55,5,,Dry,3982
14427,2024-12-14 06:35:35,,,2815,34,5,High,Damaged,8147
13222,2024-09-06 11:48:53,,Islington,2096,16,6,Low,Wet,4354
14563,2024-02-11 07:03:07,,,4088,73,9,,Wet,9023
12889,2024-11-01 09:56:31,London,Kensington,4080,44,4,,Wet,5956
16319,2024-06-17 20:57:07,,Camden,1324,83,0,,Wet,4410
19507,2024-06-21 11:22:23,London,Kensington,1175,95,8,Low,Dry,1514
17855,2024-08-28 23:02:07,,Kensington,3274,73,7,High,Wet,2584
15909,2024-09-24 14:01:35,,Islington,614,65,3,Low,Damaged,5207
10114,2024-08-10 23:57:07,,Kensington,2084,93,4,Low,,7008
10692,2024-07-04 21:58:18,London,Camden,277,80,9,,Wet,7449
13164,2024-05-22 15:50:21,,Islington,3328,71,3,High,Snowy,5175
9937,2024-06-19 10:29:31,,Southwark,4644,56,4,Low,Wet,9460
18794,2024-05-10 02:56:34,,Kensington,3642,23,3,High,Snowy,3413
10100,2024-03-11 09:09:48,,Islington,2360,51,1,Low,,6767
11395,2024-06-19 15:06:45,London,Islington,1384,62,7,High,Wet,6886
15070,2024-05-10 08:24:20,,Chelsea,2576,47,6,Low,Snowy,8486
18598,2024-10-06 20:47:44,,Camden,2797,74,3,,Damaged,3909
16058,2024-07-11 06:10:56,London,,3730,87,0,High,Damaged,1754
17272,2024-03-08 11:45:58,,Chelsea,1581,96,2,,Wet,4161
13916,2024-10-21 11:05:48,,Islington,2538,58,9,High,Snowy,8167
18490,2024-12-15 12:49:24,,Kensington,2704,11,4,,Damaged,9349
15419,2024-11-06 07:33:39,,Islington,1139,80,8,,Dry,7291
14899,2024-03-13 10:44:28,,Kensington,2314,82,6,,Wet,1762
11685,2024-03-22 16:55:59,London,Islington,3077,79,5,Low,Dry,5570
12651,2024-11-04 20:02:16,London,Camden,1174,99,9,Medium,Wet,1810
10194,2024-07-07 13:53:10,London,,4061,65,5,High,Snowy,9025
9858,2024-07-06 00:56:46,,Southwark,4728,44,0,Medium,Damaged,8444
9946,2024-11-14 17:17:07,,,552,53,4,,Dry,4838
17650,2024-01-24 23:42:42,,Islington,4872,35,2,Medium,Wet,9464
12967,2024-06-05 22:16:54,,,3822,87,2,Medium,,9617
11205,2024-03-10 08:23:07,,Islington,4267,37,7,,Wet,7442
18525,2024-09-23 13:14:07,,Southwark,2925,37,3,Low,Damaged,6924
13446,2024-06-26 05:33:22,London,Southwark,4729,57,1,,Damaged,789
16459,2024-01-31 11:10:51,London,,2467,12,3,Medium,Damaged,7080
17000,2024-01-26 13:49:35,,,2756,46,2,Medium,Dry,3213
11510,2024-10-20 12:00:32,,Islington,1849,29,2,Low,Dry,4245
13728,2024-04-04 04:57:10,London,,1032,47,8,Low,Dry,2403
13593,2024-10-29 06:22:39,,Kensington,4809,98,1,High,Wet,3574
11456,2024-11-08 12:21:50,,,2913,51,1,Medium,Damaged,4300
13254,2024-10-29 10:03:37,,,1194,52,5,Medium,Wet,3861
13415,2024-09-08 22:04:14,,Chelsea,1152,80,7,High,Damaged,1760
15316,2024-01-20 04:48:13,,Camden,2320,18,8,High,Wet,4453
10166,2024-03-08 22:21:40,London,Islington,2326,99,4,Low,,3656
16071,2024-05-26 23:21:13,London,Southwark,4743,75,6,High,Dry,3680
18180,2024-03-30 21:20:08,,,490,41,1,Medium,,7027
18923,2024-10-10 22:12:15,London,Islington,379,27,2,High,Dry,353
16484,2024-12-19 07:48:51,,Camden,1121,91,4,High,Wet,2991
17921,2024-08-19 10:26:05,,Chelsea,4264,78,5,,Damaged,8314
19565,2024-08-28 14:18:15,London,Southwark,2719,91,2,High,Wet,4369
18308,2024-12-15 05:19:17,,Kensington,3134,78,8,High,Dry,572
17049,2024-04-05 23:54:05,,,3346,48,1,Low,Wet,7775
17661,2024-08-24 21:22:18,London,Islington,2165,26,7,High,,7309
19223,2024-10-29 03:50:26,,Southwark,3454,44,0,Low,Snowy,6902
18382,2024-12-10 22:12:41,,,3853,32,1,,Snowy,9451
12731,2024-03-25 07:42:12,,Islington,1369,75,8,Medium,Dry,1547
13023,2024-11-11 17:44:44,,,2026,14,4,Low,Snowy,987
12685,2024-02-29 12:00:37,,Chelsea,4332,97,3,Low,,6500
16174,2024-05-19 20:18:25,London,Camden,1487,28,2,Medium,Snowy,1424
16387,2024-06-04 01:19:33,,Islington,616,13,1,Medium,Dry,3584
17404,2024-09-21 08:06:42,London,,4095,11,9,Medium,Damaged,9293
14923,2024-11-14 07:26:28,London,Southwark,4463,65,1,Low,,6981
11188,2024-10-21 22:24:56,London,Kensington,2915,19,3,Medium,Wet,2178
15279,2024-01-10 02:39:12,,,2802,12,7,,Damaged,1048
16492,2024-08-12 09:45:42,London,Chelsea,3385,37,0,High,Dry,7669
18966,2024-03-10 15:07:11,,Islington,4854,65,2,High,Damaged,9487
17574,2024-11-20 06:53:46,London,Camden,4370,57,8,High,Damaged,8866
14207,2024-08-05 08:24:01,,Southwark,4213,51,4,,Damaged,4187
14803,2024-02-03 17:37:28,,Islington,1750,71,7,,Damaged,9873
11791,2024-03-04 11:28:42,,Southwark,3581,36,1,Medium,Damaged,6498
10387,2024-07-31 14:29:16,London,Kensington,32,51,1,High,Dry,3203
11909,2024-08-17 10:45:34,,,3863,16,3,,,6814
12238,2024-02-06 03:56:50,,Kensington,1567,56,2,Low,Snowy,686
11684,2024-09-03 15:23:09,London,Camden,1978,65,6,Medium,Damaged,9618
10054,2024-11-14 16:58:44,,Chelsea,983,96,5,High,Damaged,4858
9919,2024-01-02 19:03:25,,Camden,1994,63,6,High,Snowy,6988
19963,2024-08-29 22:23:24,London,Chelsea,3607,74,4,Low,Dry,4495
10799,2024-12-11 13:47:51,London,Kensington,1940,51,3,Low,Damaged,8386
12433,2024-03-07 00:34:23,,Islington,763,64,8,High,,596
15441,2024-04-16 17:12:45,,Kensington,1586,85,0,,Wet,6470
18288,2024-06-05 16:37:45,London,Southwark,4680,19,5,High,,309
10588,2024-04-13 18:30:36,,Kensington,2400,34,2,Medium,Dry,3594
18711,2024-08-18 23:08:38,London,Islington,1809,37,0,Low,Damaged,6350
16754,2024-11-03 03:51:19,London,Chelsea,3566,62,1,High,Damaged,5345
18671,2024-06-09 19:21:20,,Islington,2418,57,4,Medium,Damaged,6414
15507,2024-12-15 17:10:41,London,Camden,2269,62,5,High,,6466
15237,2024-06-01 09:48:50,London,,303,93,5,Low,Damaged,106
15906,2024-10-20 19:20:11,London,Chelsea,3034,42,0,,,7624
10155,2024-02-14 21:21:12,London,,2553,32,7,Low,Dry,7268
16636,2024-03-31 19:23:20,,,3318,41,9,,Damaged,5368
15218,2024-03-17 10:29:17,London,Camden,1851,10,2,,Wet,1076
16534,2024-04-04 15:17:00,London,,369,67,2,Medium,Wet,4309
12255,2024-11-27 06:14:39,London,Kensington,2438,83,5,Medium,Wet,1579
12549,2024-09-10 06:56:24,,Southwark,2211,83,8,Low,,7322
11553,2024-04-16 06:34:08,,Islington,3990,17,5,Low,Damaged,3495
9077,2024-01-26 19:38:30,London,Chelsea,2068,84,9,Low,Damaged,9294
10818,2024-10-16 15:52:27,London,Chelsea,1346,90,0,Medium,Wet,8218
15602,2024-08-11 12:55:22,,,32,90,8,Medium,Wet,305
15306,2024-04-21 23:34:17,London,,2681,29,0,High,Dry,933
11730,2024-07-28 22:50:43,London,Southwark,3693,30,2,Low,,3903
16590,2024-12-23 03:57:15,London,Islington,1957,40,8,,Wet,5937
11554,2024-03-19 07:49:52,,Islington,3259,93,3,Medium,Damaged,5374
18741,2024-09-03 16:55:47,London,Islington,3629,17,6,Medium,Snowy,7228
19935,2024-05-04 13:42:54,London,Islington,3462,55,8,,,8697
15650,2024-01-13 21:16:27,,Camden,2679,59,5,Low,Snowy,4584
19261,2024-06-14 06:41:43,,Islington,397,24,1,High,,2188
16485,2024-03-05 11:21:00,,Islington,4768,66,0,High,,7734
14513,2024-11-17 01:16:46,,Kensington,557,20,7,Medium,Wet,5706
9191,2024-03-10 17:07:28,London,Chelsea,3851,58,2,Medium,,9688
10608,2024-07-11 17:42:58,London,Southwark,1874,15,6,,Damaged,4517
12896,2024-08-27 21:53:08,London,Kensington,3338,16,5,,Damaged,4402
11899,2024-09-24 12:46:16,,,196,87,8,Low,Snowy,2733
12130,2024-05-30 20:11:44,,Islington,2720,30,6,High,Snowy,6362
10286,2024-08-24 23:23:42,,,361,94,5,High,Damaged,5096
17723,2024-11-12 23:12:00,,Islington,3827,92,1,,Dry,2404
14556,2024-09-23 14:40:27,London,Chelsea,2586,24,8,High,Dry,9947
13010,2024-12-26 13:56:56,,,1909,50,5,,,2054
9364,2024-12-23 00:05:39,,,2833,20,7,,,368
12683,2024-03-19 12:52:36,,Southwark,2251,90,4,Medium,Dry,4893
9840,2024-01-15 12:59:45,,Southwark,3918,42,0,,,3656
14465,2024-07-25 12:54:25,London,Kensington,2597,11,7,,,2248
13285,2024-12-02 18:58:35,London,Southwark,2009,76,5,,Dry,3360
12077,2024-01-08 05:50:34,London,,3050,46,0,High,Dry,5792
9084,2024-09-06 20:00:27,London,Kensington,3255,60,3,,Snowy,509
11937,2024-03-09 23:51:29,,Kensington,3507,80,8,Low,Wet,1840
12995,2024-05-18 03:35:39,,,4186,97,4,,Snowy,1581
17926,2024-03-28 20:35:32,London,Southwark,426,64,6,High,Damaged,1258
11655,2024-04-13 13:11:43,,Kensington,4543,94,0,Medium,Dry,2774
17334,2024-11-17 20:14:23,London,Islington,4251,17,0,Medium,Damaged,4747
16056,2024-07-27 09:05:15,,Kensington,2469,47,7,,Dry,7734
13029,2024-09-26 10:50:38,London,Southwark,920,92,6,,Dry,6495
19754,2024-01-18 17:36:27,,Southwark,2019,77,0,Low,Dry,4180
16335,2024-12-26 11:58:00,London,Kensington,2905,16,1,High,Damaged,3801
19465,2024-06-30 00:01:49,London,Kensington,3293,55,7,High,Damaged,2723
13666,2024-09-10 20:50:35,,Camden,3066,17,9,,Dry,5208
12830,2024-03-28 21:02:10,London,Kensington,2927,57,0,High,Snowy,5193
15358,2024-10-21 13:32:27,,Southwark,541,44,8,Medium,Dry,8362
10253,2024-08-14 05:36:27,London,Southwark,2140,93,8,,Damaged,6983
16083,2024-09-02 02:40:42,,,851,20,2,Medium,Snowy,2377
9190,2024-06-08 10:20:10,,Southwark,2108,38,9,,Damaged,9578
17608,2024-02-11 06:08:12,,Chelsea,1864,-48,0,Low,Dry,3948
15925,2024-01-31 15:25:20,,Kensington,2047,77,2,Low,Wet,7797
18752,2024-07-11 12:06:10,,,2552,43,7,Medium,Snowy,9125
10514,2024-02-29 16:54:19,London,Kensington,537,81,9,High,Dry,2687
11835,2024-09-24 21:53:13,,Southwark,1277,96,2,Low,Wet,3544
9687,2024-10-22 16:36:41,London,Southwark,1947,31,7,,Snowy,5962
19936,2024-09-23 07:03:25,,Islington,1195,98,7,High,Wet,9765
16176,2024-10-20 05:19:23,,Islington,330,-67,0,Medium,,9146
14806,2024-03-02 23:06:37,,,2995,11,3,Medium,,8196
11557,2024-11-19 20:00:46,London,Islington,1459,14,0,High,Dry,956
11979,2024-12-15 00:09:33,London,Islington,103,45,9,High,,3756
10438,2024-12-04 12:37:58,London,Southwark,637,48,1,High,Dry,6271
15682,2024-02-24 09:21:14,,Camden,2,80,0,High,Snowy,861
9571,2024-03-25 14:27:10,London,Chelsea,1326,93,9,Medium,Wet,7662
10385,2024-06-21 18:41:14,London,Kensington,3297,14,9,Low,Damaged,847
17430,2024-05-03 14:17:17,London,,2984,14,0,Low,,3579
13340,2024-12-07 04:27:54,London,Camden,4127,71,3,,Dry,3385
9938,2024-05-26 12:50:59,London,Southwark,3425,87,5,Low,Dry,3765
9943,2024-09-28 08:10:47,,Camden,1891,65,2,Low,Dry,7379
9903,2024-02-23 00:41:44,London,Camden,208,22,3,Medium,Wet,1060
14226,2024-04-11 18:06:38,London,Camden,2099,23,5,Medium,,3669
16519,2024-01-16 06:37:41,London,Chelsea,338,36,0,,Dry,1522
15964,2024-11-27 17:49:05,,Chelsea,4258,31,5,,Damaged,1953
14345,2024-10-15 09:32:16,,Chelsea,1488,69,3,Low,Wet,8852
14517,2024-03-02 18:50:06,London,,1722,15,5,High,Damaged,1022
18781,2024-12-12 00:38:28,London,Islington,1084,16,0,,Snowy,3214
12871,2024-07-01 10:25:26,London,,1781,85,0,High,Damaged,8751
15198,2024-02-23 16:47:42,,Islington,3080,17,7,High,Damaged,5348
12432,2024-03-07 02:37:04,,Southwark,3836,44,6,Medium,Wet,1354
13332,2024-05-24 22:36:34,,Kensington,4603,56,6,Low,,7464
18909,2024-06-06 15:47:35,,Islington,1709,15,1,Low,Wet,2188
18417,2024-09-11 02:43:37,,Southwark,1970,91,1,Medium,Snowy,6381
11534,2024-11-23 10:24:23,London,Islington,3483,47,1,Medium,Dry,9381
14610,2024-05-30 19:51:16,London,Southwark,2120,97,5,,,3566
9997,2024-04-02 06:11:25,London,Islington,4479,36,3,Medium,Dry,7885
10400,2024-11-02 12:43:21,,,50,38,1,Medium,Dry,4136
12095,2024-11-05 10:04:42,,Chelsea,4206,74,4,,Dry,7721
17349,2024-02-11 19:24:52,,Islington,1112,31,1,,Snowy,5538
19341,2024-08-10 11:16:06,London,Camden,59,57,5,Low,Snowy,8216
19904,2024-12-01 04:09:14,,Chelsea,1572,17,0,,,728
16350,2024-11-04 05:26:36,,Southwark,2321,87,8,Low,Damaged,9078
16509,2024-09-01 11:01:40,,Kensington,1560,79,4,Medium,Wet,1658
9533,2024-05-01 14:19:38,,Islington,2821,35,4,Low,,7158
16740,2024-01-01 19:28:18,,Islington,4588,79,6,Medium,Wet,3246
9254,2024-08-23 06:48:33,,,2295,74,2,Low,Snowy,5838
17109,2024-01-12 11:11:13,London,Kensington,1764,24,0,High,Damaged,3717
10173,2024-07-26 00:28:24,,Chelsea,1626,62,2,Low,Wet,8387
17560,2024-03-29 07:42:14,London,,1594,84,9,Low,Wet,6496
13423,2024-09-16 06:16:55,,Kensington,1871,19,5,Low,Snowy,6367
13251,2024-05-12 04:48:14,,Southwark,1638,96,1,High,Snowy,8453
9925,2024-01-07 08:47:51,,,3596,84,0,,Snowy,626
18670,2024-10-23 03:56:20,London,Chelsea,4666,51,5,High,Dry,899
11078,2024-09-01 12:48:53,,Chelsea,3854,88,5,High,,3256
14835,2024-12-13 04:38:49,London,Chelsea,3484,69,2,,Wet,9524
19216,2024-01-19 16:54:11,London,Camden,962,58,0,High,Snowy,151
15925,2024-04-16 01:06:50,London,Islington,1217,35,5,Medium,Damaged,3255
10357,2024-02-11 21:16:05,,Islington,4138,36,6,High,Wet,7209
10445,2024-06-16 00:11:07,,Islington,2992,74,4,High,Wet,5920
15598,2024-10-04 16:22:50,London,Kensington,1207,17,7,Medium,Dry,8384
19924,2024-05-19 12:47:14,London,Camden,2364,61,1,,Damaged,8561
17259,2024-12-07 21:03:29,London,,2675,41,1,,Wet,2646
14985,2024-07-15 10:25:16,London,Camden,529,54,7,Medium,Dry,692
18280,2024-06-26 23:45:03,,Islington,2472,23,1,,Damaged,3105
11037,2024-08-27 01:17:10,,Camden,3251,37,1,High,Dry,2422
11522,2024-08-08 17:44:46,London,,1138,76,0,Low,Dry,115
18621,2024-07-26 12:58:28,London,,419,25,7,Medium,Snowy,1434
9729,2024-07-02 13:01:25,,Islington,2792,29,9,High,Wet,2520
14927,2024-08-31 08:35:25,London,Camden,3632,85,8,Medium,Dry,919
10358,2024-02-13 19:39:51,,,1071,98,2,,,854
19596,2024-01-23 23:38:28,London,Camden,984,18,4,Low,Wet,620
12010,2024-07-18 00:07:41,London,Chelsea,4900,11,9,Medium,Snowy,9705
15274,2024-02-02 05:45:55,London,Camden,3181,48,8,,,3614
17996,2024-06-17 15:11:58,,Kensington,2443,-76,9,High,Wet,1613
17799,2024-04-08 06:27:33,London,,4811,55,8,High,Snowy,7060
18799,2024-02-23 06:48:03,London,Southwark,3423,98,9,Low,Dry,7341
12030,2024-10-19 13:03:56,London,,4195,21,3,Low,,7080
9917,2024-05-28 21:47:11,London,,2247,94,9,,Dry,2237
10799,2024-10-26 03:48:35,,Kensington,1936,62,7,,,5625
14418,2024-11-06 22:13:45,,Chelsea,437,56,9,,Damaged,7131
14620,2024-04-20 00:15:05,London,Camden,3210,99,4,,Damaged,5320
18379,2024-04-02 15:36:35,London,,262,13,9,Medium,Wet,1382
12281,2024-02-20 12:33:42,London,,945,68,3,,Wet,3957
12701,2024-01-20 10:11:13,,Kensington,2246,91,4,Low,,3792
16145,2024-10-11 22:52:04,London,Camden,3191,96,5,Low,Snowy,9762
17741,2024-07-04 19:12:07,London,Islington,2415,90,9,Medium,Dry,9363
14838,2024-01-07 08:22:01,London,Chelsea,4557,93,8,Low,Dry,5427
18932,2024-01-12 11:59:56,,Camden,3084,32,0,High,Damaged,7465
15499,2024-11-06 07:29:22,London,Islington,2572,-79,1,High,Wet,1798
13506,2024-05-23 13:34:44,London,Chelsea,4591,10,8,Low,Dry,2937
9332,2024-05-13 00:51:54,London,,867,19,9,High,Snowy,289
18853,2024-03-20 11:21:01,London,Kensington,1344,57,1,High,Damaged,5009
10263,2024-12-25 07:56:57,,Chelsea,3921,85,0,Low,Damaged,6237
17109,2024-12-15 00:58:22,,Camden,74,15,2,Medium,Dry,789
11946,2024-10-18 14:47:00,London,Southwark,2151,10,1,Medium,Wet,7868
13239,2024-10-27 23:36:32,,Camden,1097,81,6,High,Snowy,8936
9424,2024-05-12 01:48:05,London,Camden,3056,92,5,,,3484
12368,2024-06-15 08:21:53,London,Kensington,3693,66,4,High,Wet,5924
14033,2024-11-14 05:43:10,,Chelsea,1018,73,8,,Wet,4830
17834,2024-05-08 00:52:20,London,Southwark,3421,65,8,High,Dry,1963
11501,2024-02-04 20:13:45,,Kensington,4388,83,5,High,Dry,3155
16089,2024-08-14 22:16:54,London,Islington,2584,95,4,Low,Wet,5244
18303,2024-03-19 05:23:57,London,,2778,22,6,,Damaged,9674
9468,2024-05-14 02:27:16,,Southwark,2936,29,2,,Damaged,551
15762,2024-07-28 20:13:01,,Kensington,3371,42,5,Low,Snowy,3651
14750,2024-10-29 03:15:37,London,,3480,27,2,,Dry,4974
9696,2024-08-19 12:54:13,,Chelsea,3945,86,1,Low,Wet,8546
11687,2024-12-13 23:22:30,London,Camden,3902,82,9,Medium,Dry,7981
17997,2024-02-13 18:45:55,London,Camden,4939,24,5,High,Damaged,8286
15373,2024-06-15 03:02:14,,,4571,45,7,High,,7349
12033,2024-04-19 00:54:16,London,Chelsea,878,76,3,Low,Wet,8465
19396,2024-10-21 06:19:39,London,,1751,62,7,Low,Snowy,8909
19622,2024-01-27 23:49:09,London,Camden,2138,47,2,High,Snowy,698
18900,2024-08-06 23:47:45,,Chelsea,2933,64,3,Medium,Damaged,1460
15291,2024-08-09 16:51:08,London,Camden,826,44,7,,Damaged,3522
14778,2024-05-25 06:54:29,,Islington,3403,22,8,Low,Snowy,3157
10957,2024-09-27 07:50:38,London,Southwark,4408,29,6,,Snowy,6556
11761,2024-09-15 18:46:33,London,Islington,3056,77,1,Medium,Wet,6453
14678,2024-11-13 11:30:11,London,Southwark,76,73,4,Medium,Snowy,9832
15831,2024-12-07 05:15:16,,Kensington,485,18,0,Low,Snowy,5404
16277,2024-05-23 08:20:55,London,Islington,310,70,2,Medium,Damaged,6078
18266,2024-07-27 06:01:48,London,Camden,1726,28,4,Medium,Wet,3166
9798,2024-06-19 13:37:30,,Chelsea,3063,76,3,Low,Damaged,4208
11290,2024-09-02 07:32:32,,Kensington,1182,94,5,High,Dry,1542
17212,2024-09-14 01:26:09,London,Camden,3694,34,6,Low,Snowy,8798
11362,2024-07-22 07:57:51,,Southwark,3328,20,2,High,Damaged,4591
15228,2024-03-08 10:17:19,,Camden,443,28,3,,Dry,4139
9979,2024-05-18 04:02:24,London,Kensington,465,69,5,Low,Damaged,4641
9024,2024-09-15 16:03:52,London,Kensington,3134,19,7,,Snowy,6374
12942,2024-08-14 15:38:51,,Camden,2204,71,1,High,Dry,7655
19841,2024-04-25 16:18:26,,,3818,89,3,,Dry,6366
12106,2024-10-12 07:43:01,,,4343,72,8,,Snowy,4885
9094,2024-07-01 12:04:56,,Camden,3822,25,1,Low,Damaged,5979
14285,2024-04-22 07:59:42,London,Kensington,3329,99,1,Medium,,5305
12897,2024-02-10 06:33:05,,Camden,4631,73,0,Low,Snowy,8652
11042,2024-03-14 18:47:19,,Islington,3148,92,8,High,Damaged,5994
14090,2024-05-27 10:35:11,,Chelsea,849,50,3,High,Snowy,7204
9499,2024-08-09 13:24:48,,Kensington,2201,13,2,Medium,,7471
12801,2024-11-13 01:58:18,London,Kensington,1680,78,4,High,Snowy,5538
16490,2024-12-02 17:51:41,,Islington,1949,89,2,,Snowy,6472
11885,2024-11-17 11:35:32,London,Kensington,4237,45,5,High,Wet,9065
18679,2024-03-15 05:38:01,,Chelsea,3238,43,7,High,Snowy,3781
10271,2024-07-06 21:38:03,London,Kensington,3292,29,7,High,Dry,5932
13980,2024-10-01 05:27:37,,Chelsea,1681,89,5,Low,,5550
17833,2024-02-03 09:10:32,,Islington,610,27,1,Medium,Wet,4375
12997,2024-11-29 18:29:16,London,Southwark,319,19,8,Medium,Snowy,7937
14179,2024-06-26 17:43:05,,Islington,2816,46,5,,Snowy,272
11636,2024-04-22 06:52:35,London,Kensington,869,32,3,,Wet,1419
16186,2024-12-12 20:51:26,,Kensington,1449,35,3,Medium,Dry,6189
10540,2024-06-27 18:19:00,,Kensington,3739,38,4,Low,Wet,4669
14486,2024-04-01 21:35:32,,Kensington,304,89,1,Low,,8018
15787,2024-04-02 04:57:26,,Camden,1238,99,7,Low,Snowy,5702
10547,2024-05-22 08:58:34,London,Camden,2909,23,3,,Wet,9377
18717,2024-04-21 06:33:21,,Camden,284,66,4,,Dry,528
18279,2024-07-01 05:06:56,London,Southwark,836,41,9,,Dry,3985
10843,2024-02-04 09:16:45,London,Camden,192,15,8,,Dry,3608
14337,2024-11-03 07:13:09,,,464,18,8,Medium,Dry,170
11622,2024-08-13 19:00:28,,,2255,47,1,Medium,Snowy,5715
17735,2024-02-21 00:20:27,,,1838,35,6,Medium,Wet,5890
14597,2024-01-15 06:41:57,,Southwark,178,23,8,High,Snowy,2079
9641,2024-05-24 22:23:56,,Islington,747,46,6,Medium,,141
17176,2024-09-03 00:03:18,London,Chelsea,2491,91,4,,Dry,9731
9000,2024-11-25 07:53:07,London,Chelsea,397,59,3,,Wet,7204
12994,2024-07-09 00:16:44,London,Camden,4607,-92,7,Medium,Dry,1076
18707,2024-04-26 12:23:52,London,Southwark,4665,-78,0,High,,5942
14419,2024-09-16 17:31:51,,Kensington,4806,57,1,Medium,Dry,9603
16416,2024-01-10 16:50:49,London,Camden,1310,70,6,Low,Snowy,7428
12571,2024-05-26 23:51:17,,,87,18,7,Medium,Snowy,2291
18550,2024-05-22 10:47:18,,Kensington,2728,62,3,Low,Wet,8303
14168,2024-04-21 12:01:42,,Kensington,4503,97,5,Low,Wet,2882
11401,2024-08-29 20:25:02,,,1893,11,9,,,6890
9966,2024-06-04 17:16:27,London,Chelsea,4999,48,4,Medium,Dry,3427
9897,2024-05-17 19:43:44,,Islington,2482,25,1,High,Damaged,3589
9393,2024-08-17 06:07:55,,Camden,372,92,2,Low,Dry,4249
14621,2024-02-16 18:42:23,London,,1066,71,8,Low,Snowy,7414
12899,2024-01-12 05:11:00,,Kensington,1397,70,5,High,Snowy,4939
17057,2024-07-11 22:57:58,London,,3442,15,3,High,,2420
12484,2024-12-29 09:42:21,London,Camden,2168,77,5,Medium,Damaged,9997
14444,2024-03-14 23:23:51,,Southwark,266,40,6,Medium,Snowy,8393
14121,2024-08-07 20:33:31,London,Southwark,4009,24,1,Low,Dry,5630
16719,2024-09-19 03:57:24,London,Chelsea,4290,86,6,,Snowy,4590
19281,2024-09-19 17:34:51,London,Kensington,1950,91,5,Low,Snowy,588
19002,2024-04-20 10:17:53,London,Southwark,2019,12,5,,Wet,9953
14260,2024-09-01 09:17:57,London,Chelsea,3340,52,6,Low,Snowy,8716
13603,2024-01-14 08:41:09,,Southwark,1178,70,6,Low,Wet,5789
12924,2024-07-04 11:31:13,London,Southwark,2106,33,5,High,Wet,6857
18078,2024-03-11 02:54:42,,Chelsea,1200,98,3,High,Dry,2025
16134,2024-09-17 05:41:04,London,Chelsea,2973,31,1,,Dry,3499
10264,2024-10-25 07:33:54,London,Islington,1778,24,5,Low,Dry,3418
12031,2024-06-26 13:07:46,,Islington,3368,84,9,High,Wet,8229
10018,2024-05-30 20:38:16,,Southwark,446,37,2,High,Snowy,483
12822,2024-02-24 08:59:31,London,Islington,416,48,9,Low,Wet,1153
11984,2024-12-18 18:06:46,London,Kensington,4807,98,0,High,Snowy,9334
19119,2024-11-22 10:30:31,London,Chelsea,2607,61,3,High,,3683
19021,2024-06-25 09:26:13,London,Islington,2554,63,4,High,Dry,4500
9077,2024-08-14 14:43:56,London,Chelsea,1739,44,6,,Snowy,6547
15629,2024-08-12 23:43:37,,Kensington,2464,34,9,High,Wet,4719
10325,2024-10-12 06:16:22,London,Kensington,18,83,6,Medium,Snowy,3082
9944,2024-05-24 17:45:58,,Islington,766,68,4,Low,,2977
11272,2024-07-03 10:18:19,London,Southwark,3058,62,4,High,Wet,8940
19726,2024-04-16 15:03:16,London,,3145,65,2,Medium,Wet,571
10768,2024-09-23 10:12:08,London,Kensington,1644,66,5,Low,Dry,4247
18186,2024-12-21 14:50:59,London,,4298,85,8,,Snowy,1815
17323,2024-11-18 11:25:49,London,,1855,28,7,Medium,Wet,7443
17713,2024-06-13 01:14:27,London,Southwark,2458,97,0,High,Damaged,5107
11463,2024-01-11 17:56:28,London,Chelsea,938,34,0,Low,Damaged,1164
10588,2024-04-30 00:52:39,London,,3179,77,8,Low,Snowy,5949
12077,2024-07-29 21:07:33,London,Southwark,1315,48,3,Medium,Snowy,2812
16647,2024-05-03 00:21:40,,,1391,87,7,Low,Snowy,5238
15757,2024-11-28 04:01:22,,Southwark,807,75,8,,,4644
9021,2024-12-05 08:54:05,,Chelsea,4162,47,4,Medium,Dry,9916
18568,2024-05-26 17:07:28,London,Southwark,408,99,6,Medium,Dry,9362
11651,2024-12-05 18:36:27,London,Chelsea,4884,46,0,High,,8888
17207,2024-10-16 00:49:10,London,Chelsea,1512,10,5,,Dry,9757
14527,2024-02-08 01:10:00,,Camden,3517,27,2,Medium,,4253
11608,2024-05-07 14:44:58,,,2922,45,0,,,5699
17245,2024-01-03 00:52:01,London,Southwark,4995,83,3,Medium,Dry,3778
17628,2024-12-09 10:34:33,London,Camden,4150,76,0,Medium,Dry,9768
19508,2024-09-25 00:12:44,London,,3969,79,2,,,3726
14609,2024-08-10 04:56:44,,,2405,25,9,,Dry,5128
19282,2024-04-22 06:47:54,London,Chelsea,2608,-57,9,,Snowy,2395
13741,2024-04-22 23:07:43,London,,1291,87,7,High,Wet,6536
9054,2024-04-29 16:13:16,London,Islington,201,79,3,Low,Wet,7243
19891,2024-06-01 14:47:11,,Chelsea,2979,80,6,High,Damaged,1927
16578,2024-03-16 17:35:43,London,,1401,49,8,Medium,Snowy,3825
12456,2024-01-20 14:52:15,London,Southwark,4650,90,3,Medium,Wet,1288
18038,2024-12-25 18:11:37,London,Southwark,1646,86,1,,Wet,7937
10581,2024-06-20 00:17:15,London,Islington,1440,86,3,,Dry,8254
10020,2024-09-23 01:35:27,,Chelsea,343,65,7,Medium,Damaged,5599
19777,2024-04-11 11:35:30,London,Islington,3065,45,5,,Wet,8164
15392,2024-05-23 07:48:42,,Chelsea,504,25,8,Medium,Damaged,1737
14479,2024-06-07 15:50:39,London,Southwark,3099,62,2,Medium,,1930
19324,2024-08-25 10:42:24,,Southwark,3285,70,0,,Dry,1637
14593,2024-07-01 16:20:26,London,Camden,2688,31,4,Medium,Wet,920
14264,2024-03-29 22:59:33,,Chelsea,3926,84,6,Medium,Damaged,3759
11957,2024-12-30 13:53:38,London,,380,42,8,High,Wet,742
12424,2024-06-23 13:32:57,London,,3808,96,1,High,Dry,2810
10862,2024-05-07 04:25:58,London,Islington,3898,42,7,,,5383
18166,2024-02-20 03:09:33,London,Islington,2693,16,8,,Wet,892
19645,2024-07-11 12:20:18,,Southwark,3862,20,2,Medium,Wet,6576
18183,2024-03-10 06:56:17,,Islington,2355,34,5,Medium,,8096
15362,2024-07-03 17:53:20,,Islington,1970,13,1,,Snowy,6644
10617,2024-06-04 14:09:43,London,Kensington,2451,10,1,Low,,745
17327,2024-11-14 08:43:22,London,Southwark,1902,36,2,Medium,Damaged,9840
15678,2024-10-26 21:34:35,,Islington,443,50,1,Low,Snowy,3108
11913,2024-12-04 09:28:58,London,,2185,81,6,Low,Dry,5799
18519,2024-04-09 15:10:24,London,Camden,1617,38,1,High,Dry,8452
18643,2024-05-07 18:45:49,London,Southwark,3903,73,9,Low,,3940
18709,2024-09-19 18:35:47,London,Kensington,2569,62,5,,,5371
16703,2024-05-05 02:46:18,,Southwark,1288,31,7,High,Damaged,4992
17429,2024-07-07 10:04:08,,Kensington,4337,26,6,,Wet,2040
14728,2024-02-07 00:14:13,,Chelsea,4315,76,1,High,Dry,6125
19615,2024-12-19 11:12:57,London,Chelsea,1579,57,6,Low,Damaged,1673
9188,2024-03-14 23:11:43,,Chelsea,3829,63,9,Low,Snowy,7264
13741,2024-08-14 14:52:41,London,Southwark,4265,71,8,,,586
16237,2024-08-24 04:24:25,London,Southwark,2686,88,8,High,Damaged,4568
14470,2024-04-13 07:23:35,,Camden,750,33,9,Low,Dry,3702
15016,2024-07-30 03:41:30,London,Camden,2220,92,1,Low,Snowy,1482
11697,2024-07-14 16:24:26,London,Islington,3618,36,0,Low,Damaged,4346
10915,2024-12-20 22:16:24,London,,931,63,4,,Dry,3147
13801,2024-08-01 04:12:34,London,Camden,4906,59,4,,,5977
17999,2024-04-05 01:33:12,London,Chelsea,975,53,1,Medium,Snowy,446
11596,2024-01-14 02:37:45,London,,1086,54,0,Low,,3734
9281,2024-08-12 02:46:51,,Chelsea,940,60,9,Medium,Dry,8544
16189,2024-09-20 13:22:14,London,Camden,3074,65,3,Low,Wet,5571
14758,2024-06-18 09:08:12,,Camden,3764,57,7,,Wet,7891
16486,2024-07-18 06:15:04,London,Camden,936,94,5,High,,9139
9156,2024-05-16 20:20:51,,,1617,55,3,High,Damaged,7197
19902,2024-05-11 00:33:01,London,Southwark,2029,73,6,Medium,Dry,7943
16442,2024-04-29 06:35:53,London,Chelsea,4063,10,2,High,Wet,5777
9390,2024-04-19 03:31:56,London,,1047,31,3,High,Snowy,132
18257,2024-06-27 22:28:29,London,Southwark,2923,74,5,Medium,Wet,7736
19908,2024-01-16 04:28:15,London,Chelsea,3465,98,9,Low,Snowy,9835
13219,2024-12-26 22:33:13,London,Kensington,4393,87,3,Low,Damaged,6003
11918,2024-04-24 00:04:48,,Chelsea,86,-57,7,Low,Dry,9949
15727,2024-05-31 18:45:21,,Chelsea,2676,94,2,High,Dry,9147
12249,2024-08-01 16:33:08,London,Chelsea,2626,58,3,Medium,Dry,2568
19754,2024-12-16 12:29:02,,,1353,91,5,Low,Snowy,4454
15508,2024-03-30 08:30:21,London,,2569,91,5,Medium,Damaged,5429
10257,2024-10-19 08:57:36,,Islington,2700,49,6,,Wet,6901
12435,2024-10-25 05:30:27,London,Southwark,2116,56,1,,,2147
16473,2024-09-09 13:59:19,,Chelsea,3168,67,1,High,,6891
17508,2024-08-17 22:20:04,,Islington,4579,77,0,Low,,6363
17612,2024-09-21 22:41:12,,Islington,1353,20,1,Medium,Wet,9809
10311,2024-04-17 00:06:28,,Camden,3182,64,7,High,Dry,7983
9201,2024-04-14 18:25:49,,Chelsea,3820,65,5,Low,Dry,3791
9789,2024-09-23 12:48:55,,Kensington,651,73,9,Low,,6314
19352,2024-06-27 16:38:43,London,Camden,993,94,5,Low,Damaged,1890
19873,2024-01-16 21:57:26,London,Kensington,3943,49,2,Medium,Damaged,8009
17469,2024-12-24 02:54:40,London,Islington,3267,17,1,Low,Dry,3288
9873,2024-03-19 21:09:25,,Camden,3421,41,0,High,Damaged,9088
9299,2024-02-19 10:13:35,,Kensington,4478,47,8,Medium,Snowy,9879
10471,2024-08-30 12:59:34,London,Islington,4413,37,7,High,Damaged,8080
11125,2024-06-08 10:23:32,,Chelsea,2079,58,1,Low,Wet,3573
16386,2024-12-21 19:10:07,London,Southwark,173,93,3,Low,Wet,9596
18503,2024-12-11 20:58:52,,Islington,718,12,6,Low,Dry,684
12843,2024-03-02 04:15:00,London,Islington,4426,27,4,Low,Damaged,8637
16454,2024-07-28 19:36:57,,Islington,2889,82,8,Medium,Damaged,7768
14041,2024-07-26 14:39:53,,Southwark,3270,29,9,High,Wet,844
15740,2024-12-11 07:42:24,,Kensington,2098,83,6,Low,,7872
14307,2024-07-25 16:48:38,,Southwark,1224,95,0,High,Wet,1623
12261,2024-02-10 20:23:06,London,Kensington,3295,59,7,High,Damaged,4506
17825,2024-01-25 17:15:13,London,Camden,864,27,9,High,Snowy,1437
18865,2024-03-16 13:56:33,London,Camden,4455,35,5,Medium,,8780
16535,2024-12-13 02:49:45,London,,2691,99,6,High,,5061
18010,2024-07-31 14:28:21,London,Islington,2688,14,2,Low,Snowy,7879
15846,2024-09-01 03:46:41,London,,2509,30,7,High,,5931
14462,2024-05-21 04:01:17,London,Chelsea,4067,94,3,Medium,Damaged,5468
16690,2024-05-14 08:35:36,London,Kensington,3594,80,2,Medium,Wet,4819
9616,2024-01-24 07:54:52,London,Chelsea,4864,62,3,,,1934
9616,2024-06-19 09:14:25,London,Chelsea,1233,86,6,Low,Wet,4526
10449,2024-05-12 04:36:18,London,Islington,2939,37,7,Medium,Wet,1836
18631,2024-03-18 22:17:38,,,2119,78,0,High,Damaged,2975
15641,2024-06-29 17:07:02,London,Kensington,2133,33,9,Low,Damaged,5658
13311,2024-12-22 16:40:43,London,Chelsea,2751,69,0,Low,Wet,6815
19662,2024-06-22 00:58:59,London,Kensington,224,45,9,High,Dry,3069
19753,2024-05-03 16:30:08,,Southwark,2131,83,9,Low,Snowy,2020
9448,2024-01-31 15:26:56,London,Southwark,2368,-99,6,High,,3659
13106,2024-06-20 01:55:19,London,Camden,2715,54,1,High,Wet,9431
14055,2024-12-10 22:38:14,London,Islington,1789,81,2,Low,Wet,1478
10636,2024-11-14 16:14:23,London,Islington,1291,14,0,High,Damaged,6363
13716,2024-09-30 14:36:05,London,Camden,4054,87,3,Medium,Snowy,6945
18626,2024-03-05 03:54:03,London,,324,99,7,Medium,Wet,4636
16139,2024-06-21 17:17:16,,Islington,2474,17,1,,Damaged,4761
9249,2024-02-11 19:19:12,,Southwark,3558,43,0,Low,Damaged,8446
16121,2024-03-02 16:40:55,,Camden,3735,10,0,Medium,,6163
19022,2024-11-05 13:59:53,London,Camden,1123,95,4,Medium,Damaged,8309
13481,2024-01-03 11:43:32,,,2759,32,0,,Wet,5693
15654,2024-07-21 09:37:44,London,Chelsea,2937,37,9,High,,3160
12092,2024-09-26 16:48:19,London,,1468,80,5,Low,Dry,2967
16809,2024-07-18 13:15:20,,Southwark,754,40,7,Low,Dry,3530
16112,2024-02-11 09:05:35,,,1975,59,5,,Wet,7436
13528,2024-02-21 00:26:48,London,Islington,1314,91,0,,,6359
11704,2024-01-09 20:26:59,London,Chelsea,1792,68,1,Low,Dry,4421
15560,2024-03-30 11:41:24,London,Kensington,2059,66,5,High,Dry,1629
14943,2024-08-12 17:43:28,,Kensington,2559,24,8,High,,4113
19109,2024-09-01 16:42:03,London,Southwark,2512,56,7,,,2237
12494,2024-03-18 05:26:39,London,Islington,1054,68,5,Medium,Damaged,7895
12290,2024-08-23 05:15:53,,Islington,4935,11,3,High,Dry,3571
10472,2024-06-05 10:09:11,,Chelsea,2995,47,3,,Damaged,3008
11920,2024-09-26 15:44:00,London,Southwark,1904,31,3,Low,Wet,3454
19175,2024-10-14 04:07:43,London,Camden,4524,-61,8,,,9361
15781,2024-03-23 08:14:14,,Kensington,2815,45,5,,Wet,3661
18479,2024-03-11 00:05:45,London,Southwark,324,76,1,,Damaged,4303
12820,2024-04-26 09:54:21,London,Camden,4273,21,0,High,Dry,1855
9676,2024-07-17 11:01:21,London,Camden,2681,49,3,Low,Dry,5935
16777,2024-09-16 01:13:38,London,Camden,1440,67,1,,,8904
17929,2024-04-21 17:09:05,,Chelsea,4713,81,5,Low,Damaged,6732
10962,2024-04-26 04:32:47,,Chelsea,2679,72,7,Low,Damaged,8822
14853,2024-05-23 14:39:16,,Chelsea,444,83,0,,Dry,2141
18760,2024-05-11 05:01:32,London,Southwark,3656,18,5,High,Wet,4032
18433,2024-02-04 17:37:30,,Camden,3684,22,8,High,Dry,5746
11335,2024-10-17 03:55:18,,Kensington,65,85,0,High,Wet,3922
16072,2024-02-29 11:34:43,,,2544,14,0,Medium,,9261
18987,2024-01-21 22:42:10,London,Southwark,2549,57,3,Medium,Snowy,9262
16611,2024-08-23 20:51:33,London,Southwark,3976,38,7,High,Wet,8046
17172,2024-03-01 21:39:09,,Chelsea,2709,49,9,Low,Damaged,4324
17321,2024-12-14 22:17:24,London,Kensington,3490,81,2,,Wet,9489
18648,2024-12-02 08:00:54,,Camden,4503,24,2,,Dry,8650
9998,2024-12-29 09:30:44,,Camden,871,82,6,Low,Snowy,8132
10785,2024-03-06 05:51:03,,Camden,2042,88,8,Low,Snowy,2515
19183,2024-05-01 18:45:10,London,Southwark,2616,39,1,High,Damaged,9735
10479,2024-11-19 04:14:52,London,Camden,459,90,8,High,Wet,9609
14233,2024-07-25 16:51:08,,Kensington,3707,93,4,,,1446
15342,2024-02-27 20:01:28,London,Kensington,4223,89,7,Low,Snowy,6748
11209,2024-08-25 20:12:08,,,939,80,6,High,,1180
13895,2024-09-14 18:45:38,,Islington,3789,72,7,Low,Snowy,6151
10503,2024-08-02 12:54:31,,Southwark,3874,57,7,High,Wet,705
13854,2024-05-25 00:49:07,London,Kensington,3398,21,5,Medium,Snowy,8009
17159,2024-06-21 20:41:36,London,Southwark,3972,64,0,Medium,,3615
19538,2024-10-21 07:38:32,,Chelsea,1887,68,6,Low,Wet,2199
14966,2024-04-07 21:31:23,,Kensington,1297,37,2,,Wet,8437
12812,2024-03-04 10:13:56,London,Islington,1023,29,9,Medium,Wet,3276
10110,2024-02-15 16:30:25,London,Camden,382,75,5,High,,7200
17219,2024-03-01 06:26:03,,Southwark,1231,63,6,Medium,Dry,6057
13197,2024-10-10 09:20:38,,,1973,18,1,High,,8905
13181,2024-04-13 08:23:22,London,Camden,3433,11,2,High,,5165
9700,2024-06-21 01:10:40,London,Kensington,2372,10,2,High,Wet,215
12495,2024-04-06 09:09:11,London,Southwark,3122,27,6,High,,6078
11104,2024-05-25 01:19:31,London,Kensington,3332,78,3,High,Snowy,5250
19559,2024-03-30 04:20:10,London,Kensington,2524,25,5,Medium,Snowy,261
9338,2024-11-10 12:54:21,London,Kensington,784,66,4,High,Damaged,867
12278,2024-09-05 16:11:02,London,Islington,1154,36,4,,Dry,8525
12677,2024-09-26 15:38:51,London,Islington,1998,-82,8,Medium,Dry,7388
15173,2024-01-20 10:55:04,London,Chelsea,1747,41,4,Low,Snowy,9899
12930,2024-10-15 06:04:31,London,Camden,3986,23,5,High,Damaged,933
16940,2024-02-23 21:29:45,,Camden,1984,36,9,Medium,Wet,4210
14937,2024-12-01 15:35:27,,,498,20,8,Low,Snowy,1847
16100,2024-09-22 05:37:16,,Southwark,3117,30,4,High,,9839
13344,2024-04-24 05:11:18,London,,1321,45,9,High,Dry,2574
10001,2024-11-22 23:18:20,London,,4946,22,8,Medium,Wet,8905
16960,2024-03-09 06:56:23,London,Kensington,4960,97,7,High,Dry,6825
14044,2024-03-27 02:49:51,,Camden,374,19,0,Low,Damaged,3994
10239,2024-07-12 21:03:13,London,Camden,3484,36,6,Low,Dry,7733
19721,2024-06-05 18:57:32,London,Camden,162,81,0,Low,Wet,8099
13426,2024-03-20 14:33:42,London,Kensington,205,54,7,,Dry,2173
9325,2024-10-21 04:22:03,London,Southwark,311,-70,0,Low,Snowy,4300
10786,2024-06-12 04:58:45,,,2457,84,3,,Dry,8412
13752,2024-07-09 18:11:53,London,Chelsea,4446,48,8,Medium,Damaged,6262
11322,2024-01-10 05:12:57,London,Islington,384,56,2,Low,Wet,8983
9295,2024-02-21 06:55:12,,Kensington,3245,64,5,,Snowy,8310
17541,2024-09-01 15:10:45,London,Camden,3336,56,4,High,,1780
14435,2024-10-10 05:59:54,London,Islington,1341,63,1,Medium,Damaged,1296
9864,2024-11-20 23:17:13,London,Southwark,3348,43,2,Low,Wet,6471
14739,2024-04-15 08:52:14,London,Chelsea,3221,50,7,High,Damaged,373
9696,2024-06-28 23:20:58,London,Chelsea,3243,54,3,High,Snowy,7452
11477,2024-12-30 02:36:53,,Southwark,2178,23,3,Medium,Dry,6237
17798,2024-03-13 21:52:49,,Southwark,2075,67,0,,,4595
19507,2024-07-12 19:11:14,London,Camden,689,40,9,High,Dry,411
17805,2024-04-13 06:18:40,,Islington,230,17,7,,Snowy,1754
11208,2024-10-20 16:12:30,London,Camden,2047,49,2,High,Snowy,151
13402,2024-02-25 20:26:17,London,Chelsea,170,75,6,Medium,Snowy,9773
16533,2024-02-27 11:09:40,,Islington,4291,57,3,High,Snowy,3437
15870,2024-09-18 10:47:07,London,Chelsea,2657,32,9,,Dry,7235
18733,2024-01-25 04:33:43,London,Islington,3582,99,0,Low,Snowy,4589
19691,2024-10-25 02:24:52,London,Kensington,1430,23,8,Low,,6932
14371,2024-08-24 19:46:43,,Islington,3288,97,1,Low,Damaged,3756
19913,2024-01-20 21:41:38,London,Islington,1750,55,7,High,Dry,9352
16370,2024-03-22 23:16:37,,Southwark,4857,22,5,,Wet,8689
10130,2024-03-13 03:31:21,,Chelsea,1291,15,3,,Dry,5962
14453,2024-10-03 00:17:30,London,Islington,1851,42,2,Low,Dry,4524
19635,2024-05-11 02:43:02,London,Kensington,3295,56,4,Medium,Snowy,163
17205,2024-05-30 17:55:46,London,Camden,953,92,4,Medium,Wet,3595
18196,2024-06-14 09:01:15,,Southwark,3614,23,0,,Wet,486
10997,2024-06-19 17:59:22,London,,95,86,4,,,3504
19547,2024-01-18 00:55:11,,Camden,275,93,8,,,3741
16815,2024-06-14 22:55:58,,Islington,3574,20,9,,Damaged,4225
14803,2024-12-13 05:30:12,London,Kensington,4363,82,2,,Wet,2251
19720,2024-12-29 05:03:07,London,,2609,34,4,High,Dry,4458
9655,2024-03-29 23:03:53,London,Southwark,568,18,6,Low,Dry,1957
9497,2024-02-05 21:22:04,,Islington,4182,90,4,,Damaged,9796
17970,2024-10-08 11:45:27,London,Kensington,2273,-14,5,Low,Damaged,8520
19950,2024-09-19 13:33:21,,Kensington,919,83,9,Low,Dry,5569
19827,2024-02-11 20:05:59,London,,3707,52,4,High,Snowy,4506
14152,2024-11-27 21:34:13,,,4970,43,3,High,Dry,8766
11122,2024-08-07 23:05:15,London,Islington,3115,22,5,High,Snowy,4445
11375,2024-11-27 04:11:41,London,Chelsea,470,60,0,Medium,Dry,235
18417,2024-11-28 07:51:37,,Southwark,2320,-48,7,High,,4568
9788,2024-06-25 08:30:51,,Southwark,370,88,0,High,Damaged,8887
14264,2024-03-25 11:52:12,,Islington,1032,72,5,Medium,Snowy,7412
16211,2024-04-19 17:56:37,,Southwark,4202,23,1,Medium,Snowy,308
17689,2024-12-11 10:06:33,London,Chelsea,3784,66,6,Low,Dry,2534
12145,2024-08-17 15:36:51,London,,3276,10,2,Low,,6068
11504,2024-12-18 16:06:21,London,,3223,83,6,High,,1822
13016,2024-08-16 16:04:53,London,Islington,4795,50,2,,Wet,3012
12560,2024-03-30 22:49:15,London,Camden,2151,61,0,,Wet,7920
19177,2024-02-28 14:11:47,London,Camden,4066,22,1,,Snowy,4353
19878,2024-03-22 15:14:38,London,Kensington,1367,14,9,,Snowy,4749
14326,2024-06-19 17:20:44,,,3554,94,4,Low,Snowy,2239
17806,2024-12-29 08:25:18,London,,4162,91,2,Low,,3801
17341,2024-02-21 05:49:16,London,Chelsea,20,25,2,Low,,5652
18110,2024-09-24 17:56:18,,Chelsea,2897,26,2,Low,Damaged,5830
13475,2024-10-09 05:36:44,,Camden,2301,81,6,Medium,Wet,4106
9909,2024-04-18 18:54:56,London,Southwark,1354,93,5,Medium,,9448
12299,2024-08-11 08:56:56,London,Kensington,3757,60,7,,,9146
13407,2024-08-04 09:56:40,,Camden,4768,77,0,Medium,Dry,1084
14105,2024-11-25 08:21:35,London,Camden,4113,89,1,Low,Wet,8781
11002,2024-09-05 03:11:44,London,Southwark,1827,33,3,Medium,Damaged,9613
15436,2024-08-04 11:44:35,London,Kensington,2643,24,5,Low,Wet,1019
18249,2024-11-16 01:15:07,,Camden,2225,21,5,,Snowy,275
12438,2024-08-19 07:14:22,London,Islington,4380,56,8,Low,Damaged,2158
14764,2024-11-08 18:31:15,,Southwark,2618,-75,3,High,Wet,8049
14362,2024-01-05 17:24:52,London,Southwark,2453,40,6,Medium,Wet,1136
19725,2024-02-12 15:22:42,,Islington,2125,38,3,,Snowy,9560
11445,2024-01-22 16:57:19,,,54,51,2,Medium,Dry,7279
13139,2024-08-05 12:51:10,,Islington,2858,92,9,High,Damaged,1504
9018,2024-07-01 19:09:23,,Chelsea,4366,32,5,Medium,Dry,6151
16857,2024-10-07 09:13:36,London,Chelsea,2650,87,6,Low,Wet,2559
12306,2024-07-31 16:09:17,London,Camden,2126,73,3,Low,,5114
17934,2024-11-29 17:09:01,London,Kensington,1833,46,4,High,,3934
15033,2024-04-24 06:06:18,,Camden,2859,74,6,,Dry,2894
13548,2024-11-12 11:33:20,London,Chelsea,4049,29,6,Medium,Dry,8370
11317,2024-10-09 02:01:38,,Southwark,3900,23,0,High,,7214
9054,2024-08-27 15:35:40,London,Islington,3521,85,4,High,Damaged,6891
10319,2024-02-13 17:17:35,London,Islington,1078,55,4,High,Dry,5183
13493,2024-01-24 01:44:21,London,Camden,2853,43,2,High,Wet,9916
12256,2024-04-21 23:35:19,London,,245,27,1,,,2368
14385,2024-08-26 08:25:34,,Chelsea,1579,26,7,,Snowy,9225
13385,2024-08-17 12:03:26,London,Camden,3410,49,0,High,Snowy,3222
9205,2024-02-15 07:04:03,London,Islington,4366,18,5,Low,Snowy,2220
15206,2024-03-14 10:36:07,London,,2572,43,1,High,Dry,1050
13146,2024-10-30 15:02:23,,Chelsea,752,60,4,Low,Dry,5445
10609,2024-10-17 04:09:00,London,Southwark,2827,19,7,Low,Dry,4998
19845,2024-09-11 02:39:00,London,,4812,72,7,Low,Wet,4183
11133,2024-05-21 03:24:40,London,,3977,69,6,Medium,Dry,3910
11222,2024-01-07 13:13:48,,Kensington,4355,55,7,High,Snowy,8957
14748,2024-03-19 05:14:42,,Southwark,1713,48,9,Low,,8867
18311,2024-06-12 20:36:37,London,Kensington,973,62,7,,Damaged,544
10851,2024-05-25 11:13:13,,,914,62,1,Low,Dry,782
17910,2024-01-08 20:24:37,London,Chelsea,4431,58,6,,Wet,3279
18169,2024-09-06 07:25:11,London,,2852,61,6,,Damaged,1832
11691,2024-06-22 00:58:45,,Chelsea,3458,37,5,High,,9278
14286,2024-09-14 21:16:16,London,Islington,3688,11,6,,Wet,9229
12185,2024-11-08 21:41:11,,Kensington,4929,14,6,Low,Damaged,4557
19302,2024-04-27 10:54:33,London,,1533,23,7,Low,Snowy,9320
14001,2024-04-09 15:56:31,London,Kensington,400,48,8,High,Dry,9760
9777,2024-11-10 00:51:40,London,,2210,85,6,,,4509
11070,2024-12-13 03:47:38,London,Camden,2595,64,6,,Dry,799
13505,2024-12-03 10:18:25,London,Chelsea,3913,61,5,Low,Snowy,2465
16251,2024-11-11 11:39:16,,Islington,1279,42,0,Low,Dry,834
13453,2024-03-29 12:21:42,London,,2107,34,6,Low,Snowy,5103
15083,2024-07-09 01:43:51,,Kensington,2976,89,9,,Damaged,6530
9332,2024-10-22 03:35:40,London,Islington,139,43,0,Medium,Damaged,5154
17419,2024-07-23 12:35:25,London,Camden,3386,14,8,Low,Snowy,7028
12435,2024-12-17 03:09:10,,Southwark,4721,22,0,High,Damaged,979
18835,2024-11-15 10:44:30,London,Chelsea,3281,70,2,High,Snowy,5851
16878,2024-05-13 20:08:04,London,Camden,960,73,7,,Dry,5941
14662,2024-12-02 05:46:17,London,Islington,3214,58,5,Medium,,6253
15989,2024-05-19 21:23:33,London,,3060,79,9,,Dry,1172
11036,2024-07-19 16:18:22,,Chelsea,3723,61,6,High,Snowy,5212
9140,2024-04-02 11:27:56,,Southwark,957,14,0,High,,3933
13916,2024-01-04 22:33:30,London,Kensington,1487,42,0,,,9670
10364,2024-03-16 17:43:25,,Camden,898,10,8,Low,,7854
10194,2024-09-22 03:45:25,,Southwark,3823,26,3,Medium,Damaged,5595
10213,2024-07-21 07:48:22,London,,15,68,8,High,Dry,3076
17064,2024-03-05 22:51:43,London,Southwark,4679,45,1,Medium,Damaged,6546
10429,2024-11-12 12:44:31,,Kensington,1291,76,0,High,Wet,2821
15811,2024-11-16 21:19:28,London,Southwark,3387,46,8,Low,Dry,8971
18565,2024-02-06 03:38:24,,Southwark,802,30,6,Medium,,8423
10659,2024-02-22 15:08:43,London,Camden,432,57,5,,Damaged,477
19283,2024-10-01 09:49:26,,,4915,82,2,Medium,Wet,7533
12770,2024-11-30 10:55:42,,Kensington,4228,75,2,,Damaged,7607
14337,2024-10-17 14:33:06,London,Islington,3769,67,5,High,Dry,7263
14140,2024-07-27 16:36:23,London,Camden,3378,72,4,Medium,Dry,2386
12967,2024-10-10 03:20:14,London,Camden,4293,68,3,High,Snowy,3091
18989,2024-10-18 19:31:35,London,Chelsea,2616,46,1,Medium,Dry,7751
18678,2024-01-25 07:41:24,London,,3120,78,4,Low,Dry,1899
10558,2024-12-17 17:22:00,,Camden,3120,55,7,,Snowy,8499
18849,2024-04-12 19:16:00,,Kensington,664,35,1,Medium,Wet,9539
13677,2024-08-01 21:38:51,,Camden,1998,-31,7,High,,2047
16450,2024-10-04 23:48:15,London,Kensington,4729,78,9,High,Wet,714
16772,2024-04-21 02:05:44,London,Islington,1117,59,3,,Dry,9857
12507,2024-01-02 05:17:56,,Kensington,217,88,9,Low,Wet,1667
9462,2024-10-16 03:07:29,,Camden,4106,74,4,High,Wet,9141
15395,2024-05-19 00:04:20,London,Camden,128,64,8,Low,Wet,919
16555,2024-02-06 07:34:06,,Chelsea,3839,-88,1,,,559
15981,2024-01-27 06:56:52,London,,558,43,3,Low,Dry,3245
10606,2024-08-14 14:01:19,London,Southwark,1915,82,0,Medium,Wet,6062
17198,2024-11-09 22:50:53,,Southwark,2526,71,3,,Dry,1423
15974,2024-08-09 10:33:54,London,Islington,1445,-47,1,Medium,Wet,4839
10754,2024-03-07 18:19:27,,Islington,2220,36,6,,Damaged,4210
13129,2024-01-17 12:20:42,London,Chelsea,3081,96,7,Low,Damaged,6994
11424,2024-05-09 09:05:14,London,Chelsea,217,16,9,,Damaged,4480
15631,2024-02-25 22:59:30,London,Camden,2496,62,2,,,5094
16418,2024-09-18 21:47:05,,,3635,64,9,Medium,,5811
16450,2024-04-23 00:44:08,,Islington,390,51,1,Medium,Wet,1917
19648,2024-11-12 09:45:31,,Southwark,4293,45,9,Low,Damaged,1667
13942,2024-07-04 10:32:15,,Chelsea,3845,57,7,Low,Snowy,8925
17204,2024-02-09 17:22:14,,Camden,4436,76,7,,Snowy,4068
17570,2024-10-31 17:18:34,London,Camden,4482,97,7,,Snowy,7247
17423,2024-07-23 02:54:53,London,Southwark,2666,-68,0,,Damaged,9050
9264,2024-10-18 04:48:06,,Southwark,3201,-24,0,Medium,Dry,3941
10027,2024-05-11 06:06:14,London,,2222,79,1,,Wet,2630
12005,2024-10-01 16:51:56,,Islington,4332,75,3,Low,Snowy,1909
13423,2024-12-18 17:42:56,,,968,49,2,Medium,Dry,328
17160,2024-12-26 10:54:38,London,Camden,1551,53,0,,Damaged,1248
13320,2024-08-20 03:15:55,,Southwark,42,11,2,,Dry,7539
15326,2024-01-10 07:40:26,London,Islington,735,49,5,Medium,Damaged,6205
19836,2024-08-20 17:26:36,,Kensington,4060,18,6,Low,,7890
14665,2024-02-21 10:22:08,,Islington,220,33,3,Low,Snowy,4579
12118,2024-03-16 00:59:48,London,Southwark,2969,45,5,Low,,3391
13604,2024-10-28 12:29:15,London,Chelsea,4733,32,1,Low,Dry,9230
10183,2024-02-13 01:02:33,London,Islington,3364,53,1,,Damaged,5898
16314,2024-12-04 08:15:50,,Kensington,3620,10,7,,Snowy,1260
12370,2024-06-15 15:32:25,London,Chelsea,4854,93,2,,Wet,4768
18079,2024-06-13 21:00:10,,Southwark,445,97,3,,Damaged,6021
16762,2024-05-19 02:28:33,London,Chelsea,1903,22,2,,,7892
9234,2024-06-08 00:40:49,,,2257,18,0,High,Damaged,1265
17077,2024-02-23 02:21:21,,,45,-17,2,High,Snowy,4279
13123,2024-09-05 16:49:59,,Kensington,55,91,4,Low,Dry,819
15728,2024-01-01 04:16:47,,,3210,84,1,High,Wet,5555
14680,2024-05-03 23:28:14,,Chelsea,3850,45,9,Low,Wet,870
10439,2024-02-03 22:52:26,,Southwark,593,82,4,Low,,5902
9729,2024-12-12 04:56:57,London,Camden,331,19,5,,Snowy,9233
16252,2024-02-14 16:46:16,,,3358,16,2,,Wet,4001
11241,2024-03-17 04:21:56,London,Southwark,2465,37,7,Medium,Damaged,1960
13971,2024-04-20 00:40:33,London,Southwark,3465,49,9,Medium,,9751
13346,2024-08-22 16:18:54,London,,2697,65,7,,,2009
9912,2024-11-07 02:54:51,London,Southwark,1095,87,5,,Dry,1336
16927,2024-07-31 03:50:23,,Camden,2737,42,0,Low,Wet,7239
13720,2024-05-16 10:14:19,London,Kensington,890,95,6,High,Damaged,3684
10153,2024-10-20 10:18:05,London,Southwark,1085,66,1,Low,,6278
15651,2024-06-09 17:46:44,,Southwark,4781,17,2,High,Dry,3349
14957,2024-02-15 14:15:39,London,,1590,67,5,High,Wet,858
13200,2024-03-09 23:20:13,London,Islington,3544,12,5,High,Wet,1225
18013,2024-04-28 02:10:21,,Kensington,4710,65,5,Medium,Dry,3766
13635,2024-10-07 14:12:15,London,Chelsea,2637,50,0,Low,,8647
17232,2024-10-17 20:20:54,,,656,88,8,Low,Snowy,577
9178,2024-08-24 23:57:06,,,4120,98,1,,Dry,3390
9046,2024-10-17 05:22:42,London,Camden,4948,53,1,High,Snowy,4548
9991,2024-12-30 21:31:48,London,Chelsea,1298,93,3,Medium,Snowy,8695
18196,2024-08-11 18:59:51,,Camden,691,18,6,High,Snowy,3117
19535,2024-06-08 13:27:03,,Kensington,1353,16,0,High,,4178
16999,2024-11-21 02:47:08,London,Islington,2047,98,1,Medium,Wet,8538
16176,2024-07-18 17:41:05,,Chelsea,3195,-29,9,Low,Wet,209
12652,2024-05-23 18:19:01,,Islington,4399,31,0,High,Dry,5130
12617,2024-02-10 10:34:40,London,,4542,81,2,Low,Snowy,6144
15103,2024-08-17 22:07:29,,Chelsea,3115,64,4,Medium,Snowy,6222
13913,2024-12-30 23:26:59,London,Islington,1394,65,8,High,,2613
19969,2024-06-21 09:17:00,,Camden,3049,40,2,Low,Snowy,2234
17080,2024-05-25 09:45:14,,Camden,2310,25,7,Low,Snowy,9763
16848,2024-01-20 23:54:03,,Chelsea,1514,63,1,Low,Dry,9578
17111,2024-10-21 08:17:02,London,Chelsea,2888,19,5,High,Dry,3950
9382,2024-09-10 20:39:59,,,4416,35,9,High,Dry,332
10541,2024-09-24 17:15:58,London,,746,33,9,Medium,Wet,4593
19303,2024-12-23 21:24:31,,Islington,4534,60,4,Low,Wet,2459
13401,2024-03-14 22:07:29,,Chelsea,946,60,6,,Wet,7519
19879,2024-03-01 02:04:30,London,,4426,82,2,Medium,Damaged,5128
17104,2024-01-12 01:21:37,,Southwark,2125,75,8,High,,5786
19365,2024-08-12 21:11:33,,Camden,194,74,7,High,Dry,805
13410,2024-11-18 12:22:55,London,Chelsea,2764,-26,7,Medium,Wet,4333
12697,2024-09-20 12:52:00,London,Islington,1318,80,0,,Dry,8056
13838,2024-12-09 16:53:02,London,Southwark,2119,-28,8,Low,Snowy,2148
14680,2024-04-10 13:24:10,,Kensington,86,11,6,Medium,Damaged,250
17949,2024-07-24 14:32:38,,Chelsea,4754,59,3,,Damaged,3520
13368,2024-05-23 12:36:56,,Islington,1449,89,1,Low,Wet,5477
13368,2024-12-08 09:02:12,London,Chelsea,2626,36,3,High,Dry,9395
11990,2024-08-27 20:26:57,,Chelsea,134,67,1,Low,Damaged,2390
9325,2024-08-14 03:22:07,London,Chelsea,1272,20,6,Low,,6645
12177,2024-05-14 18:18:57,London,Chelsea,277,18,2,Low,Damaged,7984
12743,2024-03-09 21:44:28,,Kensington,2356,24,3,High,Damaged,1730
13013,2024-02-26 06:44:02,,Islington,1788,61,4,High,Dry,233
12025,2024-06-25 08:06:18,London,Kensington,438,85,2,,,8627
10339,2024-08-18 04:31:15,,,1601,93,6,Low,,778
9890,2024-03-22 04:50:18,,Southwark,1354,20,6,,Wet,1045
19100,2024-09-09 04:39:41,London,,4432,81,7,,Damaged,366
19307,2024-06-21 15:27:01,London,Camden,3438,21,0,High,,3602
12903,2024-03-10 02:16:58,London,Kensington,1458,89,3,Medium,Damaged,9260
10059,2024-01-10 11:51:08,,Southwark,1828,77,2,,,7700
11140,2024-07-30 20:28:22,,Camden,3614,97,7,High,Wet,3856
13402,2024-09-17 21:26:00,,,742,56,8,Low,Wet,2088
14381,2024-10-28 02:33:17,,Chelsea,1345,78,2,Medium,,5597
13866,2024-08-29 03:01:25,London,Chelsea,2665,34,4,Medium,Damaged,4937
15045,2024-10-09 13:21:08,London,Kensington,3760,19,7,,Snowy,2375
9867,2024-08-07 01:30:09,,Kensington,1194,53,5,,Snowy,6652
18850,2024-02-24 20:36:48,,Chelsea,4889,56,4,,,673
9941,2024-05-16 15:13:27,,Kensington,46,20,6,,Dry,4238
17931,2024-05-19 04:20:02,,Southwark,336,65,8,Low,Damaged,2105
13329,2024-06-15 16:03:44,,Chelsea,4144,83,4,Medium,Dry,3141
19977,2024-11-19 20:40:43,London,Southwark,1267,11,4,,Damaged,4621
15423,2024-08-01 14:10:38,London,Kensington,67,66,6,Medium,,3917
18329,2024-02-15 10:33:16,,Kensington,3306,39,7,High,Wet,5095
16590,2024-07-11 12:22:29,London,Chelsea,4184,39,8,,Dry,6728
10022,2024-07-20 22:16:09,London,,4450,39,4,,Wet,1675
10836,2024-08-15 12:34:17,London,Camden,2808,39,7,Low,Dry,8004
19003,2024-02-27 20:39:42,London,Islington,4757,28,9,Medium,Wet,7409
16835,2024-07-17 19:27:16,,Kensington,2963,97,3,Medium,,7366
11949,2024-01-30 13:50:07,London,Chelsea,3807,77,1,,Wet,4075
10904,2024-01-01 09:47:32,London,Chelsea,3468,12,6,High,Dry,2400
12723,2024-05-24 15:34:02,,Chelsea,293,71,1,Medium,Damaged,1380
12304,2024-09-17 03:30:40,,,1430,21,0,High,Dry,921
13720,2024-06-06 06:30:31,,Camden,985,71,4,,Wet,5330
13395,2024-07-03 22:21:27,,,3056,22,7,Medium,Wet,6720
13808,2024-01-12 18:11:11,London,Camden,3306,61,9,Medium,Snowy,4656
11734,2024-01-30 00:13:54,London,Chelsea,4164,79,8,High,Dry,9663
19658,2024-10-03 08:35:38,London,Kensington,1987,89,0,Medium,,2412
16001,2024-08-01 17:46:52,,Chelsea,2020,68,1,High,Snowy,9195
15563,2024-01-17 20:12:34,London,Chelsea,4266,-99,4,High,Dry,4290
18219,2024-01-31 19:01:33,London,Southwark,4583,75,0,High,Snowy,1403
18332,2024-10-23 12:03:53,London,Southwark,3726,13,4,Low,Damaged,876
13275,2024-10-05 21:14:14,London,Kensington,1146,21,7,Low,Damaged,4138
10191,2024-05-29 00:18:18,London,Southwark,2,-22,7,Medium,Snowy,5570
14401,2024-09-26 20:20:21,,Southwark,954,55,7,High,Damaged,5910
15173,2024-04-28 08:03:00,,Southwark,2513,41,7,,Snowy,8179
10503,2024-08-31 02:26:19,London,Islington,3352,67,0,Medium,,483
17679,2024-05-30 20:57:39,London,Camden,1187,97,7,High,Snowy,1825
13054,2024-03-01 06:17:28,London,Kensington,128,55,7,High,Dry,6790
18017,2024-01-31 12:40:01,London,,3189,89,7,High,Dry,7335
10676,2024-01-19 04:56:36,,Islington,2211,64,4,High,Wet,9594
10366,2024-07-30 08:12:58,,Chelsea,1253,96,2,Low,Wet,9265
10279,2024-08-22 12:12:10,,Chelsea,4331,59,6,Medium,,3583
16659,2024-01-02 17:27:50,,,858,10,2,Low,Wet,6953
12429,2024-03-22 06:00:28,London,Chelsea,4865,70,4,Low,Dry,8061
15400,2024-02-07 18:36:11,,Chelsea,117,97,6,Low,Snowy,4561
16418,2024-08-03 23:11:17,,Kensington,1576,62,9,,Wet,7353
9164,2024-09-28 19:27:01,,Southwark,4548,96,6,High,Dry,3103
13337,2024-02-20 10:10:30,London,Islington,2561,25,5,,Wet,3562
15767,2024-11-30 11:15:40,London,Kensington,1111,48,0,Low,,1404
14078,2024-06-10 23:03:11,London,Chelsea,4998,65,1,Low,Wet,4361
10365,2024-01-11 10:08:57,,Kensington,3224,37,8,,Wet,6332
15132,2024-10-14 02:56:29,London,,703,35,6,High,,8818
10927,2024-05-24 06:46:56,London,,3611,21,9,Medium,Dry,3978
15979,2024-02-21 15:38:03,London,Kensington,487,24,8,Medium,Snowy,6624
9284,2024-08-22 16:08:10,London,Islington,3235,18,3,Medium,Damaged,7930
13678,2024-06-18 02:29:33,London,Camden,3888,29,5,Low,Damaged,4216
9168,2024-06-02 09:23:51,London,Camden,4589,45,6,Low,Snowy,4643
17934,2024-10-12 21:01:19,London,Camden,293,84,9,Low,Dry,2185
17120,2024-08-24 13:57:29,,Kensington,3047,48,2,Low,Wet,4688
15079,2024-07-29 12:11:35,London,Camden,2316,40,0,High,Dry,4676
13166,2024-04-17 21:46:39,,Kensington,4489,69,1,,Snowy,7464
17185,2024-08-02 22:04:22,London,,4987,-26,2,High,Damaged,4111
10323,2024-05-25 05:29:01,,Islington,1241,46,9,High,Snowy,2544
19902,2024-10-13 03:23:05,London,Kensington,777,65,5,Medium,Dry,8965
17106,2024-10-10 02:18:54,,Islington,1145,92,7,Low,Dry,4530
16649,2024-01-01 20:55:19,London,,944,28,8,Medium,Snowy,5838
11984,2024-11-04 09:45:03,London,Kensington,1589,77,9,Medium,Dry,3833
16682,2024-07-02 21:29:32,London,Chelsea,3009,80,2,Low,Damaged,2702
16739,2024-03-21 18:45:10,London,Chelsea,2661,92,2,Medium,,8017
12830,2024-06-01 11:58:18,London,Southwark,3898,12,2,Medium,Dry,4976
16754,2024-07-19 08:50:52,,Islington,1891,79,9,,Wet,3999
13615,2024-11-14 17:33:34,,,2258,14,0,Medium,Wet,1503
19981,2024-08-19 22:04:24,,Southwark,1372,34,5,Medium,,5203
9689,2024-10-21 08:04:46,,Southwark,4083,59,8,Medium,Snowy,1028
11494,2024-11-22 10:07:09,,,4680,52,9,Medium,Dry,3545
16260,2024-06-11 23:48:54,London,Kensington,3970,62,8,,Wet,6142
12591,2024-05-26 16:14:32,,Chelsea,3814,22,5,,Wet,768
9538,2024-05-11 07:18:30,,Kensington,3532,60,1,Medium,Snowy,3851
11929,2024-10-07 21:51:40,London,Southwark,2108,34,8,,Damaged,3213
15652,2024-03-30 00:46:04,,Southwark,2076,17,2,Medium,Damaged,9403
11599,2024-09-04 14:00:44,London,Camden,3338,87,3,High,Snowy,8708
11632,2024-02-04 01:30:35,,Kensington,39,56,2,High,Wet,9944
14102,2024-04-01 03:50:05,London,Chelsea,4858,81,9,Medium,Snowy,679
12343,2024-06-12 21:31:41,London,Southwark,899,77,4,Low,Dry,1021
14899,2024-03-26 17:16:01,,Kensington,81,33,9,High,Damaged,1904
18069,2024-03-01 13:33:07,London,Kensington,2444,58,1,Low,Damaged,5341
15555,2024-06-13 13:23:42,London,Chelsea,2823,21,3,Low,Wet,7570
15479,2024-05-29 15:00:29,,Islington,1961,30,2,Medium,Damaged,6477
9563,2024-08-22 17:43:42,,Chelsea,3098,28,3,Medium,Wet,5042
19982,2024-02-17 01:35:41,London,,49,39,6,Medium,Wet,302
16005,2024-12-23 23:47:54,London,Southwark,1001,86,0,High,Dry,9777
12475,2024-11-30 00:14:45,London,,2593,38,0,,Damaged,2870
16398,2024-12-17 18:31:35,London,Kensington,1219,29,3,Medium,Wet,9437
9349,2024-05-28 12:10:25,London,Kensington,136,68,6,High,,6752
19107,2024-02-19 02:33:59,London,Chelsea,1891,96,5,Medium,Dry,9559
13029,2024-10-29 15:42:10,,,4339,86,2,High,,7808
14422,2024-07-01 17:32:08,,Chelsea,2659,53,9,Low,Damaged,663
18465,2024-05-06 03:31:58,,Chelsea,3471,48,9,,Wet,7772
10967,2024-07-20 07:45:11,,Kensington,1376,65,2,High,,8390
12517,2024-10-17 08:54:26,,,3124,40,0,Medium,,2347
15272,2024-09-19 05:45:17,,Chelsea,952,11,8,Low,,1223
9089,2024-10-18 22:00:56,London,Kensington,1034,65,3,Low,Wet,6269
10278,2024-09-14 17:22:37,London,Camden,1768,82,0,Medium,Damaged,6758
19209,2024-02-07 22:38:08,,Kensington,2824,90,2,Low,Dry,742
11278,2024-06-20 13:03:27,,,697,90,8,Medium,Wet,3258
11113,2024-05-03 04:22:40,London,Camden,2455,30,8,Medium,,4204
9785,2024-07-17 12:14:46,,Southwark,3415,47,1,High,Damaged,5022
15937,2024-03-20 11:06:32,,Southwark,3890,27,3,Medium,Damaged,3143
17978,2024-02-19 23:49:24,,Southwark,578,83,2,,Snowy,4786
17338,2024-06-25 19:19:46,,Southwark,1468,14,0,High,,2132
15151,2024-09-16 21:03:34,,Camden,1354,55,0,High,,268
9948,2024-05-21 18:04:44,,Kensington,2871,63,1,High,Damaged,163
15877,2024-04-22 13:44:19,,Southwark,4028,62,3,Low,Damaged,4125
9976,2024-01-01 05:31:07,,Islington,4464,54,2,Low,Wet,6021
15735,2024-11-07 21:48:55,,,2444,14,2,Low,Damaged,1714
10205,2024-09-05 08:28:30,London,Chelsea,3904,77,9,Low,Snowy,2732
9153,2024-07-17 14:23:42,,Kensington,846,69,9,,Dry,993
17818,2024-09-11 11:31:15,London,Chelsea,2119,16,2,Medium,Wet,8133
19479,2024-08-22 23:13:50,,,1429,17,6,,Wet,7563
10546,2024-03-28 23:03:11,London,Southwark,544,81,9,Medium,Dry,260
9391,2024-04-17 12:45:20,,Islington,1455,65,8,Medium,,9665
9303,2024-06-13 13:33:43,,Southwark,4885,95,5,,Dry,2518
12264,2024-12-01 13:22:28,London,,3683,20,1,,Wet,6216
12554,2024-04-24 20:31:37,,Chelsea,4591,31,8,Low,Snowy,7230
19252,2024-10-25 14:29:50,,Kensington,280,62,2,Low,Dry,4254
12738,2024-01-17 05:17:24,London,Camden,3761,70,1,Low,Damaged,5104
12734,2024-03-01 04:47:54,,,4917,41,1,Medium,,380
10041,2024-10-04 18:02:45,London,Kensington,527,69,3,Low,,6271
14561,2024-08-04 03:55:40,,Kensington,2237,50,8,Low,Wet,3742
9868,2024-05-04 08:15:35,London,Islington,2678,20,8,High,Damaged,8565
19214,2024-10-12 18:37:42,London,Chelsea,3321,62,2,,Damaged,1758
11378,2024-01-06 15:04:59,,Camden,1775,70,7,Low,Snowy,942
13541,2024-02-05 19:34:26,,,2456,13,0,,Snowy,1455
9444,2024-05-18 04:27:45,London,Southwark,930,52,9,,,7273
11986,2024-01-16 13:01:59,London,Islington,1174,56,5,,Damaged,2224
19635,2024-01-13 22:57:05,London,Chelsea,868,82,9,Medium,Damaged,4429
17532,2024-01-13 04:18:33,,Islington,278,55,5,High,,7361
16572,2024-08-21 18:29:37,London,,3139,71,6,,Damaged,1529
17769,2024-07-03 14:28:49,,Kensington,1092,94,3,High,Snowy,9458
9310,2024-08-14 15:20:04,London,Southwark,1215,39,7,Low,Wet,7168
9879,2024-04-17 19:29:05,London,Islington,1021,27,9,High,Wet,6156
13345,2024-11-25 23:29:31,London,Islington,1442,31,5,Low,Damaged,3243
15352,2024-06-29 00:30:46,London,Southwark,2489,17,3,Medium,Wet,9838
10953,2024-09-07 00:20:06,,Southwark,3636,-61,8,High,Damaged,6319
17224,2024-08-04 05:04:09,,Islington,4734,73,3,,Dry,4854
15252,2024-02-22 13:56:22,,,2157,94,2,Low,,2507
9305,2024-01-03 19:10:50,London,Camden,2235,87,1,Low,Dry,9794
12243,2024-11-27 11:44:47,London,Southwark,349,26,8,Medium,Damaged,935
16773,2024-10-07 04:44:05,London,Southwark,4172,10,9,Low,Wet,5382
16201,2024-06-18 05:37:39,London,Southwark,1338,13,4,Medium,,4326
16819,2024-04-03 21:41:02,London,Kensington,1948,51,1,Medium,Damaged,7997
16411,2024-11-13 13:44:10,London,Islington,4062,27,8,Medium,Wet,225
9556,2024-11-01 15:35:29,,Kensington,1618,89,0,,Snowy,2481
13941,2024-10-12 12:41:49,,,3654,35,6,,Wet,9862
16562,2024-01-04 03:13:03,London,Kensington,3508,71,9,,Wet,7286
15367,2024-07-17 04:39:06,London,Southwark,3226,60,2,High,Wet,1441
12674,2024-03-05 21:42:44,,Southwark,756,85,1,Medium,,3457
15762,2024-06-10 08:51:38,London,Chelsea,4779,76,2,High,Wet,5211
12471,2024-02-12 05:20:44,,,532,59,4,,,3124
15877,2024-03-27 20:04:47,,Kensington,991,99,7,,Damaged,1645
10607,2024-07-30 13:05:46,London,Islington,2970,63,1,Medium,Wet,9063
13838,2024-12-29 02:33:59,London,Camden,2584,34,5,High,Snowy,3167
17346,2024-12-20 23:56:04,,,3359,-17,8,Low,Snowy,3688
18365,2024-11-28 18:01:26,,Islington,3156,39,0,Low,Wet,137
10521,2024-06-15 04:49:38,London,Southwark,3511,89,2,Low,Damaged,9664
14104,2024-01-02 19:27:35,London,,2760,91,5,Low,Snowy,9150
13086,2024-04-13 17:43:30,London,,4984,22,3,Medium,,3719
13928,2024-03-09 09:34:26,London,Chelsea,3963,45,3,High,Dry,2893
15094,2024-12-03 14:49:15,London,Camden,4001,78,8,,,8935
17225,2024-10-16 22:55:02,,Southwark,566,79,5,High,Snowy,598
16246,2024-11-01 09:30:43,London,Kensington,2791,71,7,Low,,7592
18945,2024-10-11 16:53:05,,Kensington,1503,94,3,Low,Wet,7118
17917,2024-12-07 04:32:48,London,Islington,4598,44,3,Medium,Wet,7090
18342,2024-09-19 15:56:35,,Southwark,2129,34,1,Low,Damaged,3339
12138,2024-06-10 23:59:11,,,1936,38,8,,Wet,7209
12094,2024-02-18 10:52:52,,Chelsea,4359,40,3,,Wet,9699
14243,2024-09-04 13:35:03,,Chelsea,4627,73,3,Low,Dry,903
12859,2024-12-20 17:53:28,,,2439,56,6,,Dry,1996
12542,2024-09-25 14:47:08,London,Islington,3333,45,0,,Dry,3880
13973,2024-08-23 08:14:07,London,Southwark,2333,34,8,,Snowy,4752
19151,2024-08-19 19:57:25,London,Kensington,333,34,1,Medium,Dry,5478
10196,2024-02-08 23:45:36,London,Chelsea,4884,30,6,Medium,Dry,3589
16867,2024-01-17 17:07:11,,Camden,1289,79,1,Low,Wet,723
14964,2024-08-17 13:17:00,,Islington,1659,62,4,Medium,Wet,1442
16117,2024-07-28 20:02:02,,Southwark,519,52,9,Medium,Wet,1272
17590,2024-08-10 11:50:04,London,Camden,1693,79,3,Low,,2247
16170,2024-06-11 11:45:45,,Southwark,4243,44,1,High,Wet,2322
9782,2024-02-09 21:33:01,London,,1309,48,3,,,5066
11660,2024-08-03 07:18:25,London,Islington,943,83,9,,,6562
18045,2024-06-28 05:57:01,London,Kensington,1328,28,8,Low,,3514
12400,2024-04-14 20:34:47,,Islington,436,33,4,Low,Damaged,8628
19017,2024-10-04 16:30:30,London,,3132,51,0,,Snowy,6642
17820,2024-02-23 07:58:16,London,Islington,2258,85,0,High,,3971
12547,2024-08-24 14:42:23,,Islington,452,50,1,High,Dry,5791
14403,2024-10-10 08:34:28,London,Islington,2767,83,3,High,Wet,5936
10228,2024-12-06 18:42:10,London,Southwark,1664,17,9,Low,Dry,3207
18689,2024-07-22 16:42:35,,,2728,10,8,Low,Snowy,6238
17509,2024-11-27 13:24:26,London,Southwark,792,56,5,,Damaged,4860
15823,2024-09-17 05:37:24,London,Southwark,3100,21,7,Low,Damaged,7868
10486,2024-05-24 00:32:22,London,Kensington,1027,71,4,High,Damaged,1916
19228,2024-02-20 14:54:37,London,Chelsea,503,32,1,,Wet,8673
15139,2024-08-27 20:58:44,London,Islington,1220,64,2,High,,475
13214,2024-06-01 00:21:24,London,Chelsea,1343,31,5,,Wet,5703
12118,2024-10-04 01:28:21,,Islington,3162,36,5,Medium,Dry,9273
9994,2024-04-08 18:32:02,,Southwark,1644,62,4,,Wet,6330
15421,2024-11-26 17:50:02,,Chelsea,460,42,5,Medium,Dry,5327
13244,2024-01-11 02:27:50,,Southwark,4029,33,4,Low,Damaged,2008
13820,2024-07-11 19:46:49,London,,4397,76,0,Medium,Dry,3713
10183,2024-02-23 22:41:39,London,Camden,1170,81,9,,Dry,6501
14122,2024-06-15 05:35:06,London,Southwark,3231,38,4,,Snowy,2120
13751,2024-02-06 12:08:52,,,376,46,3,,Damaged,8993
13607,2024-03-06 04:11:15,,Camden,4433,61,7,Medium,Damaged,1284
16328,2024-10-08 17:05:01,,,4264,87,6,,Dry,9424
10625,2024-11-04 14:30:17,,Camden,3868,98,4,,Dry,1541
18353,2024-02-28 12:48:27,London,Southwark,4351,82,5,,,618
19088,2024-07-29 14:29:18,,Chelsea,2747,89,0,Low,Damaged,858
16634,2024-11-05 19:39:40,,Southwark,4877,53,7,Low,Wet,5422
18526,2024-02-12 12:20:52,,Camden,4804,42,7,Medium,,6850
11437,2024-05-24 02:49:49,,Chelsea,1075,34,5,Low,Dry,286
14365,2024-10-25 18:37:36,London,Chelsea,1832,74,9,Medium,Snowy,8193
13874,2024-04-20 16:25:24,,Camden,1147,48,9,High,Dry,5042
10193,2024-07-02 22:43:34,London,Kensington,527,67,5,Medium,Wet,9853
18819,2024-11-23 22:41:47,,,2737,26,6,,Damaged,9924
12066,2024-06-27 21:16:27,London,Islington,4516,27,6,,Snowy,7043
12210,2024-02-18 13:31:55,London,Islington,468,23,1,High,Snowy,8106
10951,2024-08-24 01:24:42,London,Chelsea,1167,85,3,Low,Dry,9592
13581,2024-10-12 17:55:06,London,Kensington,1329,35,4,Medium,Snowy,2577
18302,2024-04-30 11:53:01,London,Southwark,4036,66,7,Low,Damaged,6425
17360,2024-11-29 13:46:25,London,Chelsea,4856,66,6,Medium,Snowy,1863
12597,2024-07-20 01:28:01,,Chelsea,3144,94,4,High,Snowy,257
19732,2024-02-25 01:53:41,London,,4533,59,0,,Dry,9349
16765,2024-10-31 19:11:44,,Islington,6,11,0,High,Dry,927
12173,2024-08-12 00:21:54,,,887,89,6,Low,Snowy,5101
14643,2024-02-17 17:39:12,,Kensington,1875,41,7,Low,,4217
9907,2024-01-21 09:33:46,London,Kensington,1374,15,6,High,Dry,3475
17822,2024-05-12 22:18:42,,Islington,1325,59,8,Medium,Wet,1518
19434,2024-10-23 12:11:13,London,,4487,28,9,High,Wet,5828
11548,2024-11-28 21:14:14,,Southwark,1654,11,3,High,Dry,8115
15257,2024-09-07 05:20:12,London,Camden,3517,73,4,Low,,970
12220,2024-02-25 07:47:02,,Southwark,1601,80,9,High,Dry,8942
14052,2024-06-06 11:39:41,London,Islington,3570,22,7,,,8518
12748,2024-03-16 00:52:42,,Southwark,4634,83,7,Low,Wet,3422
12204,2024-10-25 07:41:23,London,Southwark,1147,21,3,,Wet,4122
17331,2024-03-08 06:01:43,,Islington,1761,93,8,Medium,Wet,1370
17334,2024-03-18 07:05:04,,Kensington,3897,70,9,,Wet,2734
16417,2024-06-24 06:19:39,,,742,96,8,Medium,Damaged,2633
16545,2024-12-15 12:32:13,,Southwark,4554,95,3,High,Damaged,4296
14796,2024-06-04 12:55:31,,Kensington,2813,64,0,Medium,Snowy,9300
15624,2024-04-04 13:10:10,London,Southwark,41,38,2,Medium,Snowy,8761
10940,2024-11-02 16:54:41,,Camden,874,37,8,Medium,Dry,4927
16889,2024-08-31 21:54:55,,Camden,3588,20,9,Medium,Wet,1470
19046,2024-10-25 19:05:34,London,Camden,4806,81,4,High,Damaged,1408
19843,2024-05-30 08:47:29,London,Camden,2905,85,9,Low,,1985
14401,2024-02-18 02:22:55,London,,3519,71,7,,Snowy,5031
19436,2024-06-17 12:49:07,,Chelsea,3632,35,1,High,Damaged,1176
15029,2024-08-28 03:55:22,London,Kensington,192,38,7,,Damaged,1654
16483,2024-09-22 19:32:16,London,Chelsea,2041,98,1,High,,9197
18173,2024-02-19 06:59:34,,Islington,3724,63,5,High,Damaged,9186
18833,2024-07-16 11:42:31,London,,1720,72,3,,,7417
17448,2024-06-23 05:18:20,,Islington,4773,16,4,,Damaged,1007
12831,2024-10-05 16:56:54,,,1159,15,2,Medium,Dry,5384
16280,2024-05-21 15:43:41,London,Kensington,2725,86,4,Low,Dry,3624
16119,2024-02-24 18:53:13,London,,4091,57,7,High,Snowy,1291
17707,2024-05-09 17:40:11,,Kensington,71,65,1,Medium,,2201
16028,2024-04-13 20:27:53,London,Southwark,3267,81,2,Low,Wet,2085
16750,2024-10-07 14:12:37,London,Islington,3315,51,7,,Damaged,542
16065,2024-05-12 05:55:08,London,Islington,60,36,1,High,Snowy,9360
13688,2024-07-27 22:37:07,,Chelsea,6,47,6,High,Wet,5565
10526,2024-07-12 15:05:35,London,Southwark,3443,36,0,High,Snowy,427
14963,2024-04-14 00:58:23,London,Camden,2650,58,2,,,3294
17037,2024-05-02 21:50:25,,Islington,1178,92,1,Medium,Snowy,6671
11135,2024-05-25 04:14:45,,Kensington,1117,92,8,High,Dry,2023
11486,2024-09-14 05:27:00,,Kensington,4204,21,2,Low,Dry,1289
17774,2024-05-11 05:43:42,,Kensington,852,45,6,High,Damaged,3800
19480,2024-09-20 00:24:08,London,Chelsea,1996,24,8,High,Dry,3669
13252,2024-05-13 10:14:58,,Southwark,1921,75,4,Medium,Wet,6449
19358,2024-04-25 04:57:54,,Camden,3680,70,8,Low,Snowy,3205
18644,2024-04-03 04:30:26,,,2643,11,4,High,Snowy,3181
15115,2024-02-06 14:25:20,,,2494,62,6,Low,Dry,7148
11113,2024-08-11 11:24:23,,Chelsea,3601,-46,4,High,Damaged,9986
11665,2024-12-14 02:58:29,,Kensington,3430,70,9,,Snowy,6318
13001,2024-01-10 17:26:45,,Kensington,2706,30,9,,Damaged,5414
9983,2024-07-13 20:46:13,,,4744,53,3,Low,Snowy,7570
10588,2024-02-05 22:53:04,London,,1084,58,6,Low,Dry,8388
15620,2024-07-02 16:19:58,London,Chelsea,4140,76,2,High,,9808
17869,2024-02-04 18:35:17,,Islington,4252,73,8,Medium,Wet,9946
15854,2024-10-05 11:36:47,London,,3390,81,2,Medium,Damaged,9292
12241,2024-10-22 08:36:18,London,Camden,4689,71,5,High,Dry,792
10687,2024-06-29 14:23:51,London,Camden,978,53,4,,Dry,2398
15332,2024-10-10 23:32:52,London,Islington,62,94,3,Medium,Damaged,7731
12884,2024-10-01 03:37:24,,Camden,3236,22,3,,Wet,608
13787,2024-05-11 07:13:50,London,Islington,4687,74,5,Low,Wet,7453
10885,2024-10-10 15:47:10,London,Islington,2173,60,7,Medium,,165
13089,2024-12-30 17:01:08,London,Camden,4639,-15,2,,,8880
17730,2024-05-19 00:11:18,,Islington,2502,34,8,,Snowy,9121
11682,2024-02-08 06:22:48,,Islington,771,-15,8,,Damaged,8209
19289,2024-09-09 03:29:33,,Islington,2150,20,6,High,Wet,9575
14678,2024-02-13 21:21:25,London,Chelsea,2762,-44,6,Medium,Snowy,1920
18114,2024-03-24 20:35:22,London,Islington,3468,27,8,Low,,2795
13615,2024-02-12 09:43:16,,Islington,4789,88,6,,Dry,4002
19782,2024-08-09 05:42:40,London,Chelsea,3608,12,2,High,,4788
19876,2024-11-11 03:03:25,London,Southwark,3235,57,8,,,7048
17423,2024-06-04 21:12:19,,Camden,1897,79,2,Medium,,3328
10385,2024-08-02 20:49:48,,Chelsea,1535,99,8,Medium,Wet,5298
14737,2024-09-06 02:45:34,,Kensington,1806,81,4,Medium,Damaged,7395
15153,2024-02-08 17:57:36,London,,866,82,0,Low,Snowy,2413
12320,2024-05-07 00:23:54,London,Southwark,3272,38,4,High,Damaged,2360
17786,2024-11-13 23:53:28,London,Southwark,2434,50,7,Medium,Damaged,1931
15026,2024-11-19 10:54:57,London,Chelsea,3322,50,2,High,Snowy,4838
10371,2024-04-30 15:03:25,,,119,90,3,Medium,Dry,2715
12185,2024-02-27 13:54:16,London,,2453,16,9,Low,Snowy,413
13633,2024-08-01 21:06:49,London,Southwark,3946,60,7,,Wet,7224
12644,2024-10-29 00:47:35,London,Chelsea,3531,56,9,Low,Damaged,7458
14294,2024-07-08 10:32:59,,,1644,62,1,Medium,,8090
12104,2024-12-09 15:59:07,,,4426,66,9,,Damaged,1301
16812,2024-03-11 09:55:53,London,Kensington,2958,41,5,Medium,Snowy,3973
14691,2024-04-16 07:25:41,London,Chelsea,2223,91,6,Low,,5914
9763,2024-06-05 20:05:34,London,Kensington,4937,26,8,Low,Snowy,2656
15787,2024-10-29 02:13:20,,Southwark,3117,45,7,,Snowy,9665
12890,2024-02-20 16:10:06,London,Chelsea,3888,44,3,High,Wet,9995
13049,2024-07-31 04:39:24,,Chelsea,879,76,0,Low,Dry,5000
13838,2024-09-01 22:21:18,,Camden,3362,57,4,High,Snowy,3839
15974,2024-11-18 11:57:47,London,Southwark,1169,92,4,High,,6670
13744,2024-03-08 15:20:04,,Camden,3987,49,1,Low,Snowy,3422
15505,2024-01-10 04:29:33,,,317,15,8,High,,681
12209,2024-04-14 23:15:38,London,Kensington,1698,83,3,Low,Wet,7612
15586,2024-07-19 09:05:12,,Chelsea,3709,24,5,Low,Snowy,3404
11322,2024-07-19 18:30:36,,,4532,12,1,Medium,Damaged,3868
10098,2024-10-22 07:40:14,,Islington,1155,47,5,,Wet,838
13581,2024-05-06 03:45:28,London,Chelsea,2430,33,9,,,700
18666,2024-05-31 02:24:55,,Camden,3663,54,1,High,Damaged,5350
14172,2024-03-08 19:01:51,,,2867,49,2,High,,6046
10402,2024-07-17 17:22:20,,,2728,35,6,High,Damaged,7804
19762,2024-12-03 02:06:51,London,,677,86,7,,,2140
12768,2024-10-28 08:30:46,,Kensington,3674,45,4,Medium,Snowy,9743
19176,2024-03-23 09:41:39,London,Islington,1287,29,0,Low,Snowy,2396
11666,2024-06-17 05:58:55,London,Islington,3374,37,0,Low,,7634
15789,2024-12-17 03:57:20,London,Southwark,4610,78,5,Medium,Wet,1253
19640,2024-06-10 09:08:27,,Southwark,2728,43,0,,Wet,9093
12527,2024-06-15 13:04:36,London,Camden,3549,95,7,,Dry,7433
19917,2024-06-20 05:26:19,London,Islington,252,12,7,Low,,2472
16741,2024-12-22 05:19:03,,Islington,3550,23,4,,Dry,8951
10818,2024-02-01 10:21:08,,Chelsea,1707,54,2,Low,Damaged,9576
17207,2024-07-03 07:32:30,,Kensington,2709,64,0,Low,Damaged,9139
12381,2024-02-15 01:54:59,London,Southwark,2541,28,8,,,6791
9239,2024-04-28 04:38:40,,Southwark,3353,92,9,Medium,Damaged,1374
14443,2024-05-25 04:07:23,,Southwark,1858,89,3,Medium,Dry,1636
9714,2024-12-17 03:18:44,London,Chelsea,2509,58,2,,Dry,2560
13644,2024-02-13 04:59:30,London,Kensington,2959,35,5,Medium,,6228
18540,2024-01-29 06:22:37,,Islington,3124,86,9,,Wet,6034
12902,2024-08-13 01:51:41,London,Camden,710,19,1,Medium,Wet,1703
13006,2024-04-13 00:37:40,London,Camden,4717,58,5,Medium,Damaged,8735
11952,2024-02-10 14:53:20,London,Camden,494,18,3,,,4002
9423,2024-06-23 09:11:32,London,Southwark,4595,28,7,High,Snowy,6540
9851,2024-05-23 23:32:14,,Chelsea,4483,-15,1,High,,2622
10839,2024-02-11 08:39:17,London,Islington,2836,79,7,Medium,,4486
11015,2024-02-12 11:40:18,,Chelsea,639,27,4,,Damaged,5437
14051,2024-02-02 15:22:58,London,Islington,1929,90,9,,Dry,5447
14900,2024-06-23 17:51:59,London,Chelsea,4977,43,1,High,,8674
16781,2024-06-20 17:15:49,London,Southwark,4870,78,6,Medium,Wet,3103
19684,2024-11-27 02:38:36,London,Southwark,4992,37,1,Low,Damaged,2472
18251,2024-12-01 00:12:45,London,Kensington,2800,18,3,,Snowy,9283
19323,2024-04-15 21:06:13,London,Islington,3954,22,8,Medium,Dry,5363
11302,2024-12-24 22:16:39,London,Kensington,368,39,8,Medium,Wet,3850
11861,2024-02-26 15:37:46,,,59,70,9,High,Dry,7332
9545,2024-06-08 03:37:19,London,Kensington,1281,57,2,Low,Damaged,6789
9998,2024-04-09 08:19:09,,Camden,4916,99,7,Medium,,4973
17195,2024-02-29 03:27:33,,Southwark,1368,44,7,,Damaged,4291
14385,2024-03-04 10:49:57,,Kensington,3554,48,6,Medium,Dry,4756
12558,2024-05-15 05:32:47,London,,2906,96,7,Medium,Snowy,5133
11412,2024-02-20 02:21:02,London,Kensington,3386,17,9,Medium,Damaged,5630
11373,2024-07-18 11:31:04,,Camden,1856,58,8,Low,Dry,9450
10697,2024-03-29 11:37:35,London,Chelsea,2005,91,5,Medium,Wet,150
15561,2024-05-08 02:00:52,,Chelsea,3239,90,2,High,Damaged,3138
11691,2024-06-01 01:41:50,London,Chelsea,2832,97,6,Medium,Snowy,9925
17679,2024-09-19 07:22:31,London,Chelsea,2567,68,3,Medium,Dry,146
12062,2024-01-01 12:08:47,London,Islington,2874,76,4,Low,Dry,7484
18462,2024-07-26 00:00:41,London,Islington,3435,21,0,High,,267
14363,2024-10-09 14:56:56,London,Southwark,1796,82,5,High,Snowy,2017
11342,2024-12-29 18:22:18,London,,4914,42,0,Low,Snowy,7774
10601,2024-10-06 04:43:59,London,Islington,2655,89,6,Low,Wet,8230
9897,2024-08-30 06:38:33,,Islington,4761,54,1,,Damaged,1183
18915,2024-01-28 20:17:53,London,Chelsea,382,71,2,Medium,,7568
11200,2024-10-17 16:21:00,London,Islington,4265,80,3,Low,Wet,5936
18755,2024-02-04 19:06:27,,,3757,49,5,Medium,Wet,7550
18614,2024-05-14 23:16:23,London,Kensington,2877,38,1,High,,6976
18272,2024-05-25 07:31:04,,Kensington,411,15,2,Low,Wet,8979
10363,2024-07-29 01:43:52,London,Islington,756,44,9,,Snowy,3585
17766,2024-11-10 06:17:13,,Southwark,4124,36,3,,Wet,3280
9862,2024-01-19 05:53:41,,Islington,3349,64,0,High,Damaged,4814
18229,2024-03-16 05:37:50,London,Southwark,3696,45,8,Low,Dry,5139
16982,2024-11-30 16:27:45,London,Islington,577,81,8,Low,Dry,9786
12228,2024-02-21 09:27:11,,Islington,4510,60,4,Low,Damaged,4157
17375,2024-07-12 06:52:35,,Camden,4450,49,3,High,Wet,1149
10456,2024-07-16 05:51:03,London,Southwark,4359,38,5,Medium,Wet,7065
15310,2024-07-13 10:19:00,,Camden,2387,47,5,High,Dry,8734
9911,2024-12-22 05:03:03,London,Islington,3187,15,3,,Wet,7098
13862,2024-01-04 21:19:00,,Camden,4367,-33,9,Medium,,9863
15066,2024-12-10 01:49:05,London,,4573,16,0,Low,,2179
13085,2024-03-16 05:34:52,London,,3136,32,0,,Wet,4846
9754,2024-07-07 00:41:39,London,,2285,56,7,,,404
15362,2024-05-10 11:35:55,London,Camden,2298,89,3,Medium,Snowy,9949
13885,2024-08-20 18:31:47,,Islington,2596,68,9,High,Wet,5681
15822,2024-11-22 14:32:17,,Kensington,449,67,1,High,,2692
12690,2024-10-22 17:49:23,London,Islington,4179,67,3,Low,Snowy,460
17618,2024-06-27 16:50:48,,Camden,1300,22,3,High,Damaged,7789
15303,2024-05-16 06:50:41,London,Islington,2628,50,7,Medium,Wet,4474
16590,2024-11-02 14:29:13,,Chelsea,3490,47,5,Medium,Dry,4757
11415,2024-01-22 13:38:17,,Kensington,3692,56,8,,Dry,136
19675,2024-07-18 23:20:42,,Kensington,1972,73,9,High,,302
19842,2024-10-31 22:05:16,,Southwark,4816,89,5,Medium,Damaged,9133
17936,2024-06-11 10:22:23,,,115,57,9,Medium,Dry,394
9540,2024-03-29 21:29:55,,Southwark,584,70,4,Low,Wet,3835
15033,2024-03-01 08:36:27,London,Islington,3902,67,7,High,Snowy,9251
9500,2024-11-14 15:57:55,,Islington,3015,43,0,Medium,Snowy,7068
13498,2024-01-01 09:33:35,London,Camden,2870,76,5,,Dry,5082
16877,2024-02-16 09:53:26,London,,679,39,5,Low,,5939
10115,2024-01-27 08:25:16,London,Islington,3186,27,2,Medium,Wet,2196
14319,2024-02-09 20:07:36,,Camden,3034,99,7,,Dry,7096
15921,2024-09-12 04:45:39,,Southwark,901,88,5,Low,Snowy,8940
18334,2024-12-13 06:29:14,,Kensington,2180,52,9,Low,Wet,4042
18878,2024-10-27 02:25:07,,Southwark,66,35,6,,Wet,9458
16573,2024-03-27 17:12:17,London,Chelsea,4887,46,9,Low,Wet,8128
9927,2024-02-04 00:33:13,,Chelsea,4218,55,8,,Snowy,5083
14995,2024-09-04 08:25:05,,Islington,4909,20,1,Low,Snowy,9252
9766,2024-03-31 18:34:59,,Islington,1743,18,3,Low,Damaged,6841
17194,2024-04-17 10:56:57,London,Camden,4563,36,0,,Wet,1699
13936,2024-09-11 10:01:31,,Southwark,2512,-39,6,High,Snowy,4341
19115,2024-11-01 07:03:40,,Islington,3499,38,7,Low,Snowy,9549
12504,2024-10-06 19:54:11,,,4329,45,7,High,Wet,3096
14461,2024-06-21 03:05:07,,Chelsea,337,24,1,Low,Snowy,683
9122,2024-07-28 09:25:26,,,922,97,9,Low,Damaged,9428
17483,2024-12-20 19:58:31,,Islington,662,83,7,High,,4614
17982,2024-07-13 10:54:56,,Kensington,3142,72,5,Medium,,8544
15578,2024-10-01 14:30:59,,Chelsea,968,-74,6,,Dry,8457
9346,2024-05-31 20:21:42,,Chelsea,2095,31,1,,Snowy,3527
10989,2024-08-20 05:18:09,,Islington,1104,54,0,Low,Snowy,6812
15468,2024-01-18 19:55:42,,Southwark,81,90,5,,Damaged,5671
11937,2024-10-04 23:48:51,,,2216,25,7,,Wet,5513
18313,2024-05-25 05:57:32,London,Islington,862,88,2,,Snowy,7753
9192,2024-04-20 12:13:44,,Islington,4502,49,4,,Wet,9421
14599,2024-02-17 15:52:12,,,1068,64,4,High,Damaged,1991
10950,2024-11-12 09:57:45,London,,2382,92,1,Low,Dry,5762
17769,2024-03-25 04:26:09,,Camden,204,41,2,Medium,Snowy,4874
13600,2024-10-11 00:17:03,London,Camden,3287,62,1,High,,8607
16015,2024-03-08 14:32:16,,Kensington,1376,50,5,,Snowy,8322
19677,2024-04-02 03:01:30,London,Kensington,3785,15,1,High,Snowy,7702
12982,2024-12-01 14:11:58,London,Chelsea,1508,58,8,High,Snowy,4921
18441,2024-12-15 03:25:41,,Chelsea,2206,88,0,Low,,8217
17077,2024-12-10 16:07:26,,,3073,42,0,Medium,Dry,8843
17182,2024-12-04 13:09:03,,Southwark,896,44,1,Low,Wet,5434
13022,2024-02-10 18:29:02,London,Southwark,2925,35,9,High,Wet,3137
10190,2024-12-30 02:51:15,London,,2095,81,6,Low,Dry,965
10954,2024-02-12 16:38:09,London,Islington,2716,59,9,High,Damaged,2255
9546,2024-08-23 19:52:29,London,Camden,3653,29,2,High,Wet,7950
15882,2024-03-15 23:42:39,London,Kensington,4786,43,0,High,,8222
19993,2024-07-17 14:35:19,,Chelsea,1911,61,1,Low,Wet,2908
12381,2024-02-20 14:40:42,,Chelsea,3392,55,3,High,Dry,5295
17988,2024-05-27 17:04:33,London,Kensington,3853,68,1,Low,Dry,4846
13501,2024-07-11 07:55:57,,,2658,68,7,Low,Snowy,2143
13733,2024-08-24 16:25:15,London,,1082,72,3,High,,6053
13389,2024-04-13 13:25:09,,,2860,97,4,Medium,Wet,2323
15512,2024-06-14 08:19:12,London,Southwark,3692,70,1,Low,Snowy,381
18588,2024-07-27 00:50:15,,,4966,-96,9,,Snowy,252
11826,2024-11-18 14:18:22,,Chelsea,282,65,8,High,Dry,6809
15965,2024-05-29 06:57:37,,Southwark,1896,93,3,High,,6633
10353,2024-03-26 06:14:21,,Camden,2382,99,7,Low,Damaged,1603
19073,2024-03-29 10:36:11,,Chelsea,3824,31,3,,Damaged,373
13743,2024-09-26 18:26:05,London,Camden,2758,24,3,,Wet,260
15117,2024-08-17 09:05:31,London,Kensington,4471,85,4,Low,Wet,8115
9522,2024-10-04 12:26:39,,,2555,19,3,Low,Wet,6458
19796,2024-02-14 12:38:14,,Camden,2168,96,0,Low,Wet,8304
11333,2024-12-11 21:19:06,London,Southwark,3327,38,2,High,,8750
13029,2024-06-02 06:51:33,,Islington,2078,51,6,Low,,3904
9157,2024-10-31 17:19:23,,Camden,1175,12,6,High,Wet,5287
15346,2024-02-07 04:45:15,London,Camden,814,31,4,High,,4926
10223,2024-08-12 10:46:37,London,Southwark,2905,62,3,,Damaged,7849
10440,2024-01-22 20:45:32,London,Southwark,3335,66,7,,Wet,3548
18867,2024-03-23 18:14:34,London,Kensington,2167,78,6,Low,,1167
9371,2024-02-20 01:27:58,,Chelsea,3033,91,2,High,Wet,279
15402,2024-12-14 23:17:47,,Southwark,2165,37,0,,Damaged,9844
18340,2024-06-16 05:52:13,,Camden,4115,73,8,Medium,Damaged,5735
12804,2024-12-23 14:56:36,,,320,26,3,,Wet,5715
14028,2024-07-02 07:39:53,London,Islington,2080,41,2,Medium,,8827
15826,2024-09-06 06:15:37,London,Chelsea,2850,82,9,Low,Dry,3654
19931,2024-10-11 06:16:28,London,Southwark,991,44,3,Low,Wet,5913
19470,2024-04-04 03:07:59,,Islington,4024,30,7,,Damaged,5016
13809,2024-01-28 04:22:03,London,Kensington,1558,14,7,,Snowy,7169
14511,2024-11-28 15:37:32,,Islington,1395,92,6,High,Wet,3399
18188,2024-05-22 06:54:51,,Islington,1047,30,3,Medium,Snowy,6491
16762,2024-03-24 03:22:44,London,,1009,52,7,,,2097
19389,2024-11-13 19:33:39,London,Southwark,3593,56,0,,Snowy,2550
14965,2024-01-16 08:25:26,,,4052,75,8,Medium,Dry,5757
17710,2024-11-27 10:51:43,,Chelsea,4972,56,1,,Damaged,7926
15357,2024-10-15 16:37:42,,Chelsea,2213,23,9,Medium,,2460
10254,2024-05-30 02:46:31,London,Islington,2280,72,1,Medium,Wet,8607
12925,2024-11-12 17:55:01,,Islington,3396,71,7,,Dry,7694
11584,2024-10-08 12:14:47,London,Islington,4873,69,8,,Snowy,2414
18895,2024-06-30 10:09:41,London,Camden,2782,33,0,Medium,Dry,2721
10485,2024-08-19 23:28:25,,Camden,1919,34,7,,Wet,1506
13682,2024-12-21 07:31:05,London,,1516,60,9,High,,1370
9047,2024-08-24 11:24:29,,Southwark,2535,47,9,Low,Dry,6955
18651,2024-12-27 09:58:33,London,Southwark,4474,78,4,Low,Wet,2223
14510,2024-10-23 01:40:41,London,Chelsea,3656,83,1,,Dry,7588
19677,2024-03-17 07:59:59,London,Islington,4332,77,9,High,,1532
16119,2024-09-24 03:59:45,London,Camden,314,46,2,High,Dry,2952
12095,2024-11-22 08:02:23,London,Camden,987,86,0,,,9652
13383,2024-01-21 01:54:20,,Southwark,2169,44,7,Low,Dry,6710
15717,2024-04-25 19:00:18,,Islington,3176,18,5,High,Dry,5650
9261,2024-06-26 05:49:19,London,Chelsea,504,61,0,,Dry,3441
10874,2024-01-30 00:54:16,,Islington,2256,47,9,Low,Wet,7327
11956,2024-02-02 05:56:15,London,Islington,1964,25,3,Low,Damaged,7714
14256,2024-11-01 00:10:44,London,Kensington,37,54,1,High,Wet,9647
17958,2024-09-05 19:44:29,London,Islington,3797,38,6,High,Dry,4861
9985,2024-12-18 18:05:35,,Chelsea,80,56,2,High,Dry,6443
13412,2024-06-21 23:02:31,,Camden,870,20,9,Low,Wet,5555
18994,2024-12-10 11:48:59,,Camden,1828,95,0,Medium,Dry,5229
13467,2024-02-27 01:09:15,,Southwark,1861,47,9,,Dry,3902
18065,2024-11-13 19:44:37,London,Camden,2175,69,5,,Damaged,2415
10663,2024-05-23 09:21:07,,,4868,23,0,Low,Dry,3097
17124,2024-01-19 03:14:51,London,Chelsea,2487,91,9,High,Damaged,5704
12699,2024-06-21 01:10:56,London,Kensington,2402,42,4,Low,Wet,8409
12377,2024-03-20 01:40:29,,Camden,1735,16,3,High,Snowy,3057
9219,2024-05-01 09:35:00,London,,673,70,0,,Damaged,1836
18933,2024-07-07 00:56:31,London,Kensington,1202,32,5,Low,Wet,5447
16793,2024-12-30 23:05:07,London,,4478,-17,9,Low,Wet,8545
14057,2024-06-03 11:18:53,London,Islington,3809,70,2,,Damaged,3926
13810,2024-01-10 22:30:01,,Islington,1015,17,3,Medium,Wet,1520
13939,2024-04-14 00:14:39,London,Chelsea,1852,32,7,,,325
12653,2024-01-17 05:37:03,London,Islington,1092,-92,2,,Damaged,2360
10919,2024-05-31 22:26:02,London,Camden,3527,53,5,,Dry,8596
13719,2024-09-13 19:21:54,London,Chelsea,2812,51,8,High,Snowy,145
11856,2024-01-18 23:50:11,London,Islington,3548,20,5,Low,Dry,4105
19756,2024-09-25 17:42:05,,Chelsea,817,48,8,High,Wet,3941
14386,2024-02-28 14:46:05,London,Chelsea,1190,22,3,Low,,5486
15402,2024-04-04 08:06:52,,Camden,3008,27,4,Medium,Dry,4818
12749,2024-04-12 10:17:01,,Southwark,4858,23,1,High,,572
17982,2024-06-13 20:20:44,,Chelsea,3162,16,9,High,Snowy,8153
11867,2024-09-08 11:18:27,London,Chelsea,3583,44,8,,Wet,1180
10540,2024-05-22 01:45:42,,Chelsea,2277,86,1,Medium,Damaged,2584
19075,2024-02-07 02:19:19,London,Camden,1918,36,4,Low,,9753
16158,2024-05-01 19:55:16,,Southwark,2127,51,9,Medium,Wet,4370
10339,2024-10-25 02:48:13,London,Islington,3566,66,4,Medium,,6514
11652,2024-08-15 13:52:23,,Chelsea,4322,44,7,Medium,Damaged,1865
19607,2024-08-03 03:12:38,,Southwark,471,46,5,Low,Dry,2349
16207,2024-11-07 13:09:36,London,Islington,2510,58,1,High,Wet,7713
15557,2024-08-25 12:22:02,,Southwark,1534,73,0,Low,Dry,2658
18763,2024-01-23 23:13:51,London,Kensington,3832,61,5,Medium,Dry,7382
15271,2024-07-21 00:25:51,,,2370,75,2,Low,Damaged,7702
15873,2024-12-04 13:20:44,,,3931,47,2,Low,Dry,8730
14623,2024-10-27 03:16:41,London,Southwark,3101,75,6,,Dry,4174
13182,2024-09-04 16:32:14,London,Kensington,1564,68,4,,Damaged,9188
19934,2024-03-30 04:13:31,,Chelsea,3340,24,6,Medium,Snowy,8429
9770,2024-04-25 10:11:48,,Southwark,4625,28,7,Medium,Damaged,2556
11328,2024-01-14 18:46:55,,Islington,663,29,1,Medium,,4427
13047,2024-09-09 14:12:41,,Camden,1903,62,8,Medium,Snowy,8509
19284,2024-06-27 23:40:44,London,,4463,73,2,High,Dry,9404
11239,2024-12-21 05:41:43,London,Chelsea,2529,12,2,Low,Damaged,6083
17282,2024-02-24 19:31:00,London,Kensington,1885,46,2,,Wet,8603
11709,2024-09-08 02:26:33,London,Camden,4371,49,3,Low,Wet,6500
10824,2024-10-25 19:52:20,,Islington,3798,39,1,High,,7735
12892,2024-05-15 23:12:03,London,,4497,69,0,High,Damaged,3947
16541,2024-01-29 18:49:29,London,Kensington,318,38,1,Low,,7063
10937,2024-08-27 08:12:48,London,,2406,52,3,Low,Snowy,8606
10350,2024-04-12 01:53:56,,Camden,1508,63,1,Low,,7752
16318,2024-12-28 15:51:50,London,Chelsea,3690,41,5,,Snowy,7897
13027,2024-05-18 18:10:43,London,Islington,723,25,5,High,Snowy,4298
12229,2024-04-26 06:23:43,,Kensington,263,83,5,Low,Damaged,133
16461,2024-02-29 16:26:55,,Southwark,331,79,7,,Dry,8488
13831,2024-06-22 11:21:28,,Kensington,1439,62,5,,Snowy,9055
18593,2024-12-09 15:55:12,London,Chelsea,3286,61,5,,Damaged,4456
15157,2024-11-29 23:08:09,London,Southwark,711,90,4,,Dry,8703
14154,2024-04-09 21:54:14,London,Kensington,1253,52,6,,Snowy,2678
13707,2024-05-13 18:29:11,London,Camden,3147,43,4,,,8026
13766,2024-12-20 01:11:36,London,,3553,14,5,High,,6350
16953,2024-04-25 16:42:00,,Camden,3082,14,7,High,,9096
17416,2024-11-05 17:02:23,,Islington,2314,84,9,High,,2475
14219,2024-06-02 01:29:24,,Islington,155,47,4,,Wet,332
11087,2024-06-10 14:18:39,London,Camden,3320,18,6,High,Dry,651
14968,2024-06-03 23:28:41,London,,152,-81,8,High,Snowy,5681
13601,2024-01-13 16:04:12,,Camden,3722,43,9,,Snowy,3202
15196,2024-03-05 04:31:58,London,,1569,49,8,,Dry,6661
12579,2024-03-26 20:26:23,London,Kensington,2827,78,8,,Wet,8113
13334,2024-05-07 18:46:07,London,Islington,4712,34,6,Low,Snowy,1655
15580,2024-10-17 21:35:58,London,Camden,1352,97,7,Low,Wet,4705
15481,2024-12-26 07:15:01,London,,1329,63,2,Low,Dry,1898
12807,2024-10-14 04:00:03,,Chelsea,3479,64,1,Medium,,3989
16286,2024-04-28 06:06:40,,Kensington,4135,18,1,Low,Wet,5279
11372,2024-04-20 15:19:51,,Chelsea,850,61,4,Medium,Wet,6906
14200,2024-06-26 23:18:12,,Islington,4934,40,0,High,,8158
16747,2024-04-09 00:51:58,,Islington,4317,90,9,,,2179
13890,2024-06-13 12:23:05,,Islington,2344,72,5,Low,,1999
15795,2024-11-23 00:27:23,London,Camden,2151,31,6,Low,Dry,619
14615,2024-12-15 16:26:41,London,Camden,4276,67,0,High,Dry,3301
18812,2024-11-08 05:34:33,London,Southwark,331,87,1,,Dry,3403
13142,2024-06-13 08:50:30,,,663,24,3,High,Dry,4570
17540,2024-10-21 12:51:59,,Chelsea,3204,62,3,,Snowy,1164
15887,2024-01-03 00:04:30,London,,4898,25,5,Low,Wet,5619
11540,2024-03-09 00:56:13,London,Southwark,3731,49,4,,Snowy,2725
10306,2024-05-19 15:17:02,,Kensington,3837,15,2,High,,3735
9472,2024-10-14 06:39:18,,Camden,1420,33,6,Medium,Snowy,3250
13220,2024-06-12 03:08:16,London,Kensington,1336,83,7,Low,Dry,5960
15160,2024-09-07 09:46:16,London,Southwark,2397,70,3,,Wet,3202
14368,2024-01-07 07:33:58,,,4760,31,9,Low,Snowy,8540
10504,2024-02-28 10:38:13,,Kensington,3396,33,5,Medium,Dry,206
11834,2024-04-16 02:31:35,,Camden,3825,56,1,Medium,,5391
9502,2024-11-08 06:30:28,London,Camden,2480,35,6,,Dry,9601
13356,2024-11-08 20:52:07,,Chelsea,4186,72,1,High,Dry,4167
14628,2024-09-14 17:59:47,London,Camden,837,66,6,Low,,7400
11712,2024-05-03 03:50:54,,Southwark,1973,31,0,High,Damaged,8170
16584,2024-05-08 23:31:19,London,Camden,2404,39,7,Medium,Dry,1069
11832,2024-04-16 13:36:31,London,Islington,1463,45,3,Low,Snowy,3664
9163,2024-04-19 13:18:29,,Camden,2226,65,7,,Dry,1510
12931,2024-07-17 19:26:37,,Camden,1868,42,2,,,9256
16426,2024-10-12 02:12:47,,Camden,1610,41,4,High,Snowy,147
18106,2024-08-29 09:52:35,,Islington,3203,35,5,Medium,Damaged,4953
19684,2024-04-19 20:44:17,London,Chelsea,3093,82,9,,,858
12379,2024-02-03 04:16:10,London,Chelsea,737,96,1,,,5467
18846,2024-07-13 07:11:38,London,Camden,459,99,8,Medium,Damaged,5335
16103,2024-06-25 20:18:03,,Islington,4389,25,2,Low,Dry,6506
16667,2024-07-18 15:09:07,,Islington,1108,10,7,,Damaged,4630
18580,2024-12-12 05:14:23,,Southwark,465,28,3,Low,Damaged,2954
17944,2024-09-11 17:20:45,,Southwark,3705,62,4,Medium,Snowy,3339
16608,2024-10-07 20:20:58,,Camden,1257,92,9,Low,Snowy,9546
11443,2024-11-01 11:44:06,London,Islington,701,71,1,Medium,,5633
18550,2024-10-13 11:23:54,London,Camden,2830,91,3,Medium,Damaged,4599
17308,2024-11-15 17:27:46,,Islington,153,88,8,Medium,Dry,5410
11456,2024-05-27 06:18:19,London,Kensington,4096,82,0,Medium,Damaged,2759
19831,2024-06-23 19:12:40,London,Southwark,1549,40,2,Low,,8699
9242,2024-01-11 00:06:05,,Islington,4125,58,6,Low,Dry,273
11770,2024-03-08 06:03:08,,Kensington,4894,18,8,Low,Dry,9543
9380,2024-01-11 20:58:52,London,Islington,3303,84,2,Medium,Damaged,159
18922,2024-02-10 23:15:50,,,4350,79,3,Low,Damaged,6605
11416,2024-10-15 10:16:19,London,Chelsea,3390,24,1,Medium,Dry,8381
12623,2024-01-01 19:57:11,London,Kensington,111,20,8,High,Dry,8891
14847,2024-06-28 11:20:42,,Camden,3094,91,1,Low,,888
15782,2024-06-01 02:08:06,,Islington,4459,70,9,,Dry,7412
19454,2024-09-01 21:41:08,,Islington,4500,-35,1,,Wet,7893
14032,2024-04-16 22:39:40,,,441,57,1,Low,Dry,6758
18310,2024-06-23 08:29:28,,,1174,97,5,,Snowy,6513
12351,2024-06-14 19:13:42,London,Chelsea,2947,51,0,Medium,Dry,7290
9036,2024-10-04 21:10:49,London,Islington,868,99,3,High,Snowy,3393
11531,2024-05-15 15:48:00,,Southwark,933,42,1,Low,Damaged,8356
13194,2024-04-30 21:32:32,,Islington,1238,47,0,,Wet,7967
18572,2024-12-11 14:09:02,London,Southwark,1547,78,4,Medium,Damaged,4887
18469,2024-04-30 11:13:05,,Kensington,2578,98,1,High,Dry,8287
16756,2024-05-07 14:43:41,,Islington,225,33,2,High,,8474
19638,2024-02-09 00:13:41,,Chelsea,1547,33,4,Medium,Dry,4584
15455,2024-03-28 02:46:44,,,853,77,9,Medium,Wet,7465
19125,2024-04-18 13:43:30,London,Southwark,152,29,8,,Snowy,4042
10708,2024-08-15 01:52:30,,Southwark,4569,37,7,,Dry,9282
13023,2024-03-10 08:19:11,London,Chelsea,1033,27,2,,Damaged,2482
16819,2024-05-31 00:14:36,London,Kensington,2996,35,7,Low,Dry,7571
12953,2024-10-30 02:57:07,,,3808,81,5,,,6457
13787,2024-03-02 04:18:48,,,4548,27,5,High,Snowy,4284
17197,2024-02-01 06:20:23,,Camden,4000,79,1,Low,Snowy,8470
15617,2024-11-08 19:03:00,London,Chelsea,4367,53,7,Low,Snowy,4870
12263,2024-11-05 05:34:42,London,Camden,88,71,4,Low,Snowy,4955
10894,2024-09-17 07:00:16,,Chelsea,2101,95,1,Medium,,3385
18141,2024-07-08 11:08:38,,Camden,1712,48,7,,,7632
9282,2024-03-22 15:59:39,,Kensington,2045,75,1,,Wet,6317
11930,2024-09-29 14:25:04,,Islington,510,57,6,Low,,1037
16611,2024-04-01 06:31:08,London,,3732,84,7,High,Wet,399
12006,2024-08-19 21:16:46,,,2891,32,0,Medium,Snowy,3504
19985,2024-09-06 15:15:36,,Chelsea,4260,39,9,Medium,Wet,8492
19385,2024-09-18 02:16:33,,Camden,1363,82,2,High,Snowy,1903
11941,2024-01-04 00:39:29,London,Chelsea,2499,43,3,,Damaged,6443
14441,2024-11-03 09:32:51,London,Kensington,1410,55,9,Low,Wet,8586
13857,2024-07-11 17:44:51,,Chelsea,3519,56,2,,Snowy,6833
17771,2024-08-13 04:56:14,London,Chelsea,1976,31,0,Low,,260
10076,2024-09-23 06:16:05,,,90,67,1,,Wet,9970
10519,2024-03-31 09:22:43,,Islington,4719,17,9,Medium,Snowy,6985
18259,2024-10-13 20:14:49,,,3232,97,3,,Dry,9067
15787,2024-01-19 05:45:30,London,Southwark,1498,25,3,Medium,,3457
19720,2024-04-29 18:36:56,,Chelsea,3408,56,7,Low,Snowy,311
9231,2024-01-29 16:31:17,,,2266,94,4,,Dry,4871
9990,2024-08-19 19:53:23,London,Camden,621,90,1,Medium,Wet,6891
18709,2024-05-26 22:42:02,London,,4981,90,0,Low,Dry,7290
12301,2024-08-20 06:09:15,,,919,85,3,,Damaged,5783
17865,2024-02-25 19:16:39,,Camden,1196,35,4,Low,,4126
19403,2024-08-31 01:37:43,,,2166,74,3,Medium,Damaged,351
11786,2024-06-19 06:42:01,,Islington,1449,56,7,Low,Wet,286
19862,2024-06-23 15:16:49,,Southwark,3941,58,6,High,Snowy,8358
9907,2024-01-11 04:15:21,London,,2061,49,3,,Damaged,1154
14123,2024-12-18 05:23:39,,Chelsea,3449,82,0,Medium,Wet,4003
9130,2024-09-15 21:01:17,London,Kensington,3158,78,8,High,Snowy,3850
17870,2024-04-30 03:34:17,London,Chelsea,3125,35,8,High,,3707
15789,2024-06-09 20:58:23,London,Camden,2620,81,8,Low,Snowy,6476
17314,2024-05-28 04:26:26,,Chelsea,1015,88,5,,,5763
19886,2024-10-24 19:14:21,London,Islington,195,16,8,Low,Dry,5393
17511,2024-04-03 09:48:03,London,Kensington,1927,28,1,Medium,Dry,4494
11545,2024-10-03 03:18:38,,,3692,90,1,,Wet,1315
19120,2024-07-30 06:20:31,,,4482,63,1,Low,Dry,3242
17804,2024-10-25 22:11:05,,Chelsea,1353,79,1,,Dry,8278
11209,2024-10-03 13:18:43,,Kensington,1057,83,8,Medium,Snowy,1523
11897,2024-08-20 16:29:31,,Islington,3496,74,2,Low,Wet,4955
15626,2024-10-27 11:33:38,London,Camden,1752,70,9,High,Dry,6996
10713,2024-11-15 21:30:05,,Camden,1459,91,1,Low,Dry,9774
15058,2024-06-20 17:14:29,London,Kensington,4929,88,4,High,Snowy,1479
12400,2024-02-08 18:52:48,,Chelsea,2100,59,1,,Damaged,1717
13332,2024-09-24 10:45:24,,Kensington,847,78,1,High,,3479
12299,2024-03-30 20:46:15,London,Southwark,1901,65,0,Low,,1842
14209,2024-06-05 20:06:14,London,Chelsea,2796,58,6,Low,Snowy,1126
16696,2024-08-07 17:56:31,London,Kensington,3904,50,3,,Snowy,1796
17965,2024-08-27 06:18:50,London,,1102,34,5,Low,Snowy,6736
13463,2024-12-23 12:39:05,,Camden,2119,49,3,High,Dry,4405
17789,2024-12-09 17:54:42,,,1658,45,7,High,,5994
9633,2024-09-10 15:21:35,London,Southwark,3041,88,5,,Damaged,845
12055,2024-08-03 19:03:43,London,Southwark,2630,87,1,High,Snowy,5169
18272,2024-11-02 05:22:40,London,Southwark,2844,23,7,Medium,Damaged,418
12033,2024-09-15 06:23:55,London,Islington,126,77,3,Medium,,7924
14271,2024-10-27 09:31:49,London,Chelsea,1118,14,6,Medium,Dry,3454
14646,2024-07-27 16:41:54,,,4321,31,4,,Damaged,1651
9785,2024-09-14 17:48:52,,Chelsea,1620,75,2,Low,,5114
11348,2024-12-10 09:34:50,,,748,28,8,Medium,Wet,4610
14121,2024-07-13 06:23:52,,Camden,3373,45,5,,Dry,7612
13028,2024-09-21 09:45:29,London,Islington,2833,52,9,Low,Snowy,1524
10046,2024-08-28 15:23:51,,Southwark,2006,92,8,Medium,,2708
17837,2024-05-15 08:09:09,,Southwark,787,23,8,Low,Wet,5900
19035,2024-09-06 04:14:16,London,Chelsea,2331,67,1,High,Snowy,6053
18081,2024-12-07 03:41:49,,Chelsea,1967,87,8,Medium,Wet,2919
19046,2024-03-30 07:25:11,London,Chelsea,3587,24,7,Medium,Dry,6353
19251,2024-08-02 15:46:30,London,Southwark,3126,40,0,,Snowy,2326
15623,2024-04-08 10:33:08,,Camden,2712,41,5,Low,Dry,5894
9382,2024-07-07 15:58:03,,Chelsea,2262,38,6,Low,,1879
11339,2024-03-14 15:16:39,,Islington,508,39,7,Medium,Wet,6076
18435,2024-12-12 22:09:28,London,Kensington,1077,37,1,Medium,Snowy,3552
15139,2024-05-03 11:14:34,,Kensington,3773,67,2,,Snowy,402
18464,2024-03-30 20:03:23,,Chelsea,3421,14,8,Medium,Dry,4027
14043,2024-08-04 15:08:20,,Islington,48,46,6,High,Snowy,1673
13467,2024-03-07 05:42:16,London,Islington,4273,18,8,Medium,Dry,8115
9024,2024-02-29 22:02:16,London,Chelsea,720,37,7,High,Snowy,3612
9392,2024-01-17 12:28:27,London,Southwark,758,25,3,,Snowy,4710
17147,2024-04-30 18:56:24,,Kensington,2432,77,3,Medium,Damaged,883
11819,2024-03-31 02:00:20,London,Southwark,3811,85,2,,Damaged,9818
12415,2024-03-22 20:33:38,London,,388,62,0,,Damaged,2042
15753,2024-05-16 06:35:32,,Camden,1818,73,8,Low,Wet,6705
10557,2024-07-21 04:57:20,London,,1498,95,7,,Snowy,2427
13817,2024-03-24 14:18:57,London,,2132,11,0,,Damaged,1928
9300,2024-12-18 23:27:47,,Islington,350,28,6,High,Dry,9204
19054,2024-12-02 00:04:10,London,Islington,408,90,9,Medium,Dry,9482
9978,2024-02-08 20:36:47,London,,3868,98,2,,Damaged,3392
10977,2024-07-07 05:06:29,,,791,84,3,Medium,Wet,5093
15250,2024-05-11 04:12:49,,Chelsea,3863,31,0,Low,,9807
13461,2024-12-21 20:50:14,,Camden,3624,24,5,High,Wet,8166
17950,2024-07-29 23:15:51,London,Islington,875,33,5,High,Wet,1495
11387,2024-08-27 23:30:30,London,Kensington,3871,62,0,High,Damaged,318
10445,2024-04-08 05:54:58,London,Chelsea,1331,20,0,High,Damaged,5293
15603,2024-11-16 14:08:20,,Camden,1602,22,2,Medium,,4999
12359,2024-02-20 15:28:20,,Southwark,2912,21,9,Low,Wet,7833
17093,2024-06-09 03:48:38,,,677,82,0,High,Damaged,1594
11369,2024-10-08 09:29:19,,Chelsea,4114,26,5,Medium,,2956
16917,2024-09-19 03:18:41,London,Southwark,432,35,3,,Wet,6149
13356,2024-08-07 07:32:51,London,Southwark,3125,77,9,Low,Snowy,2227
14468,2024-05-23 19:08:41,,Kensington,3781,92,4,,Wet,5070
13683,2024-04-26 22:38:05,,Islington,4622,17,0,,Snowy,5834
18909,2024-07-04 18:47:35,,Kensington,785,10,8,Medium,Snowy,6653
18089,2024-05-10 23:54:34,,Chelsea,1145,52,5,Medium,Wet,3235
10015,2024-11-01 10:44:41,,Chelsea,2382,98,8,High,Damaged,3065
11337,2024-12-21 22:54:38,,Chelsea,372,37,7,Medium,Dry,6223
19304,2024-10-21 15:09:19,London,,2243,25,2,Low,,8835
18788,2024-03-03 02:37:32,London,Southwark,3531,31,7,Low,Damaged,3100
17223,2024-07-22 01:01:34,,Islington,2261,80,6,High,Dry,8606
19735,2024-05-12 05:48:01,,Southwark,3689,83,7,,Damaged,7430
10547,2024-06-09 07:03:29,,Chelsea,4705,49,8,Low,Damaged,8531
14973,2024-08-15 17:54:41,,Camden,4916,20,6,Medium,Snowy,7498
16891,2024-05-30 04:24:55,,,3397,20,9,,Dry,5670
12007,2024-10-12 15:59:06,London,Islington,3382,36,7,,,9382
18772,2024-03-29 03:10:55,London,Camden,4485,22,7,Medium,,2191
11247,2024-08-04 15:13:39,,Kensington,3427,69,9,Medium,,1443
19571,2024-05-03 09:57:12,London,,1339,84,2,High,Wet,8439
9063,2024-10-15 09:49:38,,Islington,1806,70,4,Medium,Snowy,3838
13601,2024-02-18 12:06:17,,Southwark,3711,77,3,Medium,Damaged,7917
17124,2024-03-17 18:39:17,London,Kensington,1034,20,0,Low,Damaged,5083
11097,2024-01-17 07:36:28,,,4326,98,0,Low,Snowy,8068
11277,2024-08-10 10:57:01,,Chelsea,2997,51,2,High,Dry,7099
9103,2024-07-31 21:50:05,,Chelsea,2578,95,2,,,977
12350,2024-08-14 14:05:41,London,Chelsea,3417,66,4,Low,Dry,3094
13894,2024-09-15 11:10:48,,Southwark,1691,87,8,Low,Wet,7570
18568,2024-10-20 10:43:41,,Islington,359,74,0,Medium,Dry,2789
18300,2024-09-29 16:40:19,London,Islington,2993,69,8,Medium,Dry,5059
19637,2024-12-14 23:19:33,London,Kensington,1627,20,6,Low,Dry,2759
12039,2024-03-12 15:21:37,London,,3368,45,1,High,Damaged,4443
15614,2024-02-18 11:59:13,London,Chelsea,1664,35,4,,Snowy,8033
12945,2024-08-23 16:13:11,London,Chelsea,3813,44,4,High,,2537
18931,2024-01-09 18:58:04,,Islington,1993,90,6,Medium,Snowy,2079
9188,2024-11-03 10:42:00,,Chelsea,4290,41,3,Medium,Damaged,470
18641,2024-10-20 07:38:59,London,Camden,1513,45,2,High,Snowy,988
9251,2024-05-18 20:53:03,London,Islington,4331,65,6,Low,Damaged,1591
12824,2024-01-02 15:59:48,London,Chelsea,3499,18,0,Medium,Wet,7822
15348,2024-07-29 10:21:30,,,3913,18,7,High,Wet,8857
19744,2024-06-10 00:27:50,,,1372,38,2,High,Damaged,4003
11799,2024-10-09 23:58:30,,,922,14,5,Medium,Snowy,7885
15356,2024-08-01 13:24:46,London,Camden,4290,43,2,Medium,Wet,2417
16687,2024-09-15 16:45:20,London,Southwark,125,75,7,High,Damaged,3976
19885,2024-09-18 05:17:32,London,Kensington,4672,15,1,Medium,Snowy,179
16736,2024-06-24 03:36:47,,Southwark,3808,29,7,High,Snowy,1698
10568,2024-08-04 22:23:21,London,Chelsea,1627,90,6,Low,Damaged,4430
9808,2024-02-04 10:07:50,,Camden,730,32,1,Medium,,6001
15210,2024-11-28 22:15:38,,Chelsea,3375,84,7,Low,,869
19046,2024-02-21 14:07:23,,Islington,3025,91,3,Medium,Damaged,2247
15738,2024-07-16 23:35:07,,Southwark,3738,19,5,,,4355
16249,2024-09-12 20:46:44,London,Chelsea,99,41,9,Low,Wet,5189
9041,2024-09-19 23:28:03,,Islington,1197,19,7,Medium,,9093
19021,2024-02-15 19:02:43,,Camden,611,94,3,Medium,Dry,1651
18284,2024-05-21 19:13:27,London,Chelsea,2143,52,5,Low,,7494
14589,2024-08-05 08:13:27,,Islington,2176,80,7,Medium,,1603
11816,2024-06-22 10:09:12,London,Southwark,1716,69,8,Low,Damaged,9703
18535,2024-10-10 00:38:02,,Camden,2044,39,7,,Dry,9973
15975,2024-11-04 18:05:59,,Kensington,2045,59,7,Medium,Snowy,3357
13672,2024-09-22 08:22:37,,Kensington,1243,46,6,Low,Snowy,3608
13705,2024-09-02 19:12:14,London,,888,35,4,High,Wet,3301
17560,2024-05-31 10:27:37,London,Islington,1260,21,2,,Wet,1947
16977,2024-01-17 11:48:49,,Chelsea,4247,32,7,,Dry,2889
19857,2024-11-02 14:51:07,,Kensington,4727,95,6,Medium,Dry,818
17298,2024-11-04 12:56:03,,Camden,4633,10,5,Medium,Snowy,8182
19238,2024-10-17 10:03:02,London,Kensington,241,41,1,High,Damaged,1586
10662,2024-01-24 06:47:16,London,Southwark,1474,33,3,,,6113
19441,2024-10-06 16:18:38,London,,611,99,9,High,Snowy,7318
12166,2024-02-03 16:33:07,,Kensington,1960,20,1,High,Snowy,6252
13674,2024-04-13 07:09:58,London,Camden,4681,22,0,Medium,Dry,6611
18305,2024-12-14 06:36:58,London,Southwark,742,29,8,High,Snowy,8854
15105,2024-07-14 12:53:28,London,Camden,4398,58,7,Low,,6035
11370,2024-07-24 06:56:42,London,Camden,2832,76,7,Low,Snowy,2242
14881,2024-09-19 12:16:20,,Kensington,3776,52,5,High,,535
9950,2024-11-12 02:37:11,London,Camden,3583,78,4,Low,Dry,8504
11725,2024-12-17 01:41:58,London,Islington,9,21,5,,Snowy,4960
12961,2024-03-20 23:56:44,London,Camden,2144,25,3,Medium,,9634
9841,2024-09-21 09:14:09,London,Camden,469,67,2,Medium,Wet,9509
17765,2024-06-30 05:52:29,,Kensington,4238,50,4,,Damaged,629
10137,2024-07-21 21:35:45,London,Chelsea,4622,83,1,,Wet,8789
11919,2024-01-23 12:37:27,,Chelsea,73,48,5,Low,Damaged,2664
14581,2024-09-13 13:17:17,,Kensington,3254,73,3,High,Wet,3879
11373,2024-03-31 21:53:47,,Islington,749,12,5,Medium,Snowy,2477
9013,2024-03-23 08:27:11,London,Kensington,3634,37,3,High,,8555
16791,2024-10-14 13:04:59,,Southwark,1732,67,4,Medium,Damaged,6940
18291,2024-05-01 04:15:32,,Camden,3425,12,3,,Damaged,688
13970,2024-12-10 07:22:48,,Kensington,4253,45,8,Low,Dry,3962
10322,2024-03-29 07:02:34,London,Islington,4029,68,8,Medium,Dry,9842
19690,2024-05-26 01:29:09,,Southwark,2376,48,0,Low,Dry,3109
11203,2024-10-16 05:41:41,,Kensington,2702,12,1,Low,Damaged,8820
15235,2024-04-07 09:39:59,London,Camden,4705,69,8,Medium,Wet,8160
19193,2024-10-12 10:59:54,,,965,47,6,Medium,,2506
17795,2024-12-20 22:53:29,London,,3336,63,4,Low,Damaged,8205
15072,2024-07-04 04:08:10,,Kensington,678,50,4,High,Snowy,3345
16750,2024-08-10 15:00:38,London,Camden,2103,43,3,,,9961
11407,2024-11-19 18:05:21,London,Chelsea,4940,62,0,High,Damaged,5865
10769,2024-10-13 03:56:17,,,1411,43,9,High,Damaged,674
17652,2024-03-14 19:24:50,London,Chelsea,3039,65,6,Medium,Wet,765
14814,2024-05-06 05:45:54,London,Southwark,923,46,7,Medium,,4549
17960,2024-05-09 06:28:58,,Camden,364,83,5,Low,Snowy,5876
16717,2024-04-17 07:06:09,London,Camden,4846,75,4,Low,Damaged,8181
16102,2024-10-15 21:48:37,London,Kensington,1837,57,2,Low,Dry,6044
12965,2024-01-16 05:24:32,,Islington,2187,-91,7,,Dry,6080
19923,2024-03-03 11:39:41,,Islington,1257,-67,9,High,,8805
19615,2024-07-11 23:22:46,,Camden,1207,23,0,Low,,8600
12323,2024-07-03 08:37:28,London,Islington,822,76,7,Medium,,9918
13417,2024-08-02 14:10:49,,Camden,4807,84,4,High,Dry,7607
13280,2024-02-13 07:10:55,,Southwark,1602,87,2,,Damaged,7027
12071,2024-03-04 20:54:16,London,Camden,1330,69,9,Low,Snowy,8127
17169,2024-03-07 05:21:32,London,Chelsea,2829,66,5,Medium,Snowy,7578
10635,2024-02-11 03:32:24,London,Camden,1662,47,0,Medium,Dry,2291
12935,2024-05-17 05:16:11,,Camden,4812,18,8,,Dry,2065
10207,2024-08-16 19:12:10,,Chelsea,3733,21,6,,Wet,3704
9808,2024-01-06 00:07:19,London,Islington,819,59,4,Medium,Dry,9347
11275,2024-03-17 20:54:08,,,4346,57,1,,Snowy,1676
15553,2024-07-22 06:08:21,,Chelsea,888,41,9,,Wet,3890
14547,2024-09-30 10:48:09,,Southwark,4328,25,6,Low,Damaged,5689
11296,2024-07-22 10:24:06,London,Kensington,3419,34,4,High,Snowy,5530
19638,2024-06-29 05:18:47,,Islington,3121,75,4,Low,Wet,2207
10058,2024-02-03 17:11:57,,Kensington,2573,63,3,Medium,,9033
14773,2024-05-17 11:56:25,,Kensington,2649,53,8,High,,8649
10509,2024-05-22 01:57:24,London,Chelsea,4207,36,2,Medium,,2036
11615,2024-01-07 14:35:28,London,Islington,3275,66,1,High,,1166
10612,2024-05-30 18:11:30,London,Southwark,451,73,1,Low,Snowy,1658
17969,2024-06-19 02:56:34,London,Chelsea,1133,45,8,Medium,,234
9570,2024-09-12 16:22:59,,Islington,912,81,5,High,Dry,1527
14899,2024-01-25 01:28:37,London,Camden,2222,42,2,,Snowy,701
12433,2024-08-31 07:22:31,,Kensington,2579,78,9,Medium,Dry,5920
9262,2024-09-24 05:29:40,,Southwark,778,41,8,Medium,Snowy,2657
9599,2024-08-16 15:58:38,,,4059,26,3,High,Wet,3335
18832,2024-06-15 22:46:05,London,Southwark,3237,61,9,Medium,Damaged,7896
15808,2024-12-03 06:59:13,,,3417,62,9,Low,Dry,3422
19216,2024-04-30 22:09:48,,Kensington,3048,96,9,,Dry,9734
12462,2024-07-15 09:20:56,,Camden,4847,74,7,,Snowy,8721
16425,2024-09-13 19:15:41,London,Kensington,582,79,8,,Damaged,7767
11789,2024-06-06 00:09:21,London,,4904,24,2,Medium,,4270
10405,2024-12-13 06:34:45,,Southwark,4784,98,2,Low,Snowy,8033
14297,2024-02-14 17:04:05,,Kensington,2979,99,3,High,,3320
15911,2024-11-08 15:31:00,London,Southwark,4989,53,5,,Snowy,3381
13287,2024-08-17 07:57:06,,Islington,3791,87,4,,Damaged,7623
11731,2024-01-27 08:16:10,London,Camden,1557,54,3,High,Snowy,8509
18421,2024-07-31 02:25:17,London,Islington,4912,51,5,Low,Dry,6785
13075,2024-10-16 20:46:16,London,Islington,4883,62,9,High,Dry,2974
9922,2024-09-14 02:07:55,,Chelsea,3043,83,8,,Snowy,8424
14023,2024-12-01 04:59:06,,Islington,4746,39,2,Low,Dry,2168
11142,2024-10-08 02:03:35,London,Chelsea,454,55,0,Medium,Wet,4914
12528,2024-07-06 16:10:13,London,Islington,1288,78,4,Medium,Snowy,1192
13449,2024-09-10 09:59:43,,,1874,47,3,Medium,Dry,3286
12798,2024-10-19 04:31:19,,Chelsea,4865,70,2,,Dry,4205
13058,2024-08-09 08:55:59,London,Chelsea,587,15,7,Low,,7179
13665,2024-05-26 17:03:44,,Kensington,1382,70,2,Low,Damaged,8253
14379,2024-01-14 13:45:53,London,Kensington,1866,98,8,High,Wet,4736
14351,2024-03-05 16:33:08,,,783,45,3,Low,,4224
18945,2024-03-08 04:45:05,,Islington,2878,96,9,High,,5844
13379,2024-01-22 11:07:10,London,Camden,4353,12,5,Medium,Damaged,6410
13570,2024-02-10 03:03:33,,,4148,77,5,Low,Wet,5671
13521,2024-11-20 22:36:46,London,Southwark,2667,51,3,,Dry,7140
15567,2024-09-03 15:37:00,,Islington,2933,72,3,,Damaged,382
14967,2024-09-08 22:07:58,,Chelsea,789,70,6,Medium,Damaged,9354
11598,2024-06-21 23:17:22,London,Camden,3279,91,9,High,,8739
15619,2024-03-24 04:18:43,London,,3312,-18,6,,,7709
10235,2024-07-23 09:14:12,London,Southwark,2730,85,3,Low,Snowy,6917
11375,2024-03-25 23:03:47,London,Chelsea,1982,56,9,High,,1274
19259,2024-07-11 15:17:00,London,,2827,98,1,,,9895
9208,2024-04-02 06:52:50,,Chelsea,36,20,1,Low,Damaged,1431
19988,2024-06-20 03:07:05,,Chelsea,694,77,0,Medium,Wet,4314
12710,2024-02-13 06:35:01,,,3325,85,7,,,397
9402,2024-11-09 08:11:52,,Chelsea,2057,40,5,High,Dry,4227
11253,2024-11-14 11:23:37,London,Chelsea,4378,27,0,Medium,,6205
16204,2024-10-27 10:46:40,,Kensington,3452,44,8,Medium,,1174
16212,2024-06-07 02:21:09,London,,1546,77,8,Medium,Damaged,4241
14605,2024-07-21 16:59:23,London,Camden,2420,24,8,,Snowy,6692
14986,2024-07-27 08:29:05,,Chelsea,558,80,0,Medium,Damaged,1870
17329,2024-03-21 07:04:19,London,Camden,466,53,7,Medium,Damaged,5778
18567,2024-10-01 16:33:16,London,Southwark,4780,38,9,High,Wet,6474
19838,2024-09-10 02:02:57,London,,2421,78,8,Low,Damaged,625
11362,2024-08-21 21:32:26,London,Camden,3477,88,2,,Dry,9648
18870,2024-01-28 01:13:59,,Islington,192,38,5,Low,Dry,1046
19903,2024-11-24 05:10:08,,Kensington,1690,52,5,Medium,Damaged,2108
11994,2024-02-11 22:30:51,London,Kensington,4338,96,2,High,Dry,3108
16224,2024-09-04 02:41:23,London,,3219,77,5,Low,Damaged,4918
14222,2024-03-04 17:13:23,,Islington,4014,72,2,Low,Snowy,2943
11332,2024-07-15 02:16:10,London,Camden,59,42,2,Medium,Snowy,1829
18883,2024-02-07 02:10:04,,Camden,751,38,8,Medium,Wet,4062
14104,2024-06-17 15:52:50,London,,2225,57,8,,Dry,4550
15283,2024-11-25 15:36:31,,Southwark,3406,17,7,Medium,Snowy,8512
13115,2024-12-08 06:35:59,London,Southwark,1032,65,5,High,,5439
9494,2024-07-14 05:27:41,,,2783,55,8,,Dry,8923
19289,2024-01-23 01:31:06,London,Chelsea,3547,55,5,High,,1275
16769,2024-04-26 15:40:34,,Southwark,3785,95,6,,Dry,1967
14597,2024-04-02 12:18:50,London,Islington,3684,25,9,,Dry,5511
14344,2024-02-03 09:49:13,London,Chelsea,339,80,4,Low,Snowy,9497
12577,2024-04-04 00:44:34,,Kensington,831,88,9,Medium,Wet,9432
13481,2024-01-18 04:24:10,,Southwark,4520,87,5,Low,Snowy,7499
14156,2024-03-13 15:04:41,London,,3922,50,4,High,Dry,817
13816,2024-02-06 17:07:21,London,Kensington,3861,26,1,Medium,Damaged,1804
17144,2024-05-14 07:16:27,,Southwark,4302,33,8,Medium,Snowy,9855
9656,2024-05-22 12:04:35,London,Camden,3142,97,0,High,Snowy,5161
14010,2024-10-15 15:55:19,London,Southwark,2787,20,8,Low,,8206
16698,2024-01-22 11:33:11,London,Southwark,4680,44,5,,Damaged,8742
17449,2024-11-09 07:34:35,,Camden,857,82,9,Medium,Dry,3445
10949,2024-01-14 02:33:59,,Kensington,3215,60,2,High,Snowy,6751
16170,2024-05-15 20:14:09,,Kensington,4531,40,0,High,Damaged,8612
11224,2024-05-17 15:17:51,London,Kensington,3524,25,1,Medium,Snowy,1925
17392,2024-04-06 04:49:06,London,Southwark,2041,81,8,Medium,Wet,5575
10075,2024-12-13 10:22:41,London,Southwark,3919,34,6,Low,,6863
13642,2024-10-18 04:06:25,London,Kensington,2800,77,7,Medium,,2468
19728,2024-05-13 11:17:26,London,,2446,79,9,Low,Snowy,2206
16238,2024-02-07 14:39:21,,Southwark,2630,79,2,Medium,,7107
14751,2024-06-22 02:47:10,London,,278,77,2,,Dry,7112
14305,2024-03-18 17:23:03,,Chelsea,4433,36,8,Low,Damaged,2912
13520,2024-10-12 07:38:28,London,Chelsea,1960,88,0,Medium,Damaged,8898
15198,2024-01-17 22:05:53,London,Islington,2384,96,6,High,Dry,5421
17054,2024-12-20 06:33:41,,,2536,42,9,High,Dry,817
15350,2024-09-16 10:41:32,London,Chelsea,2725,42,6,Medium,Damaged,7724
15105,2024-06-07 23:51:06,London,Islington,3976,-49,2,High,Damaged,8560
13623,2024-10-15 04:38:42,London,Islington,14,36,3,Low,,4004
13760,2024-07-15 02:03:35,London,,2355,43,3,Low,Dry,6106
15392,2024-04-12 11:51:45,London,Chelsea,3992,71,5,,,521
10044,2024-06-13 00:00:11,London,Camden,4237,11,2,Medium,Damaged,6696
18845,2024-06-02 00:31:32,London,Camden,3840,99,3,,Damaged,7304
13496,2024-08-30 21:33:46,London,Islington,2450,78,5,High,Snowy,8009
12079,2024-01-31 14:49:24,,Islington,2978,30,3,,Wet,5322
11725,2024-09-16 18:29:03,London,Islington,879,91,5,Low,Wet,6833
17916,2024-10-08 16:43:24,London,Chelsea,3500,20,8,High,Damaged,9747
12331,2024-09-14 12:56:25,,Kensington,1051,99,0,Low,,214
10743,2024-03-07 10:01:16,,,3714,51,3,,,7332
11585,2024-04-15 02:35:47,,,415,63,1,High,,4738
13910,2024-09-25 01:16:01,,Kensington,1307,81,1,,,7930
15990,2024-02-23 14:26:30,,,201,28,6,Low,,8399
9016,2024-05-31 17:47:20,,Camden,4129,86,3,,Dry,3495
17097,2024-09-25 17:45:54,,Southwark,3691,26,3,High,,7615
12368,2024-10-12 00:43:08,,Camden,4303,-96,9,High,Damaged,6459
19237,2024-12-13 23:04:13,,,4740,58,0,,,1909
14436,2024-03-10 11:58:31,,Chelsea,2335,-71,2,High,Snowy,9607
11638,2024-12-10 10:04:42,London,Islington,2374,15,0,Low,Dry,5009
10189,2024-11-18 06:46:32,London,,2795,54,9,High,,2629
14186,2024-01-17 18:28:35,,Islington,410,68,5,High,Damaged,3703
16203,2024-05-09 17:17:27,London,Kensington,3198,59,8,Low,Damaged,7239
14410,2024-12-19 02:39:58,,Islington,548,67,2,Low,Dry,9531
15942,2024-11-15 11:05:23,London,Camden,1702,73,3,Medium,Snowy,1246
15935,2024-07-31 14:18:06,,Kensington,1158,76,9,Low,,8809
9545,2024-10-23 09:42:22,,Camden,1940,-77,1,Medium,,6400
16044,2024-04-03 01:45:21,London,Chelsea,3635,23,1,High,Damaged,5856
12379,2024-04-13 04:42:38,London,Southwark,386,30,1,Low,Damaged,1515
13338,2024-12-26 11:00:27,London,Southwark,893,22,1,High,Wet,8947
19808,2024-09-08 15:11:02,,Chelsea,4191,21,5,Medium,Wet,8923
10460,2024-09-01 04:32:56,London,Chelsea,2485,47,5,High,,8194
16857,2024-07-31 10:12:10,London,Camden,1830,18,7,Medium,,2040
18882,2024-03-15 13:24:18,,Southwark,390,88,5,Medium,Snowy,8582
17118,2024-02-05 23:43:14,London,Islington,222,83,1,Medium,,8583
16669,2024-05-12 02:43:12,London,Islington,547,41,3,High,,6925
16277,2024-11-18 15:36:41,,Kensington,2243,41,6,Medium,,6612
13116,2024-06-29 13:47:51,,Southwark,891,46,1,,Wet,1767
15683,2024-07-17 04:52:38,,,4471,-80,8,High,Damaged,5798
17964,2024-12-06 04:03:59,London,Camden,4732,58,1,Medium,Damaged,8070
11842,2024-10-22 13:09:32,,Islington,1331,40,8,High,Dry,1987
12858,2024-04-12 04:47:30,,,4425,19,9,,Wet,9639
11012,2024-12-10 11:39:14,London,,3525,93,5,High,Snowy,2642
14445,2024-09-16 13:08:11,,Camden,2563,68,5,Low,,8996
9043,2024-09-01 18:17:20,,Southwark,4430,31,0,Low,Snowy,6710
18368,2024-07-23 17:31:57,,Kensington,2345,74,4,,Snowy,3715
13183,2024-01-07 20:12:48,London,Islington,3704,40,1,Low,Damaged,8059
9652,2024-05-31 03:31:04,,Chelsea,2503,94,2,Low,Snowy,4754
10286,2024-02-08 11:28:51,,Islington,3355,54,4,Low,Wet,1695
10986,2024-03-10 19:00:47,London,,53,53,8,,,2288
18331,2024-12-29 06:48:46,London,Southwark,154,65,4,Low,,9454
10843,2024-03-06 15:48:37,,Chelsea,1277,72,3,,Wet,7458
9785,2024-05-02 01:33:10,,Kensington,937,94,9,,Dry,9647
13971,2024-09-09 22:40:48,London,,3832,94,2,Low,Wet,6881
10790,2024-01-06 07:36:51,London,Chelsea,3348,96,4,High,Damaged,5024
17869,2024-10-11 19:04:48,,Southwark,3008,35,2,Medium,Snowy,2976
10776,2024-01-26 09:47:13,London,Kensington,3843,58,6,Medium,Damaged,4042
11917,2024-12-06 10:10:22,London,,3539,70,1,Low,Damaged,967
19757,2024-12-03 11:20:23,,Southwark,3589,72,2,High,Damaged,8779
13404,2024-11-25 02:13:53,,Southwark,3600,71,8,Low,Damaged,7051
18937,2024-05-04 12:49:54,London,Chelsea,900,30,8,High,Wet,9684
10034,2024-01-07 22:29:37,London,Kensington,3915,87,4,Low,Snowy,6760
16886,2024-10-27 15:24:53,London,Camden,987,27,2,High,Damaged,5490
15245,2024-04-06 12:54:13,,Camden,4543,83,0,Medium,Dry,1801
12700,2024-02-21 00:47:10,London,Chelsea,1969,48,2,High,Snowy,2697
10851,2024-11-05 10:12:08,,Islington,4681,86,1,,Damaged,3485
12077,2024-10-06 15:16:17,London,Islington,4197,41,7,Low,Dry,859
14350,2024-05-30 23:00:19,,Camden,4731,83,4,Medium,,1287
10971,2024-09-07 01:25:32,,Southwark,4411,99,9,Low,Damaged,6973
14122,2024-11-02 09:41:53,London,,2908,80,9,Low,Snowy,2482
16361,2024-05-22 09:50:25,London,Islington,640,95,2,Low,Dry,6564
10599,2024-05-23 06:08:35,London,Camden,3572,10,7,Low,Snowy,5417
11825,2024-11-24 07:38:11,,Chelsea,3372,67,3,,Snowy,2699
18348,2024-08-23 10:15:17,London,Chelsea,3404,94,0,,Damaged,7807
17723,2024-10-01 16:54:21,,Islington,3702,-51,0,High,Damaged,4460
12895,2024-04-07 06:07:31,London,Chelsea,2951,95,6,,,1494
17451,2024-05-15 06:39:41,,Kensington,4016,39,8,High,,6635
19953,2024-03-22 13:18:20,London,Southwark,1997,84,0,High,Wet,4223
13654,2024-09-29 16:10:15,London,Kensington,2218,77,2,High,Wet,8438
10269,2024-05-10 10:05:55,,Chelsea,1740,13,5,Medium,Damaged,9405
17850,2024-05-15 22:16:52,London,Southwark,850,14,8,Medium,Damaged,3067
9788,2024-08-19 14:39:00,,Kensington,571,85,0,High,Dry,3972
16502,2024-03-27 15:28:38,London,Camden,2732,-17,4,Medium,Dry,3495
10995,2024-01-04 16:09:31,London,Camden,2411,20,5,High,Wet,5868
12195,2024-09-17 18:21:15,London,,2975,14,7,Low,,1895
16374,2024-09-12 12:28:24,,Chelsea,3665,91,5,Low,Snowy,6407
18286,2024-10-04 15:25:06,,Islington,2532,76,4,Medium,Dry,8663
19822,2024-08-30 15:06:53,London,Camden,274,55,8,Low,Snowy,8682
12389,2024-01-05 23:53:58,,Southwark,1783,56,8,Low,Dry,439
10779,2024-02-15 19:07:37,London,Kensington,1643,63,3,High,Wet,7459
19091,2024-01-21 13:57:34,London,Islington,2489,54,7,Low,Wet,7233
16790,2024-02-20 01:44:16,London,,3079,76,8,Low,,5006
11762,2024-04-15 06:46:52,London,,2148,36,3,High,Damaged,899
16302,2024-05-11 01:04:25,,Camden,1786,82,1,High,Snowy,332
13486,2024-04-01 21:09:18,,,2464,57,6,,Dry,4467
19868,2024-01-11 17:03:53,London,Camden,2317,99,6,Low,,4567
12098,2024-09-06 21:10:08,,Islington,2016,15,6,High,Dry,2232
16957,2024-12-27 03:30:42,,,4036,67,7,High,Wet,3436
15226,2024-08-20 12:56:34,London,,4046,98,8,Low,Dry,4106
16934,2024-12-02 05:45:41,London,Camden,699,66,2,High,Snowy,7686
10570,2024-03-24 12:31:33,,Chelsea,984,13,4,Low,Dry,4962
15938,2024-08-05 08:46:26,London,Kensington,4068,64,0,,Dry,3137
11838,2024-03-25 22:04:11,,,2667,51,5,,Dry,1007
15637,2024-03-08 05:38:08,London,Kensington,4627,44,4,Low,Snowy,8989
10380,2024-04-27 20:45:14,,Chelsea,511,80,5,High,,8741
11809,2024-03-24 23:04:38,London,Chelsea,3457,30,3,Medium,Wet,4539
11436,2024-12-29 19:40:37,London,Kensington,321,95,0,Medium,Wet,678
12639,2024-09-29 21:22:37,,Camden,2638,27,4,Medium,Damaged,2301
16370,2024-09-15 02:13:34,,Islington,1035,82,1,,Damaged,9719
13087,2024-11-22 08:01:35,,Kensington,116,11,3,Low,Damaged,2535
18615,2024-06-25 03:47:58,,Islington,310,95,5,High,Damaged,1428
11457,2024-09-11 06:00:42,,Southwark,3266,53,4,Low,Snowy,8653
18317,2024-12-19 08:10:20,London,Camden,2828,52,8,Medium,Wet,1782
11184,2024-08-10 03:18:18,London,Camden,118,98,7,,Snowy,3904
11603,2024-05-28 07:33:35,London,Chelsea,913,79,8,Low,Snowy,7759
9389,2024-04-19 17:59:26,,,2947,15,3,High,Snowy,9055
19567,2024-03-15 04:16:01,London,Kensington,1807,42,5,Low,Damaged,1670
18534,2024-03-28 22:03:29,London,,1590,57,0,Medium,Wet,553
10901,2024-03-03 02:09:59,London,Southwark,2211,60,4,,Damaged,2847
14243,2024-09-16 02:42:21,,Southwark,1922,34,7,Low,Damaged,1948
13294,2024-05-08 14:57:47,,Islington,4836,40,1,,Snowy,2767
13076,2024-05-28 09:38:45,London,Southwark,2971,76,4,,Snowy,4974
9028,2024-03-20 06:07:41,London,Chelsea,3712,22,4,Medium,,1989
15065,2024-02-27 03:14:21,London,Camden,4499,11,3,Medium,Wet,4906
9984,2024-04-04 21:08:45,London,,2547,12,2,Medium,Wet,6033
17593,2024-01-26 16:47:15,London,Southwark,4409,39,1,High,,4127
19183,2024-09-06 17:27:03,London,,2,39,1,Low,Dry,7761
16795,2024-06-21 05:29:03,London,Kensington,3891,44,9,High,Damaged,1035
15344,2024-05-04 19:22:27,London,Chelsea,2254,80,5,Low,Damaged,1658
16256,2024-09-16 03:57:10,London,Southwark,2784,59,4,,Wet,8948
16979,2024-01-27 01:58:54,,Camden,3352,31,1,Low,Snowy,2471
14916,2024-08-08 23:36:01,,,3120,90,7,Low,Wet,3761
10419,2024-05-14 18:55:36,,Islington,816,58,3,High,Damaged,7345
17036,2024-03-01 18:58:58,,,3940,35,7,Low,Snowy,2126
19742,2024-11-23 22:31:47,,Southwark,3101,54,8,Low,Wet,3754
19726,2024-07-17 09:46:23,,Chelsea,2845,57,5,Low,Snowy,9989
15678,2024-01-12 18:02:33,London,Kensington,1795,14,2,Low,Snowy,6432
18009,2024-05-06 20:23:20,,Kensington,4031,91,5,High,Wet,1966
15100,2024-11-13 17:31:43,,Southwark,3117,41,1,,Snowy,9620
12661,2024-08-21 13:37:08,London,Kensington,1392,38,4,Medium,Dry,2778
15095,2024-05-18 05:41:40,London,Kensington,1891,14,0,,,2234
9911,2024-11-05 06:26:07,,Chelsea,1859,77,1,Medium,Dry,2830
18594,2024-06-25 05:45:29,,Chelsea,643,94,6,Medium,Snowy,3840
19316,2024-04-21 05:07:22,,Islington,4751,10,0,,Wet,4350
13324,2024-05-29 12:20:07,,Camden,891,12,9,Medium,Damaged,1409
9574,2024-03-30 15:15:51,,Kensington,209,45,9,,Damaged,5828
19929,2024-07-15 23:27:48,London,Islington,279,84,4,Low,,7500
18376,2024-02-04 10:36:39,,Camden,3150,36,1,Low,Wet,4082
17234,2024-08-12 14:48:35,,Southwark,209,33,3,Medium,Snowy,6108
18559,2024-11-21 17:16:47,London,Southwark,3421,72,3,Low,Wet,6495
19493,2024-12-04 20:53:07,London,Southwark,357,41,3,High,Wet,5397
19920,2024-01-14 19:10:13,,Chelsea,4694,68,6,Low,,459
16848,2024-04-26 04:44:27,London,Islington,4567,11,9,Medium,,3619
14226,2024-09-08 11:46:32,,Kensington,4376,63,5,High,Dry,4952
9738,2024-09-20 06:30:57,London,Islington,3397,61,2,Low,Dry,9841
15569,2024-03-18 20:57:31,London,Kensington,3487,74,3,,Dry,9910
17115,2024-01-06 01:28:17,,Kensington,4805,73,1,Low,Dry,9764
13284,2024-02-22 16:00:06,London,Southwark,1521,95,7,High,Snowy,3205
15079,2024-03-08 02:20:46,London,Chelsea,4856,38,1,Medium,Snowy,6626
9168,2024-08-12 07:31:27,London,,3164,94,6,Medium,Dry,6462
16409,2024-04-26 11:38:32,London,Camden,4516,16,7,Medium,Dry,5893
15831,2024-09-16 16:02:58,London,Camden,1635,48,9,High,Dry,3666
11744,2024-07-18 03:43:25,London,Kensington,1370,23,8,High,Snowy,4035
14836,2024-02-11 17:08:17,London,Islington,4224,83,1,Low,Damaged,2154
15336,2024-10-29 07:07:41,London,Chelsea,2828,57,8,,Wet,4796
14814,2024-01-10 00:52:06,,Southwark,1452,87,3,Low,Damaged,7529
19362,2024-11-07 06:36:18,,,1853,95,0,High,Wet,8264
19174,2024-08-01 16:55:33,London,Islington,4684,27,8,,Damaged,3470
16951,2024-04-10 21:32:41,London,Islington,4759,43,3,Medium,Snowy,2531
14929,2024-09-25 10:42:58,London,Camden,2502,-12,5,,,360
11438,2024-12-17 18:54:15,,Southwark,4686,95,0,,,2405
14300,2024-08-15 21:56:12,London,Camden,4807,31,2,High,Wet,5976
9246,2024-02-13 12:40:35,London,Chelsea,1400,98,7,,Wet,618
19915,2024-04-21 18:01:13,London,,533,27,2,High,,5768
12088,2024-12-17 20:24:19,,Chelsea,2665,39,0,,,1363
12729,2024-05-10 09:25:11,London,Camden,4536,-21,2,Low,Damaged,360
18705,2024-05-25 08:33:30,,Chelsea,1984,30,0,High,Damaged,3073
18038,2024-11-16 02:00:07,London,Camden,4527,75,5,Low,Dry,6828
11353,2024-06-06 10:37:18,London,Camden,1755,49,1,Medium,Dry,478
12839,2024-11-17 18:55:59,London,,3425,81,0,Medium,,4385
15533,2024-04-27 06:30:10,,Kensington,4988,18,9,,Wet,9662
11688,2024-02-08 14:58:13,London,Camden,1206,55,6,Medium,Dry,4719
19826,2024-11-26 18:46:15,,Southwark,945,19,1,Medium,Snowy,5039
17224,2024-04-30 00:21:50,,Kensington,2251,92,7,Low,Dry,6660
13752,2024-09-15 20:57:12,,Southwark,2339,85,4,,,5474
18498,2024-02-08 15:18:15,London,,3697,41,4,Medium,Wet,216
18781,2024-12-08 01:11:03,,Kensington,1511,33,3,,Snowy,6597
9043,2024-11-23 23:33:02,London,Camden,4746,19,6,High,Snowy,5315
9880,2024-05-05 16:36:26,,Southwark,1004,20,5,Medium,,1274
12446,2024-09-23 15:24:11,London,Chelsea,4305,96,5,Medium,Snowy,5742
17497,2024-01-16 05:19:41,,Southwark,835,48,4,High,Wet,3785
17052,2024-12-07 09:39:49,London,Camden,995,90,6,Low,Wet,1826
12968,2024-06-14 22:02:27,,Kensington,2043,-38,0,Low,Snowy,2175
16961,2024-12-19 07:21:44,London,Camden,2405,30,5,,Dry,1069
13244,2024-09-24 12:43:49,London,Camden,2930,39,1,Low,Damaged,8781
19225,2024-02-27 15:16:47,London,Southwark,1038,75,3,High,Wet,8740
9235,2024-06-19 03:01:34,,Kensington,4201,49,5,,Dry,1193
10866,2024-10-12 15:03:23,,Kensington,1943,82,7,High,Wet,4810
10998,2024-01-06 16:03:16,,Camden,4849,45,2,High,Dry,6784
18485,2024-02-19 10:39:47,London,Chelsea,482,83,7,Medium,Damaged,2320
19402,2024-12-26 10:41:36,London,Kensington,4285,61,6,High,Damaged,9893
10828,2024-09-01 13:17:20,,Camden,1460,25,4,Low,Dry,2448
17502,2024-11-17 22:11:49,,Islington,4189,93,9,Low,Wet,4547
9085,2024-12-15 04:27:20,London,,2733,41,7,Low,Damaged,5147
9849,2024-03-28 05:04:47,London,,2678,17,6,Medium,Damaged,1545
9702,2024-06-19 01:29:03,,,112,20,1,Medium,Damaged,7535
17640,2024-03-16 14:31:20,,Camden,2423,16,3,,,5273
19868,2024-01-24 03:27:52,London,Kensington,3049,23,8,Medium,Dry,9399
17019,2024-08-14 07:35:24,,Islington,3187,68,1,High,Damaged,5707
9505,2024-09-26 10:09:49,London,Chelsea,260,11,9,Low,,507
11118,2024-07-25 08:59:35,London,,3481,79,8,High,Wet,5452
13107,2024-01-28 02:10:12,London,Camden,32,88,8,Low,Dry,9075
9653,2024-04-27 10:34:19,London,Camden,3995,91,8,,Snowy,9684
18128,2024-02-25 00:20:28,London,Southwark,3951,40,4,Medium,Wet,5623
9729,2024-11-03 04:41:53,London,Kensington,1953,72,4,Low,Damaged,9192
9646,2024-03-30 11:34:27,,Camden,3444,99,9,Medium,Dry,4189
15484,2024-10-01 12:45:00,,Southwark,4277,58,0,High,Snowy,2435
18662,2024-05-16 06:19:32,,Southwark,4827,30,8,,,7959
13947,2024-05-21 11:06:54,,Kensington,1416,53,2,High,Snowy,8190
15560,2024-04-20 20:26:50,,,277,96,7,,,4394
13696,2024-06-10 21:44:23,London,Camden,2924,82,4,Low,Wet,3624
11649,2024-08-30 02:20:43,London,Southwark,803,36,0,Low,,8807
9833,2024-02-03 15:14:03,,Kensington,4304,43,2,Low,Damaged,9925
17055,2024-03-07 16:04:12,London,Chelsea,4736,34,2,Medium,Damaged,8079
10629,2024-07-24 09:44:22,London,Kensington,1321,37,2,,,9073
11402,2024-02-12 03:33:44,,Kensington,795,54,7,High,Snowy,2642
9521,2024-09-23 14:22:43,London,Camden,3596,55,3,Medium,Damaged,9978
11828,2024-05-07 20:09:10,London,Kensington,3677,90,3,Low,Damaged,7382
16407,2024-05-30 12:01:01,,Chelsea,659,90,0,Low,Wet,7838
11517,2024-01-07 14:22:31,London,Kensington,343,34,2,Medium,Dry,1173
13939,2024-11-04 14:49:38,London,Southwark,1660,75,6,Medium,Dry,8075
12932,2024-08-08 19:55:49,London,Chelsea,2679,-38,7,High,Snowy,2358
15196,2024-07-09 10:30:10,London,,1171,99,3,Low,Dry,704
18005,2024-10-13 16:35:09,,Chelsea,4011,82,9,,Damaged,7128
19855,2024-03-16 10:25:55,London,Camden,1887,12,8,,Snowy,6000
14478,2024-04-04 20:21:05,,Kensington,4988,13,0,High,Dry,1856
11791,2024-07-06 02:31:29,London,Kensington,2588,53,7,High,Damaged,4995
16020,2024-05-21 12:42:27,,Southwark,3927,24,7,,,8385
14266,2024-09-22 08:36:03,London,,3772,79,6,Medium,Damaged,8293
16072,2024-09-09 00:41:02,,Islington,1084,45,4,Low,Wet,9425
10374,2024-01-26 13:01:25,,Islington,3100,77,0,Medium,,5499
12643,2024-02-25 19:06:30,,Islington,3436,80,6,Medium,Wet,8248
17757,2024-05-09 01:02:00,London,,2354,52,7,Medium,Damaged,832
10588,2024-08-23 06:38:54,,Southwark,2791,24,3,Low,Wet,6622
11351,2024-07-25 02:53:08,London,Camden,1118,16,7,Low,Snowy,9287
16581,2024-09-17 10:34:24,London,Chelsea,3645,28,8,Low,Damaged,7534
10704,2024-07-10 20:30:32,,Southwark,888,28,1,High,Dry,7855
10837,2024-06-23 08:55:29,,Camden,1671,25,0,Low,Dry,8020
9042,2024-03-25 22:12:27,,Southwark,3880,87,6,Low,Dry,9380
17948,2024-05-29 17:01:54,,Islington,4453,33,6,High,Damaged,4611
15407,2024-01-04 13:46:29,London,,4917,65,1,Medium,Snowy,2073
11766,2024-11-19 05:09:56,,Islington,2344,37,2,Low,Snowy,5518
11107,2024-07-19 12:16:46,,Southwark,780,29,1,Medium,Wet,1156
16494,2024-03-21 00:38:38,,Kensington,3595,43,7,Medium,Wet,588
13195,2024-09-23 14:48:30,,Islington,4318,46,7,,,2574
12597,2024-08-27 17:13:49,,Chelsea,2548,35,0,Low,Snowy,2553
15541,2024-05-12 11:46:51,,Camden,4792,71,3,High,,8142
13918,2024-10-19 17:10:13,London,,30,22,9,Medium,,374
10867,2024-11-07 13:51:17,,Chelsea,294,45,6,Low,Dry,8543
13354,2024-11-07 20:27:37,London,Camden,4713,87,6,Low,Snowy,4151
13265,2024-12-11 06:44:06,,Islington,1634,41,6,Low,Damaged,815
12186,2024-01-18 07:11:54,,Chelsea,1109,83,7,Medium,,1032
15295,2024-03-27 17:30:51,London,Camden,4788,30,1,,Damaged,8995
10840,2024-06-21 05:47:59,London,Camden,3096,18,2,,Damaged,3841
16707,2024-03-09 02:32:14,London,Kensington,4021,14,2,Low,Dry,3517
13930,2024-08-30 19:22:42,,Southwark,1818,10,3,Low,Wet,367
10019,2024-08-11 17:05:53,,Kensington,2702,57,3,High,Dry,9070
17870,2024-02-19 08:12:22,London,,1943,99,6,High,Wet,2213
11275,2024-04-25 16:03:16,,Kensington,1582,47,3,Low,Damaged,4123
15946,2024-05-31 20:14:08,London,,4220,37,2,High,Wet,2390
18124,2024-01-29 18:02:34,,Camden,2368,77,9,High,,8148
18371,2024-02-20 01:10:32,,Southwark,74,88,9,Low,,7539
14903,2024-09-14 01:35:15,,Southwark,1132,27,8,Medium,Snowy,6273
17306,2024-09-06 04:27:15,,Kensington,519,33,8,High,Snowy,9473
16349,2024-12-27 02:59:59,,Southwark,2653,30,8,Medium,Wet,8359
12052,2024-09-21 17:22:43,London,Chelsea,4843,22,7,High,Damaged,6381
13961,2024-02-12 01:15:10,,Southwark,234,62,0,,Dry,914
12991,2024-12-22 19:15:16,,Kensington,1091,47,8,High,Wet,2873
12944,2024-07-31 23:16:14,London,,2061,88,3,Medium,Dry,3957
17522,2024-11-18 17:40:22,,,1930,68,6,High,Snowy,6670
9272,2024-06-18 10:00:18,,Islington,2125,72,2,Low,Damaged,3324
14485,2024-03-18 14:06:12,London,Southwark,3607,17,5,High,,4846
17253,2024-10-22 15:12:09,,Southwark,4332,33,1,High,Snowy,7840
14585,2024-11-12 16:56:21,London,Camden,617,98,5,,Wet,3536
14905,2024-11-04 19:05:21,,Southwark,884,92,6,,Wet,2776
9465,2024-09-21 07:45:50,,Islington,3838,78,9,High,Damaged,3563
19756,2024-11-18 14:44:43,,,3927,38,0,High,Damaged,3469
16604,2024-06-19 12:22:49,,Kensington,4798,90,9,,Dry,4530
17474,2024-12-04 19:27:01,London,,284,23,7,Medium,Wet,8002
10475,2024-02-03 20:39:08,London,Chelsea,1678,88,4,,Dry,2872
15389,2024-01-17 21:27:26,,Camden,621,59,4,Medium,,9309
13534,2024-03-21 15:07:23,London,Islington,4153,32,7,High,Snowy,115
16216,2024-01-03 23:11:11,London,Camden,569,63,0,Medium,Snowy,7568
13268,2024-05-10 17:12:03,London,Kensington,3708,98,3,,Damaged,971
15184,2024-11-15 09:23:04,London,Islington,314,51,5,Medium,Damaged,2866
11238,2024-12-18 16:37:23,,Chelsea,2962,74,6,High,Wet,2023
14534,2024-09-19 00:43:21,,Camden,272,94,9,Low,Dry,2496
17353,2024-06-02 07:08:41,,Chelsea,3170,23,2,,,2309
13922,2024-08-10 02:39:04,,Chelsea,263,75,3,Medium,Dry,7748
12096,2024-02-12 10:21:25,,Camden,1701,45,0,Medium,Dry,7719
18756,2024-01-24 09:37:00,,Southwark,1958,96,0,Low,Snowy,7626
12318,2024-01-07 06:17:52,,,1734,69,5,Low,Damaged,8902
14556,2024-09-11 08:23:42,London,Kensington,3541,10,1,,Wet,4945
11499,2024-03-04 05:45:56,London,Kensington,361,46,1,Medium,Dry,8929
9310,2024-03-30 11:21:20,,Islington,1538,26,9,,Damaged,2524
10166,2024-01-22 16:15:07,,Southwark,571,42,2,Low,Damaged,4049
12580,2024-12-12 14:21:05,London,Chelsea,2448,64,9,Low,Snowy,4626
11341,2024-01-03 17:01:06,,,3354,-86,5,High,Snowy,4169
13119,2024-08-01 04:34:49,,Kensington,717,89,1,Medium,Snowy,8767
12857,2024-05-22 16:27:58,,Chelsea,4948,15,3,Low,Snowy,737
19817,2024-07-02 19:17:21,,Camden,1219,95,4,Low,,1757
18743,2024-11-24 11:37:48,London,Camden,4478,56,8,,Dry,7965
16904,2024-10-10 17:06:59,London,Camden,2904,16,1,High,Snowy,1733
13713,2024-12-02 08:39:20,,,2201,96,6,Low,Damaged,8479
14848,2024-02-18 11:18:35,London,Camden,1359,60,3,,Dry,9775
14558,2024-08-18 02:59:21,London,,2902,31,6,High,Damaged,1943
13202,2024-04-08 11:49:53,,,3545,98,0,,Dry,2642
13748,2024-02-08 19:35:51,,,1415,15,0,,Wet,3247
9769,2024-01-17 04:19:53,,,2365,-92,2,Low,,201
10269,2024-07-17 14:43:54,,,4607,33,6,Low,Snowy,4244
9653,2024-07-24 22:49:00,London,Islington,127,39,0,High,Wet,9613
18649,2024-05-21 21:10:39,,Chelsea,1113,-97,6,,Damaged,6087
10822,2024-10-07 09:31:46,,Kensington,2523,71,0,Low,Snowy,8785
11371,2024-11-30 15:02:29,,Camden,3320,32,4,,Damaged,7135
15719,2024-04-20 03:04:32,London,Kensington,4115,93,8,High,Snowy,2971
9570,2024-07-28 20:57:49,,Camden,2237,22,1,Low,Snowy,2516
12413,2024-12-07 21:49:28,,Kensington,3465,75,4,,Dry,2907
12671,2024-10-17 22:27:36,London,Chelsea,2210,55,5,High,Damaged,8097
16335,2024-07-14 14:37:12,,,1496,85,0,,,9321
14029,2024-04-25 02:24:27,London,,399,68,6,Medium,Wet,6820
17195,2024-09-16 13:35:31,,Islington,610,15,8,High,Wet,6866
11189,2024-07-17 16:45:59,,Islington,1556,78,8,High,Damaged,4890
19219,2024-08-05 11:47:40,London,Camden,4338,29,9,,Snowy,1360
15152,2024-04-18 22:10:20,London,Islington,634,43,6,,Damaged,7423
18952,2024-10-09 07:09:26,London,Southwark,4743,14,5,High,Wet,4867
17687,2024-02-18 08:26:10,,Kensington,2216,91,3,,Damaged,8339
17191,2024-04-21 14:12:05,,Chelsea,1101,79,0,High,Dry,8367
18230,2024-12-28 08:44:41,,Southwark,4993,50,9,Low,Snowy,6768
12991,2024-08-09 11:32:58,London,Southwark,3283,16,4,Low,Snowy,2374
15657,2024-10-23 14:52:00,,,321,55,4,Low,Snowy,8113
9085,2024-08-22 01:20:45,,,1969,19,0,,Dry,8696
18412,2024-06-11 11:52:22,,Southwark,1271,93,1,Low,Damaged,5248
18466,2024-09-28 11:44:08,,Southwark,1328,81,9,Medium,Damaged,9948
14011,2024-07-21 12:43:17,London,Southwark,2307,81,1,High,Wet,687
11884,2024-05-02 04:50:22,London,,4638,20,8,Medium,,5649
11535,2024-04-15 18:23:17,London,Kensington,3598,64,9,Low,,6346
11745,2024-08-11 21:24:54,London,Kensington,4347,69,4,Medium,Dry,7821
11977,2024-02-07 20:32:36,London,Kensington,209,25,3,Medium,,6103
13019,2024-03-26 12:55:52,London,Camden,991,17,9,,,3648
10874,2024-11-04 01:59:52,,Chelsea,1000,-32,9,Low,Snowy,9795
9375,2024-10-17 08:16:56,,Islington,4376,28,6,Low,Wet,7765
19127,2024-09-07 06:21:09,London,Islington,3847,83,5,Medium,,4503
15918,2024-03-12 15:38:32,,Islington,4415,64,6,Low,Snowy,1632
16774,2024-10-12 19:12:19,London,Camden,4690,57,7,,Dry,8516
14686,2024-09-06 16:23:59,,Camden,1446,31,1,,,6112
10786,2024-11-12 21:46:11,London,,3450,15,7,Medium,Wet,1874
12581,2024-11-26 11:10:00,London,,872,70,5,Medium,Snowy,7072
10234,2024-02-16 05:08:02,,,948,55,5,Low,Snowy,9267
12826,2024-12-19 18:45:14,,Chelsea,1584,53,1,Medium,Wet,4469
17677,2024-04-16 18:54:00,,Kensington,4470,-16,8,Low,Dry,4903
12046,2024-06-19 20:03:49,London,Camden,1526,64,3,Medium,Wet,1313
15775,2024-12-19 17:31:06,,Islington,3042,95,9,High,Damaged,2647
15648,2024-12-15 13:14:28,London,Southwark,843,92,4,,,9411
10715,2024-07-18 21:52:34,London,Chelsea,1911,83,7,High,Snowy,6332
11987,2024-05-20 10:13:31,,Chelsea,1085,16,9,High,Damaged,4945
11147,2024-02-14 01:29:34,London,Southwark,1523,89,8,Medium,,2152
11049,2024-03-21 20:27:47,,Camden,2231,96,3,Medium,Wet,8805
16103,2024-08-18 06:27:57,London,Kensington,13,98,9,Medium,Dry,4161
15005,2024-01-15 01:42:57,,Southwark,4126,69,6,,Wet,9558
15673,2024-07-07 05:30:01,,Camden,4094,73,4,Low,Damaged,4568
11658,2024-04-12 13:58:30,London,Islington,3542,77,9,High,Snowy,5026
15260,2024-05-06 05:26:17,London,Southwark,1817,32,6,High,,3644
12779,2024-09-10 08:52:54,,Kensington,3323,96,4,High,Dry,8107
17797,2024-05-18 21:54:34,,Camden,4692,59,2,High,Dry,7803
10350,2024-07-23 23:38:17,London,Camden,4152,70,6,Medium,Snowy,1230
13063,2024-02-15 18:21:26,,Islington,2501,16,9,Low,Snowy,4792
9583,2024-04-11 08:10:47,,,3670,32,6,Low,Dry,539
10379,2024-05-28 07:31:35,London,Islington,1760,-40,2,Low,,6499
19169,2024-03-06 19:09:07,,Chelsea,4034,91,0,High,Dry,6379
11319,2024-12-13 01:19:17,,Kensington,431,31,3,,Dry,5148
10158,2024-06-24 01:42:22,,Southwark,2773,37,4,High,Wet,2917
13942,2024-02-03 18:13:39,,Islington,2301,58,6,High,,6228
14566,2024-01-12 00:28:14,London,,4069,13,6,Medium,Dry,9607
11888,2024-02-01 06:22:19,,Kensington,4115,39,0,Medium,Dry,5801
14825,2024-08-11 20:22:43,London,Kensington,542,66,8,High,Damaged,8612
14046,2024-12-08 00:12:12,London,Islington,4122,85,1,,Snowy,1992
18505,2024-05-27 12:30:43,,Islington,1098,13,4,Medium,Snowy,3125
13876,2024-05-19 18:52:36,London,Chelsea,4488,54,1,,Snowy,8273
19921,2024-09-13 03:59:23,,Islington,736,28,2,Medium,Wet,4352
10733,2024-10-06 23:35:14,,,4617,74,3,Low,Wet,2585
17288,2024-08-02 07:42:49,London,Islington,3334,64,6,Low,,2183
9652,2024-07-11 21:52:00,,Camden,4931,69,9,Low,,606
17346,2024-10-26 23:56:39,London,Southwark,227,33,3,High,Snowy,6457
9567,2024-02-28 16:05:42,,Chelsea,2485,62,9,,Snowy,5994
19146,2024-02-10 19:59:49,London,Southwark,3386,91,7,Medium,,7898
13500,2024-11-14 21:02:27,London,Islington,2413,82,1,Low,Dry,4099
9128,2024-03-28 20:59:10,,Kensington,1391,27,8,,Damaged,3644
11477,2024-11-24 14:38:05,,Kensington,1280,67,1,High,Wet,5314
14397,2024-03-29 17:06:27,,Chelsea,4124,64,6,Low,,7138
13056,2024-05-30 07:55:07,,Southwark,1362,46,1,Medium,Wet,5051
18172,2024-06-02 22:36:57,London,Kensington,679,64,6,High,Dry,7376
10140,2024-09-26 22:58:01,,Kensington,1306,28,3,Medium,Dry,6873
14378,2024-01-12 06:12:44,,,2365,-58,8,Medium,Snowy,4184
19188,2024-07-24 04:14:52,London,,636,78,7,High,Dry,141
13616,2024-10-19 09:38:05,,,4440,63,5,High,Snowy,1179
15693,2024-04-27 08:20:41,London,Chelsea,1943,19,8,,Wet,2609
15400,2024-07-26 14:21:05,,Kensington,1960,69,3,Low,Dry,3184
15779,2024-04-28 12:50:26,,Chelsea,2090,70,5,High,,7091
11734,2024-09-05 22:47:17,,Chelsea,1553,90,5,Low,Dry,3809
18480,2024-02-07 18:15:12,London,,3795,27,1,High,Snowy,4286
17424,2024-07-30 10:36:22,London,Camden,3697,73,6,Medium,,7322
14399,2024-05-27 13:24:06,,Islington,2049,81,3,High,,3030
9049,2024-03-05 17:45:33,,Southwark,2929,45,9,Medium,Dry,1869
10677,2024-07-28 06:08:05,London,Islington,2039,94,0,High,Damaged,4669
11367,2024-12-10 15:05:00,London,,1196,55,4,,Wet,6692
13450,2024-11-14 20:51:16,,,2797,89,4,,Wet,226
13890,2024-05-19 21:05:57,London,,2278,71,6,,Snowy,7071
17037,2024-03-21 19:59:48,London,Islington,4763,39,7,Low,Dry,3568
9825,2024-06-07 12:28:28,,Chelsea,280,76,6,Low,,6300
15197,2024-11-04 00:35:58,London,Chelsea,2655,83,5,Medium,Wet,9765
10709,2024-08-24 12:24:51,London,Kensington,2946,83,2,Low,Wet,3093
18892,2024-05-16 02:26:35,,Chelsea,2090,65,6,Medium,Damaged,942
11523,2024-02-03 22:12:27,London,Camden,2447,76,9,Medium,Dry,9336
9165,2024-10-28 02:03:25,,Chelsea,101,43,1,,,4628
19980,2024-09-07 08:21:38,,Kensington,3778,33,5,Medium,Snowy,5698
18371,2024-01-10 09:19:55,,Islington,4637,21,8,Low,Dry,6196
19996,2024-11-09 14:35:58,,Chelsea,4410,70,5,High,Wet,2069
15561,2024-12-12 00:59:14,,Kensington,4466,33,3,High,Dry,8901
12350,2024-09-21 10:02:23,London,Camden,375,68,6,Low,Snowy,3920
19916,2024-06-02 21:57:36,,,3259,72,7,Medium,Snowy,1530
9614,2024-09-18 02:37:12,London,Islington,4328,42,6,High,,3752
14303,2024-06-22 04:58:56,London,,2307,99,4,High,Dry,1741
14394,2024-05-08 15:15:48,,Islington,4500,20,4,Low,Wet,8320
14833,2024-03-27 10:42:30,London,Islington,3569,33,1,,Damaged,9104
11386,2024-10-28 09:48:07,London,Camden,4586,26,0,,Snowy,8791
9317,2024-11-25 21:47:34,,Southwark,4437,90,1,Medium,Wet,5367
12410,2024-05-28 09:33:34,,,2940,86,4,Low,Wet,5430
14824,2024-01-21 01:11:13,London,Kensington,334,95,5,Medium,Wet,6033
11418,2024-04-14 06:52:55,London,Southwark,1435,99,6,Medium,,5681
12602,2024-07-03 19:22:30,London,Islington,3637,47,8,High,,5682
15862,2024-03-05 11:14:35,London,Camden,3807,31,8,Low,Snowy,2810
16257,2024-03-16 04:15:23,London,Islington,3787,47,7,High,Damaged,5639
10617,2024-10-02 08:56:07,London,Chelsea,3740,45,4,High,Snowy,5306
14853,2024-03-11 10:39:56,London,Southwark,455,67,9,Medium,,695
12869,2024-05-21 10:37:18,,Chelsea,2127,44,7,Medium,Wet,2234
17716,2024-08-27 16:03:24,London,Camden,1935,21,8,Medium,Snowy,4713
15847,2024-08-02 09:50:08,,Southwark,2225,52,9,Medium,Wet,863
19954,2024-05-02 05:10:00,London,Southwark,4866,79,8,Medium,Dry,4451
9616,2024-04-19 17:42:24,London,Chelsea,3771,79,8,,Wet,895
14637,2024-02-21 14:54:28,,Chelsea,4310,61,5,Medium,Wet,9605
13703,2024-09-21 10:26:30,London,Islington,3860,95,0,High,Dry,5245
13308,2024-01-14 03:02:57,,Chelsea,4440,55,9,Low,Dry,6740
12113,2024-07-01 08:34:44,,Islington,3035,29,4,Low,Wet,6253
17939,2024-01-24 03:46:39,London,Islington,4743,88,2,High,,4867
17928,2024-07-14 14:34:25,,Chelsea,3706,23,6,,Wet,4771
17531,2024-10-21 16:54:03,London,Kensington,3119,97,8,High,Snowy,3975
14949,2024-05-07 23:36:25,,Chelsea,3969,93,3,,Wet,904
10558,2024-06-19 18:43:45,,Islington,3088,17,7,Low,,5844
13283,2024-02-25 01:22:06,London,,613,10,4,Low,Wet,9565
14621,2024-10-07 16:16:21,London,,1278,31,4,Low,Damaged,1358
16357,2024-08-07 02:13:14,London,Camden,4914,91,6,,,6681
17624,2024-01-10 15:13:14,,Kensington,752,42,1,Medium,Dry,3989
12757,2024-06-03 07:00:35,,Kensington,1209,95,7,High,,5614
19277,2024-05-29 15:31:45,,,4933,16,7,,Damaged,8635
18059,2024-04-30 04:13:15,,Southwark,3580,67,1,Low,Damaged,2430
15937,2024-10-04 04:53:41,London,Kensington,2752,38,7,Low,Wet,8773
14708,2024-03-30 15:42:05,,Camden,4662,56,0,High,Snowy,9154
18024,2024-01-04 16:51:20,London,Southwark,639,13,8,Low,Dry,6170
10952,2024-10-11 03:54:04,London,Islington,264,25,7,,Dry,837
18847,2024-09-13 00:57:11,London,Islington,12,36,9,,Snowy,464
17039,2024-12-18 06:11:07,London,Kensington,1484,34,9,,,3860
18772,2024-07-19 01:17:14,London,Islington,946,20,0,Low,Dry,1130
18984,2024-02-12 16:45:17,,Southwark,3331,79,5,,,5071
13615,2024-08-20 16:12:07,London,,1398,24,1,Medium,Damaged,2165
12741,2024-04-12 23:18:46,London,Islington,2242,25,3,High,Dry,6534
13988,2024-07-05 00:51:35,London,Camden,4255,13,8,Medium,Damaged,7196
11991,2024-02-23 22:00:14,,Camden,4746,17,0,High,,8774
15673,2024-03-18 03:06:40,London,Southwark,2983,26,0,,,1525
18235,2024-06-19 12:17:35,London,Southwark,2556,23,8,,,8622
12313,2024-09-24 20:31:57,,Chelsea,4719,91,4,Medium,Wet,5435
11907,2024-04-25 15:16:29,,,300,72,9,Medium,Dry,942
14773,2024-10-22 09:44:59,London,Islington,4736,96,7,Low,Wet,3385
15391,2024-07-30 02:17:09,London,Southwark,4162,99,8,High,,3632
16847,2024-11-09 11:29:16,London,Kensington,3709,66,8,High,,446
18127,2024-05-02 21:14:16,,,2789,61,2,Low,Damaged,7436
9455,2024-08-15 13:39:01,,Islington,1182,20,6,Medium,,9676
11832,2024-11-10 17:26:44,London,,605,69,7,Medium,Dry,2130
16615,2024-02-01 12:56:04,,Islington,2686,79,3,Medium,Snowy,8660
15472,2024-03-01 11:34:59,,Chelsea,1040,29,5,,Damaged,1577
16156,2024-08-13 02:19:09,London,Islington,3415,34,1,,Dry,2849
10607,2024-04-20 21:12:27,London,Kensington,2442,60,8,Medium,Snowy,3029
18703,2024-06-18 03:39:04,,,3126,93,3,,Wet,441
16195,2024-12-18 19:01:43,,,207,76,6,Low,Dry,1330
14606,2024-11-01 22:17:00,,Chelsea,3150,42,6,,Dry,1087
16820,2024-03-25 13:54:46,London,Southwark,2064,67,4,Low,,9296
18025,2024-09-08 08:40:47,,Islington,4478,32,7,,Snowy,6113
17657,2024-11-29 21:01:13,,Kensington,3675,82,6,High,Damaged,9040
9593,2024-05-12 14:35:15,London,Camden,1735,96,7,,Damaged,6183
9087,2024-08-24 04:00:36,,Islington,2968,52,6,High,,8078
18202,2024-10-15 21:17:53,London,Camden,4691,45,8,,Dry,7380
15962,2024-11-30 14:47:27,London,Islington,1339,54,6,High,,7480
13091,2024-10-03 21:10:35,,Islington,2515,35,3,Low,Snowy,4091
11376,2024-11-06 10:37:29,London,Southwark,1461,73,3,High,Snowy,353
19671,2024-09-21 15:27:42,,Southwark,1566,45,4,,Dry,3075
18039,2024-04-03 05:46:43,,Camden,1638,48,7,,Damaged,1155
9515,2024-10-28 04:08:38,,Southwark,768,33,3,Low,Wet,372
11258,2024-07-15 03:40:17,,Southwark,2978,54,9,,Wet,1016
9875,2024-02-04 10:17:26,,Chelsea,1032,86,0,Medium,Damaged,690
13925,2024-07-26 07:48:25,,Camden,2308,75,6,Medium,Snowy,6184
15706,2024-03-27 21:00:46,London,Islington,2539,18,2,,Damaged,3248
13293,2024-03-15 11:38:58,,Kensington,906,26,9,Medium,Snowy,8918
14655,2024-05-05 12:00:12,,Islington,1576,12,6,Medium,Damaged,4335
11978,2024-03-08 12:35:29,London,Southwark,1852,15,3,High,,2794
10133,2024-11-22 03:46:49,London,Islington,33,52,1,High,,7625
9315,2024-09-04 03:15:48,,Islington,1958,31,5,,Damaged,997
13449,2024-06-21 13:28:50,London,Islington,1348,90,2,Medium,Snowy,5211
18491,2024-02-24 12:12:41,,Southwark,1497,83,9,,,1565
11534,2024-07-05 22:32:36,,Chelsea,3013,14,2,High,Dry,5961
14090,2024-10-09 13:38:04,London,,4941,28,7,,,6063
17025,2024-07-20 05:13:31,,,2880,43,5,Low,Damaged,6994
15154,2024-03-07 15:09:12,,Islington,2816,85,2,,,1691
14748,2024-06-02 02:48:37,London,Camden,746,61,7,,Wet,3620
15435,2024-07-10 08:11:06,,Southwark,1717,54,7,Low,Damaged,8047
18077,2024-04-01 13:31:08,London,,1232,97,1,High,Snowy,3053
16427,2024-08-11 16:14:03,London,Chelsea,2171,78,0,,Damaged,8950
9038,2024-12-19 05:15:06,London,Southwark,2539,51,8,,Dry,9952
14742,2024-10-25 02:34:09,,Chelsea,802,25,3,High,Dry,8667
13369,2024-05-30 12:24:24,,Kensington,1129,15,5,High,Wet,9283
17277,2024-04-24 08:14:37,London,Camden,4285,72,0,Medium,Snowy,5770
18231,2024-11-28 08:58:36,,Chelsea,244,48,6,High,Snowy,5003
17119,2024-06-22 09:17:12,London,Kensington,2498,23,9,Low,Wet,4853
19501,2024-04-28 22:31:37,London,Kensington,4046,73,3,Medium,Snowy,6039
14465,2024-01-29 21:53:03,London,Chelsea,710,90,1,Medium,Wet,3221
11043,2024-12-19 16:02:07,London,Southwark,3883,79,9,,,9500
16811,2024-09-04 11:09:09,,Chelsea,4346,38,7,Medium,Damaged,3649
11977,2024-11-28 23:40:54,,Islington,1032,60,1,Medium,Snowy,7086
11038,2024-01-15 15:50:35,London,,1928,76,7,,Dry,9624
14326,2024-06-11 23:25:18,,Kensington,321,93,0,High,Wet,9436
10496,2024-07-22 20:41:14,,Chelsea,3396,14,1,,Snowy,284
14379,2024-05-25 09:29:20,,Southwark,121,68,1,Low,Damaged,4462
17419,2024-07-27 12:54:32,,,209,58,9,Medium,,8989
19930,2024-09-19 18:03:44,,Kensington,2304,76,3,,Wet,8369
17447,2024-03-23 06:26:29,,Kensington,4970,32,4,Low,Snowy,6587
11567,2024-02-15 01:14:49,London,Chelsea,1212,85,6,Medium,Damaged,6121
12240,2024-12-25 17:59:25,,,4649,67,2,,Snowy,5771
19239,2024-11-21 10:05:10,,,405,72,3,Low,,1802
17994,2024-01-15 01:51:56,London,Southwark,3837,76,1,Medium,Snowy,5736
16631,2024-05-25 23:29:56,,Islington,1714,63,4,High,Dry,9488
19098,2024-03-29 22:53:22,,Camden,4069,40,9,Low,Dry,1164
14046,2024-10-07 06:39:33,,Southwark,517,30,3,High,,574
18436,2024-12-01 11:01:40,London,Chelsea,3177,56,3,Medium,Snowy,2081
14892,2024-11-25 08:25:12,,Southwark,4308,50,6,,Snowy,3801
15727,2024-08-04 09:37:36,,,3358,79,9,Low,Damaged,6991
9209,2024-12-06 19:37:20,,Chelsea,4811,75,5,High,Wet,7166
16635,2024-07-17 19:04:51,London,Chelsea,2679,76,4,Medium,Snowy,8462
10681,2024-08-05 13:26:32,,Kensington,695,88,2,Low,Damaged,4677
14072,2024-10-30 00:52:44,London,Kensington,161,48,2,High,Snowy,4437
19900,2024-03-02 17:00:51,,Islington,4206,96,6,Low,Wet,3325
16339,2024-11-03 14:19:57,London,Southwark,2472,31,7,Low,Dry,8759
14878,2024-02-04 06:29:30,London,Camden,4063,21,5,Low,Snowy,1304
12631,2024-05-05 02:28:04,London,Chelsea,341,43,8,High,Dry,1870
15941,2024-09-22 23:25:00,,Chelsea,580,85,8,,Wet,4820
16416,2024-01-26 17:16:01,,Camden,3609,71,9,Low,Wet,9699
15316,2024-07-28 14:26:46,London,,964,90,2,High,Snowy,7564
13039,2024-03-21 06:02:05,,Camden,398,36,6,Low,Snowy,7576
16890,2024-12-07 19:29:10,,Kensington,2700,55,0,Medium,Damaged,4536
14709,2024-11-25 04:03:36,,Islington,1236,77,8,Low,,3647
10826,2024-03-27 01:11:34,London,Chelsea,4955,74,4,Low,,8833
9607,2024-04-09 22:11:29,,Camden,4064,-57,9,Low,Dry,7307
10802,2024-05-24 15:46:11,,Camden,1491,53,2,Medium,,8923
17298,2024-09-14 14:15:29,,,3041,50,9,High,,2021
15469,2024-10-11 08:28:45,London,Chelsea,2716,58,5,Medium,Damaged,6975
11158,2024-09-04 09:41:45,London,Chelsea,1441,85,0,Low,,355
9271,2024-07-07 02:19:19,London,Kensington,4858,39,5,Low,,8037
19169,2024-05-05 02:31:47,London,Camden,2372,71,4,,Wet,8778
19385,2024-12-19 08:48:30,London,,4602,38,0,High,,7678
14722,2024-02-25 13:03:57,London,Camden,3088,86,3,High,Wet,9414
18165,2024-11-14 01:28:34,,Islington,3449,12,7,High,Damaged,9926
9100,2024-06-01 12:00:18,,Chelsea,4270,93,8,Medium,,335
11445,2024-04-01 11:27:29,London,Islington,2916,83,6,Medium,Wet,9876
19997,2024-11-17 04:15:01,,Camden,983,39,5,High,Wet,3704
13321,2024-03-24 13:41:15,London,Camden,3102,67,3,High,Snowy,6314
17490,2024-05-11 01:03:50,London,,806,75,2,Medium,Damaged,9606
10600,2024-05-18 16:07:32,,Islington,1974,86,5,,Damaged,3240
14332,2024-05-06 21:10:00,,Southwark,3528,60,3,Low,Wet,2294
16988,2024-04-10 14:24:11,London,Kensington,2157,59,9,Medium,Snowy,1895
19899,2024-09-22 15:03:26,,Camden,1142,57,5,Low,Damaged,5490
11194,2024-03-19 13:28:55,,Kensington,1522,76,6,,Snowy,7930
9664,2024-08-16 02:27:35,London,Camden,1460,69,8,Medium,Dry,2669
14316,2024-09-12 19:44:21,London,,3594,75,7,Medium,Wet,1017
18735,2024-10-30 07:23:55,,Camden,668,34,5,High,Wet,3798
15142,2024-03-31 03:57:32,,Camden,3975,72,6,Medium,,9367
9676,2024-05-18 18:19:21,London,Islington,4228,30,3,Medium,,8292
14577,2024-04-04 17:52:39,,Southwark,282,45,9,High,Damaged,3281
17366,2024-02-27 16:03:42,London,Islington,4369,62,0,High,Wet,9793
19188,2024-09-09 05:58:28,London,,1271,80,9,,Snowy,2591
11839,2024-02-15 08:08:25,,Kensington,2401,56,6,High,,7569
16854,2024-08-26 22:39:18,,Kensington,3114,37,4,,Dry,4551
18759,2024-06-02 03:56:09,,Camden,1269,-40,3,,Damaged,1005
15237,2024-07-14 11:24:37,London,Camden,3321,31,3,,,1689
11656,2024-07-18 07:36:17,,,4766,20,1,,Wet,6765
14243,2024-12-06 12:40:07,,Chelsea,1540,17,1,Low,Dry,5429
10461,2024-05-01 19:49:50,,,559,27,4,High,Dry,2708
11772,2024-04-01 21:22:45,,Southwark,64,10,6,Low,Dry,5964
17130,2024-03-15 12:31:47,,Camden,3087,72,4,Medium,Wet,6313
17052,2024-12-06 22:27:13,London,,2159,68,4,,Damaged,7417
10266,2024-10-26 09:19:13,,Kensington,4195,27,6,,Damaged,9124
18760,2024-06-10 20:52:56,London,Islington,4813,93,8,High,,8339
11938,2024-02-13 13:51:24,,Camden,695,23,5,High,Snowy,235
10700,2024-08-22 03:52:51,London,Chelsea,1174,79,7,Low,Dry,8591
17373,2024-04-08 10:11:56,,Camden,1832,68,3,Low,Wet,359
18319,2024-12-09 04:50:33,,,3259,50,9,Low,Damaged,5020
18923,2024-03-05 19:11:55,,,653,75,5,Low,Damaged,4101
10082,2024-02-05 03:43:23,London,Southwark,3578,69,5,High,Damaged,3329
15662,2024-09-19 19:42:59,London,,4190,25,5,High,Dry,1693
13402,2024-08-02 05:57:08,,Islington,3774,38,9,Low,Snowy,7789
11908,2024-12-22 00:53:19,London,Southwark,3157,28,0,Medium,,8784
10486,2024-06-29 12:26:34,,Islington,1123,53,6,,Dry,5526
15850,2024-10-18 04:56:38,London,Kensington,1044,84,3,,,7750
16686,2024-07-13 07:41:56,London,Chelsea,953,98,7,Low,Snowy,2323
16462,2024-11-11 09:49:35,London,Camden,3791,86,7,,Wet,7351
18026,2024-03-29 03:29:05,,Southwark,3250,34,4,,,594
13986,2024-08-08 01:54:12,London,,1556,74,8,Low,Wet,3020
18634,2024-01-27 00:08:48,London,Camden,3294,99,2,High,,7445
18967,2024-02-09 13:26:03,London,Southwark,820,22,9,Medium,Wet,6666
13432,2024-08-22 04:17:59,,Chelsea,2533,87,0,,,9413
9832,2024-07-05 13:51:05,,Southwark,2479,54,8,Low,Dry,4012
14173,2024-12-17 03:26:58,London,Camden,3442,89,3,High,Dry,246
19747,2024-09-20 09:44:47,London,,2273,21,1,,Dry,8324
11803,2024-12-23 22:42:03,London,Camden,4238,69,5,Low,Wet,2639
15214,2024-12-01 13:44:55,,Camden,3134,34,9,High,,9556
13538,2024-12-30 10:04:16,London,,3801,33,7,,Wet,3252
12001,2024-03-01 02:55:37,London,Chelsea,1506,79,1,Low,Dry,3932
10111,2024-06-27 01:36:22,London,Southwark,3373,80,4,Medium,,3315
14807,2024-02-15 07:28:50,,Kensington,2033,38,4,Medium,Damaged,7564
16892,2024-11-12 04:36:19,,Camden,1691,64,6,Medium,Wet,5862
15361,2024-06-23 00:59:28,,Kensington,4532,53,0,,Wet,106
17945,2024-08-05 09:57:07,London,Camden,2215,92,5,Medium,Snowy,437
14867,2024-01-25 12:03:57,,Chelsea,604,98,3,High,,6611
14558,2024-06-30 22:35:51,London,Southwark,2581,18,7,High,,4671
9785,2024-04-16 17:03:41,,Camden,3914,60,9,Low,Dry,2948
12156,2024-10-13 03:54:42,,,4505,35,9,,,1238
16340,2024-05-27 03:38:49,,Camden,3317,36,1,Low,Damaged,6862
11503,2024-06-25 14:35:08,,Kensington,708,91,8,Medium,Damaged,6212
15643,2024-07-21 17:41:38,London,Islington,1719,83,9,,Damaged,4507
17752,2024-04-13 01:19:36,,Chelsea,3861,10,0,Low,,860
13912,2024-07-26 10:29:25,,Southwark,3777,29,2,High,Damaged,6910
15063,2024-12-16 00:25:47,,Southwark,387,85,3,Low,,4847
9271,2024-11-17 12:26:14,London,Camden,4538,91,9,High,Damaged,1867
16866,2024-01-21 09:14:11,London,Kensington,980,32,8,High,Dry,3239
19541,2024-07-24 17:24:13,London,Chelsea,797,49,4,Low,Dry,7915
13590,2024-09-02 19:56:52,,Camden,2683,59,3,Low,Damaged,7451
14791,2024-02-24 19:00:46,,Kensington,4738,42,9,High,Dry,8663
17207,2024-08-25 15:23:15,,Southwark,1413,29,8,,Wet,3030
14727,2024-05-17 17:23:32,,Southwark,4011,14,4,Low,Snowy,3656
19290,2024-11-26 08:26:58,,Camden,3101,98,9,,Wet,1135
14657,2024-03-20 05:24:16,,Camden,4043,-42,5,,Dry,3005
19006,2024-01-07 02:33:35,London,Chelsea,280,30,1,Low,Dry,9986
18220,2024-06-14 22:20:01,,,3803,14,1,Low,Damaged,8818
17770,2024-07-09 11:52:50,London,Kensington,4789,93,1,Medium,Dry,5088
14463,2024-02-16 22:42:33,London,Southwark,1971,76,3,High,Snowy,7234
10507,2024-02-18 13:02:22,,Islington,518,57,0,Low,Snowy,8124
11509,2024-10-09 11:05:19,,Camden,1593,32,5,Medium,,4606
17152,2024-11-22 22:00:59,London,Islington,2480,38,1,Low,Dry,1160
11447,2024-07-26 19:55:34,,Kensington,4290,60,9,Low,Wet,2452
17288,2024-10-10 20:59:46,London,Southwark,2795,74,0,High,,4174
9063,2024-04-20 23:05:46,London,Islington,3379,51,0,,,4035
16386,2024-01-18 08:38:33,London,Camden,3648,99,7,Low,Wet,4474
16306,2024-04-22 01:28:51,,,1469,43,3,Low,Damaged,5052
18317,2024-12-19 02:07:04,,,1201,-97,5,,,1960
11054,2024-03-02 10:20:07,,Kensington,2174,68,8,,Snowy,2951
12462,2024-01-19 20:34:08,,Chelsea,288,89,0,Low,Wet,7801
17774,2024-06-21 19:15:00,London,Chelsea,1919,11,0,Low,Wet,7164
12654,2024-05-10 04:37:39,London,Camden,3259,41,5,Low,Snowy,1232
19875,2024-01-29 10:36:09,London,Southwark,2461,80,5,High,,2823
10376,2024-11-01 17:17:39,London,,1079,46,5,Medium,Snowy,1029
10830,2024-11-16 04:29:28,London,,4666,21,8,Low,Damaged,5975
13784,2024-01-25 01:18:35,,,721,58,3,Medium,Wet,7432
12575,2024-05-15 16:00:42,London,Southwark,2202,19,9,Medium,,7585
10965,2024-10-11 17:03:52,,Camden,2200,99,7,,Wet,970
14742,2024-11-13 07:18:01,London,Kensington,4460,48,6,,,9795
17008,2024-03-04 04:05:34,,Kensington,2563,11,8,Medium,Dry,4290
9080,2024-07-13 15:30:10,London,Southwark,2787,67,6,,Wet,5437
10930,2024-12-17 19:27:17,,Islington,4067,42,1,,,9359
13784,2024-06-16 18:45:12,London,Southwark,3893,71,1,Low,Wet,4049
15948,2024-09-19 14:46:20,,Islington,4951,80,4,,Damaged,5712
16199,2024-04-06 05:32:52,London,Islington,4293,76,4,,Snowy,1216
15325,2024-09-16 04:31:26,,Islington,4512,49,9,Low,,8196
19152,2024-11-07 18:23:20,,Islington,2973,48,9,High,Damaged,8995
13910,2024-10-03 03:27:59,,Chelsea,2004,92,1,Medium,,3807
19796,2024-09-09 12:38:22,London,Camden,4327,29,1,High,Wet,7815
16134,2024-03-23 12:39:40,London,Chelsea,2149,15,7,Medium,Snowy,3358
12135,2024-06-23 04:00:52,,,4741,86,7,High,,8216
19781,2024-05-20 08:26:37,,Camden,649,61,3,High,Dry,5151
16685,2024-05-21 05:04:52,London,Chelsea,2984,51,9,Medium,Snowy,6626
9916,2024-07-06 17:08:07,,Camden,350,33,3,Low,Damaged,9806
16334,2024-06-27 10:19:16,London,,4188,88,8,High,Dry,295
12102,2024-03-19 03:41:23,London,Islington,4551,11,5,Low,,9871
19761,2024-01-28 04:32:28,London,Kensington,1778,13,5,High,Dry,1114
9744,2024-09-07 07:57:11,London,Islington,390,51,4,High,,8118
17965,2024-08-03 20:11:49,,Islington,1206,59,0,High,Dry,4086
16995,2024-10-21 18:16:12,London,Islington,1457,80,6,High,,5529
10066,2024-05-28 15:44:10,London,Camden,4860,73,4,Medium,,5125
15126,2024-12-23 20:04:33,London,Camden,1377,92,8,,Dry,8424
15363,2024-03-18 05:28:55,London,Kensington,193,80,1,Low,Snowy,650
12572,2024-02-15 08:47:34,London,Chelsea,1718,35,6,High,Damaged,3553
14430,2024-11-23 03:41:47,London,Southwark,3061,88,9,High,,4739
14290,2024-04-01 04:28:54,,,4320,86,2,High,Snowy,9913
15799,2024-02-12 17:33:35,London,Camden,3475,28,1,High,Snowy,7862
17427,2024-12-14 13:05:19,London,Chelsea,4080,81,2,High,Snowy,6104
13971,2024-01-15 22:08:32,London,Southwark,2166,51,3,Low,Damaged,6831
15051,2024-03-07 15:23:02,,Islington,1298,17,3,,Dry,1382
13057,2024-08-17 23:06:02,London,Kensington,152,98,5,Medium,Damaged,5183
10432,2024-10-26 17:01:40,,Islington,580,26,1,,Wet,6254
15646,2024-05-31 17:01:42,,Chelsea,4989,98,4,Medium,Snowy,7579
12734,2024-02-28 01:47:11,,Islington,2947,57,2,Low,Dry,2523
11586,2024-02-13 11:14:47,,Chelsea,4127,62,4,Low,Dry,1089
17439,2024-09-08 20:17:05,London,Islington,3439,94,4,High,Dry,2747
15381,2024-01-11 06:45:18,,Islington,2941,25,9,High,Snowy,6472
14773,2024-12-01 07:55:44,,Camden,1882,90,5,High,Dry,4892
12026,2024-05-29 03:51:54,London,,3186,89,8,High,Dry,2121
18918,2024-02-06 22:14:45,,Camden,2511,49,4,Low,Damaged,3976
18491,2024-05-03 22:21:17,London,Islington,1611,99,8,Medium,,1295
19524,2024-12-02 10:32:34,London,Chelsea,316,82,8,Low,Wet,7765
16738,2024-05-29 15:19:23,London,Camden,1912,47,2,High,Dry,9553
11347,2024-07-02 09:15:00,London,Kensington,1261,66,8,High,Snowy,7824
10475,2024-07-01 00:08:10,,Kensington,3161,79,2,Medium,Snowy,9219
11064,2024-02-02 17:30:23,London,Camden,465,57,4,,Damaged,5619
17469,2024-03-03 15:11:56,London,Camden,4577,68,5,Medium,Dry,7505
17240,2024-01-06 04:48:41,,Southwark,215,77,2,Low,Damaged,3256
12490,2024-10-06 09:12:57,London,Southwark,4480,23,1,High,Dry,1288
15563,2024-09-16 08:49:02,London,Southwark,1445,93,2,Medium,Wet,3077
10357,2024-10-10 03:27:29,,Kensington,1965,58,6,Medium,Damaged,4098
19165,2024-08-25 16:20:38,,Kensington,1946,86,8,Low,,6893
18514,2024-08-10 20:12:56,London,Kensington,4222,96,3,Medium,Dry,4329
15047,2024-09-24 16:04:40,London,Chelsea,4751,63,3,Low,,7796
14735,2024-05-16 04:32:01,,Camden,388,77,4,High,Dry,8622
16785,2024-06-15 03:03:09,,Southwark,1727,-75,8,Low,Wet,6810
11826,2024-06-19 02:48:02,London,Chelsea,3406,84,8,Low,Dry,2486
13210,2024-08-12 20:44:04,London,Chelsea,1554,83,1,Low,Snowy,4527
13148,2024-01-02 23:56:13,London,Southwark,1074,61,0,Medium,Damaged,3423
9916,2024-06-07 00:57:03,,Kensington,2631,43,0,,Dry,9372
15096,2024-03-14 14:04:39,,Kensington,3368,59,9,Medium,Wet,6169
16927,2024-11-11 13:01:15,London,Southwark,875,31,6,High,Dry,4483
9426,2024-06-06 02:50:59,,Kensington,1590,78,3,High,,1778
14173,2024-02-08 04:43:22,,Southwark,3691,50,5,Medium,Snowy,9486
14451,2024-09-23 10:47:42,,Camden,4276,87,9,Medium,,6137
16508,2024-09-04 13:54:02,London,Southwark,3956,77,8,Low,Dry,9459
13096,2024-09-05 07:10:58,,,3268,39,1,Low,Snowy,8027
10625,2024-05-08 10:23:17,,Southwark,64,92,3,High,Snowy,3533
17922,2024-11-26 03:01:48,,Camden,2779,37,3,Low,Dry,7541
10514,2024-03-08 21:49:14,London,Kensington,3472,64,3,Low,Wet,9315
12461,2024-09-19 08:39:14,,Kensington,398,67,9,Medium,Dry,2965
15743,2024-05-06 21:06:41,,Southwark,4081,47,4,,Wet,4524
12187,2024-04-11 01:31:29,,Camden,542,34,3,,Dry,1928
19872,2024-04-03 22:54:16,London,Kensington,3365,55,0,,Wet,757
13788,2024-01-07 05:21:14,London,Chelsea,3968,33,7,,Dry,5025
18030,2024-11-12 19:21:43,London,Camden,2099,57,7,,Damaged,7692
11334,2024-10-21 14:22:42,,Islington,4259,58,8,Low,Wet,1626
13314,2024-05-31 19:26:37,,Islington,487,43,2,,Wet,2180
16496,2024-07-02 12:54:37,London,Chelsea,4944,42,1,High,Dry,693
10341,2024-07-21 10:19:20,,Kensington,4456,65,8,Medium,Wet,7259
10360,2024-02-29 16:34:01,London,Camden,115,24,7,,Snowy,8824
17678,2024-01-23 21:29:37,,Islington,4876,82,2,Medium,,1253
16417,2024-06-04 09:10:37,London,Southwark,1756,96,0,,Snowy,8103
12451,2024-03-01 22:29:20,,Islington,2312,49,5,,,3857
14577,2024-10-17 04:05:34,,,4928,55,3,Low,Damaged,3314
9220,2024-04-18 09:20:53,London,Chelsea,169,53,7,Medium,Wet,7362
10083,2024-10-12 04:44:43,,Chelsea,1704,38,4,Low,Dry,6166
15469,2024-04-10 17:07:02,,Camden,3490,35,9,Low,Damaged,2694
10592,2024-01-29 03:16:55,,,3154,48,7,,Damaged,9813
17599,2024-04-30 05:05:25,London,Chelsea,3329,67,5,High,Damaged,8701
15966,2024-11-30 15:37:24,,Southwark,1123,93,8,Low,Snowy,342
19123,2024-09-22 02:58:26,,Camden,2561,44,0,Low,Snowy,1300
10803,2024-11-16 21:32:20,London,Islington,733,79,1,Low,Snowy,8812
14659,2024-05-10 23:30:19,London,Chelsea,3819,36,2,,Snowy,7569
17318,2024-05-17 00:32:59,,Islington,1500,35,8,Medium,,106
17463,2024-02-06 22:26:49,London,Southwark,3430,65,5,Medium,Snowy,9043
15877,2024-04-22 21:28:36,London,Islington,1570,38,8,High,Dry,6568
10337,2024-10-07 11:28:04,,Camden,2759,36,3,,Damaged,5585
11450,2024-05-19 11:03:05,London,Chelsea,4122,85,8,Low,Damaged,9659
17190,2024-03-24 00:12:10,London,Islington,1018,64,0,High,Damaged,9987
9051,2024-08-29 09:42:22,London,Kensington,1989,19,8,,,7870
18693,2024-06-17 10:13:52,,Islington,2135,98,5,High,Dry,2973
17915,2024-09-23 18:25:27,,,3902,21,4,Low,Snowy,1502
18289,2024-09-15 06:24:38,,Kensington,4293,74,0,Low,Snowy,685
11691,2024-03-25 18:14:14,,Camden,4888,41,8,High,Dry,3644
15428,2024-09-09 05:44:03,London,,4046,17,6,Low,Snowy,1280
10716,2024-03-27 22:44:24,,Kensington,2472,99,1,Low,Snowy,1449
13397,2024-05-03 16:10:13,London,Chelsea,2391,43,3,Medium,Snowy,2634
18942,2024-04-02 11:56:16,London,Chelsea,2037,24,7,High,Wet,3210
14729,2024-11-08 16:21:21,London,Chelsea,2679,15,2,High,Wet,5774
10522,2024-10-17 12:08:05,London,Kensington,2404,61,9,Low,Dry,1779
10097,2024-05-30 10:51:19,,Southwark,1279,78,8,High,,8144
10140,2024-01-17 22:33:33,,Kensington,518,58,2,Low,Snowy,1372
15159,2024-03-12 12:47:04,London,Islington,429,94,1,,Damaged,1619
16778,2024-06-06 21:42:57,London,Camden,2734,71,3,High,,9505
19138,2024-10-24 11:56:13,,,3990,71,5,High,Damaged,3553
9073,2024-02-25 18:21:57,,,123,30,8,High,Snowy,3935
19011,2024-07-11 02:18:37,,Camden,2347,59,8,Medium,Dry,5032
11809,2024-10-05 06:00:53,,Southwark,4084,23,0,,Dry,1716
13287,2024-07-04 12:24:06,,Kensington,3160,51,8,,Damaged,2882
15657,2024-07-26 00:11:58,London,Chelsea,3989,65,0,Low,Snowy,7042
19987,2024-11-26 05:05:13,,Southwark,898,47,8,Medium,Snowy,3634
18642,2024-05-10 11:54:45,,Kensington,4001,90,4,,,8546
19147,2024-08-28 16:46:43,,Chelsea,1175,99,1,,Damaged,3956
17805,2024-03-13 22:56:24,,Kensington,1157,75,1,,Wet,7085
18430,2024-05-16 04:23:18,London,,343,37,8,High,Snowy,4722
11625,2024-03-18 21:10:35,,Kensington,807,48,9,Low,Snowy,8295
11707,2024-09-26 22:43:17,London,Camden,4457,25,9,Low,Wet,5188
9782,2024-04-15 00:32:28,London,,4527,84,6,Medium,Damaged,6907
13860,2024-04-17 06:21:04,London,Kensington,2109,76,1,Low,Dry,1224
13889,2024-11-28 05:55:01,,Kensington,3419,52,0,High,Snowy,4282
13218,2024-04-18 02:19:33,London,Chelsea,1198,36,1,,Damaged,768
18307,2024-09-09 18:17:44,London,Islington,4472,77,9,High,,6047
9773,2024-03-22 21:37:32,,Southwark,4612,21,5,,Wet,2074
9123,2024-12-26 09:27:39,London,Chelsea,1527,55,9,,Snowy,1211
11455,2024-06-18 21:53:56,,Kensington,3961,44,2,High,Dry,8144
9042,2024-11-08 15:44:40,,Chelsea,4091,66,7,,Snowy,3786
14845,2024-01-21 06:15:18,,,485,54,9,Low,Damaged,6216
9820,2024-03-23 04:48:32,London,,2505,42,2,,Wet,5724
12326,2024-01-10 09:03:23,,Chelsea,2196,93,3,High,Damaged,2378
19640,2024-07-24 17:07:16,,Camden,1353,49,3,Low,Dry,3352
18363,2024-10-16 22:32:27,,Southwark,2399,92,0,,Wet,4182
16273,2024-10-16 09:29:45,,Islington,3209,63,3,,Damaged,5242
10184,2024-01-30 18:57:46,London,Kensington,1511,27,2,Low,,1789
12297,2024-11-27 01:14:50,London,,2864,71,3,Low,,3257
12150,2024-07-27 06:21:58,London,,2767,80,6,Low,Snowy,713
19233,2024-01-13 10:56:10,,Chelsea,4699,31,7,High,Dry,1078
9894,2024-07-02 01:24:45,London,Southwark,1038,73,5,Medium,Snowy,1303
18792,2024-01-16 10:28:13,,Southwark,4435,62,6,,Wet,7732
13081,2024-11-04 09:52:16,London,Kensington,2947,49,8,Medium,,8044
17358,2024-04-15 02:11:18,,,2726,76,7,,,9529
11958,2024-03-24 05:20:19,London,Kensington,1398,27,4,,Wet,6321
15732,2024-12-18 06:32:17,London,Islington,255,57,4,,,6144
16810,2024-03-09 03:30:28,London,Kensington,3508,43,4,High,Damaged,6003
13991,2024-12-02 11:47:40,London,,4349,98,5,,Snowy,2884
19889,2024-07-21 23:28:50,London,,3195,47,8,Low,,6369
16623,2024-09-27 14:01:22,London,Southwark,2095,-19,8,High,Snowy,8544
14741,2024-08-03 10:24:57,London,Camden,2930,88,2,High,Dry,347
12006,2024-10-27 23:38:56,London,Chelsea,3841,46,6,,,1998
19537,2024-05-31 09:54:11,,,3487,96,9,Medium,Damaged,9541
9579,2024-05-18 22:50:52,London,Islington,4812,35,7,,Wet,4833
16888,2024-08-15 11:17:44,London,Chelsea,1900,28,5,Medium,Damaged,2441
11336,2024-07-21 17:35:00,,Islington,1544,73,5,,Dry,1078
9813,2024-02-06 13:06:06,London,Islington,1616,39,6,Low,Snowy,5836
12809,2024-12-05 18:41:27,London,Southwark,2036,63,7,Medium,Wet,9857
10669,2024-10-18 22:47:42,London,Southwark,4444,73,0,Low,,8109
16840,2024-11-09 20:05:12,,,1785,83,3,Low,,2305
14421,2024-05-02 01:03:00,London,,1839,18,3,,Wet,8501
14595,2024-09-11 22:15:11,London,Southwark,1426,12,9,Low,Wet,414
10019,2024-07-03 14:18:04,,,120,15,4,High,Dry,1431
12163,2024-05-05 03:45:08,,,4095,-44,3,Medium,Snowy,7504
12988,2024-03-14 06:48:50,,Kensington,4294,79,1,Medium,Dry,8298
14269,2024-03-22 04:51:27,London,Southwark,443,76,7,Low,Damaged,3556
13435,2024-09-14 14:11:19,,Southwark,1457,48,6,High,Dry,4293
12469,2024-06-25 11:53:04,,Southwark,1056,88,9,Low,,4672
16134,2024-09-15 11:45:51,,,2661,79,3,High,,4907
9436,2024-01-21 01:57:20,,Camden,526,-96,1,,,3013
11933,2024-12-04 20:39:46,,Chelsea,4697,64,9,,Damaged,9032
18489,2024-05-22 07:02:30,,Southwark,3472,66,1,,,5615
14525,2024-06-26 14:51:46,London,Kensington,3609,35,4,Medium,Dry,8693
15148,2024-06-24 23:06:11,London,Chelsea,1882,87,4,High,Damaged,4486
19111,2024-03-16 04:46:56,London,Islington,1784,59,1,,Snowy,3204
14932,2024-11-30 12:48:49,London,Camden,4219,51,6,Medium,Dry,4783
12840,2024-09-19 00:26:45,London,,3898,-39,1,High,Damaged,2905
18436,2024-05-01 05:24:13,London,,4538,39,5,High,Damaged,5711
15200,2024-11-30 15:26:14,London,Southwark,2749,39,3,,,9641
13262,2024-11-12 19:55:29,,Camden,4496,68,0,High,Wet,284
19448,2024-10-19 22:23:57,London,Chelsea,4843,26,2,,Snowy,1480
9344,2024-02-18 23:09:27,,,4359,70,3,,Snowy,9473
18091,2024-12-07 16:15:56,,,3157,13,7,High,Wet,2367
18586,2024-03-19 12:02:05,London,Islington,3268,26,0,,,3538
19792,2024-01-02 17:14:55,London,Southwark,4653,36,7,Low,Damaged,8191
17631,2024-06-19 04:42:54,,Southwark,4253,43,6,Low,,6431
9711,2024-05-25 01:19:01,,Camden,1355,21,7,Low,Snowy,1974
9954,2024-11-14 02:41:11,London,Southwark,376,-67,0,Medium,Snowy,8771
15241,2024-05-23 17:49:18,,Islington,1485,14,1,Medium,Dry,7173
9630,2024-03-18 07:17:38,London,Kensington,1447,45,7,Low,Wet,2962
12509,2024-02-01 03:37:10,London,,3036,42,0,,,7729
11838,2024-08-07 16:57:43,,Islington,3288,68,0,Low,Wet,1142
14070,2024-11-26 09:48:27,,Islington,9,10,4,Low,,8775
16729,2024-07-31 09:13:09,London,Kensington,259,27,0,High,Dry,9558
15047,2024-01-27 18:14:35,London,Chelsea,887,40,7,High,,8772
19212,2024-06-27 04:05:59,,Islington,202,39,9,Low,Snowy,1521
11072,2024-09-03 11:32:24,London,Southwark,4055,43,6,Medium,,4062
13733,2024-12-26 03:46:55,,,3894,28,7,Low,Dry,8312
14112,2024-08-19 08:50:46,,Camden,550,53,4,Medium,Damaged,850
14324,2024-12-12 15:36:38,London,Islington,1372,73,3,,Wet,1935
11222,2024-11-18 15:24:31,London,Chelsea,3083,41,5,Medium,,2490
15377,2024-11-18 22:47:45,London,,398,51,1,Medium,Damaged,1636
10148,2024-01-27 21:59:26,London,Kensington,3151,41,7,Low,Wet,9699
12950,2024-03-28 15:19:48,London,Kensington,1258,33,3,High,Wet,5791
9467,2024-01-21 06:57:50,London,Southwark,2369,67,6,,Wet,9334
12472,2024-07-13 12:50:59,London,Southwark,625,54,0,Medium,Damaged,8276
12048,2024-03-06 03:48:17,London,Chelsea,4117,50,9,Low,Damaged,6184
13878,2024-07-28 07:58:31,London,Kensington,3985,77,7,Low,Snowy,5518
18045,2024-10-29 12:22:30,,Southwark,1424,27,9,Medium,Wet,1414
17494,2024-06-07 09:23:04,,Camden,3069,57,1,,Damaged,3904
15418,2024-04-16 11:31:53,,,3051,45,7,Low,,889
14130,2024-02-11 10:53:56,,Islington,3947,54,1,Low,Wet,269
11716,2024-07-20 14:46:17,London,,3196,92,4,Low,Damaged,1093
14717,2024-06-08 08:54:56,,Chelsea,2245,25,7,Low,Dry,1141
10522,2024-06-09 18:26:21,London,Chelsea,4489,73,9,High,Dry,5086
13768,2024-01-29 02:05:51,London,Kensington,4396,58,7,High,Dry,3801
19038,2024-05-14 06:09:11,London,Southwark,4371,16,0,Low,Dry,8888
19986,2024-11-19 01:28:40,London,,3226,30,7,High,,7598
19092,2024-12-06 07:28:33,London,Southwark,3310,60,9,Low,Snowy,2368
17146,2024-11-25 19:42:00,,Islington,4525,63,1,,Snowy,4716
12683,2024-09-10 17:52:24,,Southwark,2966,80,8,,Snowy,3150
11861,2024-06-25 04:24:07,,Kensington,4692,85,1,Medium,Damaged,6050
12787,2024-04-13 15:17:05,London,Kensington,1088,66,6,Medium,Snowy,3864
16412,2024-06-03 07:30:01,London,Camden,2408,16,9,,Wet,7760
15211,2024-06-28 21:47:09,London,Islington,191,96,1,,Dry,1996
14460,2024-04-12 08:05:31,,,2539,32,3,,Dry,3619
18343,2024-01-09 23:33:33,,Chelsea,646,51,7,,Wet,9706
16073,2024-05-21 19:02:15,,Camden,2147,70,3,Low,Snowy,7354
13887,2024-05-03 04:19:48,London,,3465,10,8,Medium,Damaged,1439
16679,2024-12-04 16:50:53,London,Islington,2118,32,7,Medium,,6518
10612,2024-08-26 11:11:04,,Southwark,600,36,2,,Wet,1831
11144,2024-04-16 13:17:20,London,Islington,3173,-87,2,,Wet,6535
14183,2024-06-13 21:35:48,,Kensington,2033,17,4,High,Dry,9623
13074,2024-05-25 15:08:12,,Chelsea,585,62,8,Medium,Dry,6520
19236,2024-11-24 13:53:43,London,,97,63,4,High,Snowy,9809
11347,2024-11-11 04:59:54,,Kensington,4956,74,1,Medium,Dry,8681
19486,2024-06-16 17:38:42,London,Islington,2893,46,7,Medium,,9879
18870,2024-09-20 04:12:22,,Southwark,2783,21,9,Low,Damaged,2156
18473,2024-12-11 08:47:30,London,Islington,3019,58,2,,Damaged,6559
13836,2024-06-24 05:05:34,London,,1849,11,8,High,Dry,3881
12719,2024-05-14 23:56:39,,Southwark,1747,43,1,High,Wet,6556
12800,2024-09-28 15:58:12,,Camden,1981,90,3,High,Dry,6733
17499,2024-03-27 05:59:05,,Southwark,1122,31,7,,,8594
11133,2024-04-28 00:30:54,London,Kensington,1841,98,1,Low,Dry,2496
14224,2024-11-25 18:10:47,,Kensington,4586,28,9,Medium,,2053
9254,2024-01-19 00:55:57,London,Southwark,1862,29,9,,Damaged,7992
11862,2024-09-05 05:45:23,,Islington,303,77,3,Low,Dry,834
9397,2024-01-15 04:17:23,London,Southwark,4516,89,6,,Snowy,1101
17193,2024-02-23 02:36:09,London,Islington,3314,-89,4,Medium,Dry,6074
19292,2024-11-04 08:18:39,London,Camden,2968,85,8,Medium,,8219
12196,2024-11-11 13:43:18,,,1406,86,7,High,Wet,4480
18385,2024-09-28 11:13:44,London,,3849,74,9,,Snowy,2708
18581,2024-05-16 04:28:42,,Southwark,2110,93,2,,Damaged,7987
15017,2024-06-23 05:45:30,,Kensington,2259,46,9,Low,Damaged,3887
9432,2024-01-20 10:34:12,,Islington,674,49,2,,,3622
16396,2024-06-30 04:38:54,,Chelsea,268,-43,9,High,Damaged,8693
10079,2024-07-25 01:18:03,,Islington,1497,74,8,Low,Dry,7867
10902,2024-07-21 18:32:28,,Islington,103,83,6,Low,,3584
17982,2024-02-24 09:51:01,,Chelsea,3765,32,2,High,Dry,1492
10721,2024-06-19 22:33:56,London,Islington,1523,95,4,High,Dry,2887
16671,2024-10-20 16:24:22,,Southwark,4129,40,0,,Damaged,9655
18643,2024-02-14 01:59:23,London,Chelsea,3739,92,9,Low,Snowy,7493
9572,2024-08-13 16:57:43,London,,4051,47,3,Low,Dry,7004
12103,2024-01-24 22:41:11,,,2710,54,5,Low,Dry,9367
10194,2024-08-06 03:51:11,,Southwark,4355,37,0,High,Damaged,8279
13428,2024-04-22 17:24:51,London,Islington,704,63,1,,Dry,9009
9453,2024-01-02 05:08:49,,Kensington,2159,62,7,Low,Dry,3659
9196,2024-04-16 12:21:49,,Islington,4550,44,7,Low,,1511
13111,2024-01-03 15:07:10,,Kensington,3463,43,6,Medium,Snowy,7607
18077,2024-10-17 22:18:07,London,,3513,74,2,Low,Snowy,1539
13973,2024-12-19 22:34:29,London,Kensington,3059,93,1,High,Snowy,9333
10144,2024-02-05 13:49:18,London,Southwark,2585,55,1,Low,,1064
15105,2024-09-01 23:53:58,,Camden,1874,39,8,,Damaged,3197
18053,2024-01-03 17:30:47,London,Kensington,2538,24,6,Low,Dry,5801
10906,2024-05-12 21:54:01,,Islington,3654,73,5,Medium,Wet,3717
10650,2024-04-08 23:06:24,,Chelsea,4400,88,9,Medium,Dry,2643
13100,2024-03-29 03:44:42,London,Camden,3940,26,7,Low,Damaged,7683
13095,2024-09-24 15:00:00,,Kensington,2291,21,6,,,7187
11089,2024-10-04 12:53:20,London,Chelsea,1888,20,3,High,Damaged,5398
10062,2024-01-23 06:56:11,,,205,28,0,High,,434
11059,2024-03-06 20:32:06,,,166,94,8,Low,Dry,5608
15972,2024-12-05 00:14:55,London,Camden,271,56,7,Low,,3216
18041,2024-02-22 15:12:27,,Chelsea,3084,95,9,High,Wet,3428
11425,2024-02-05 08:43:22,,,974,86,3,High,,1786
12515,2024-09-01 10:35:49,London,Islington,3722,92,2,,Damaged,6776
9268,2024-05-22 15:40:06,,Chelsea,1880,21,9,High,Wet,2877
19600,2024-11-01 11:29:53,,,2794,56,0,High,,6491
10247,2024-02-17 20:08:52,London,Kensington,2957,67,3,,Dry,2279
14363,2024-04-03 20:02:03,,Islington,3038,48,9,High,Dry,4209
18091,2024-11-09 23:35:29,,Chelsea,4713,55,5,High,Dry,5354
18782,2024-12-17 16:03:40,London,Islington,1388,15,4,Medium,Snowy,6537
16164,2024-07-29 16:50:28,,,2906,62,7,,Damaged,808
10547,2024-04-12 11:34:55,,Islington,359,36,6,High,Snowy,6670
17978,2024-12-13 10:16:00,,Islington,928,15,4,High,Damaged,5616
14099,2024-04-27 16:03:38,,Camden,2900,30,6,Low,,3028
17222,2024-11-09 13:20:26,,Camden,655,81,5,Low,Wet,557
14684,2024-10-14 06:54:26,London,Kensington,1437,89,9,Low,Dry,6300
9917,2024-10-15 13:43:09,London,Chelsea,4585,20,4,,Damaged,5522
14399,2024-05-28 19:03:10,London,Southwark,129,89,1,High,Dry,8138
18901,2024-11-07 12:45:57,London,Camden,896,22,2,Low,Dry,993
11874,2024-08-30 14:11:21,,Chelsea,2582,42,1,Medium,Snowy,9907
18541,2024-09-11 11:21:05,,Islington,1000,23,5,Low,Damaged,9943
11431,2024-02-06 03:37:12,London,Kensington,671,85,3,,Snowy,5659
9261,2024-05-21 15:50:03,,,3001,12,5,Low,Wet,9467
17723,2024-07-08 12:45:42,,Camden,3326,12,4,Medium,Wet,2253
9525,2024-01-19 18:18:26,,Kensington,412,27,9,Low,Wet,5925
13912,2024-07-08 18:13:51,,,2493,75,4,,Dry,2749
12068,2024-07-10 05:04:32,London,Islington,2190,33,0,High,Wet,3263
14228,2024-05-18 15:13:20,,Islington,51,53,3,,Dry,4653
13974,2024-02-10 03:58:10,,Kensington,2794,58,6,Low,Dry,8563
17974,2024-10-16 22:57:02,London,Islington,2860,-18,6,Medium,Wet,1980
12847,2024-04-05 17:34:40,London,Kensington,1625,94,2,,Damaged,9097
13376,2024-05-12 02:17:02,London,Kensington,4340,83,3,,,7714
14351,2024-05-11 17:27:16,London,Camden,4893,83,3,Low,Wet,9629
15182,2024-12-11 13:31:49,London,Southwark,1215,97,8,High,Dry,3299
15477,2024-08-26 05:53:14,,Southwark,3507,18,8,Medium,Dry,1577
10811,2024-03-11 06:25:39,London,Islington,3823,13,4,,,4801
18708,2024-07-11 16:58:06,London,Southwark,1847,-31,6,Low,,2333
11343,2024-04-19 08:53:54,London,,1958,66,5,,Damaged,5412
15866,2024-12-21 16:44:42,,Kensington,2494,14,0,Low,,5413
11673,2024-09-23 07:41:18,London,Southwark,4565,89,3,Low,,2311
18870,2024-09-08 20:30:21,London,Southwark,4574,70,1,Medium,Damaged,2161
10266,2024-05-01 10:13:50,,Chelsea,3663,77,6,Medium,Wet,9173
11014,2024-07-11 05:01:38,London,,1378,30,7,Low,Wet,1524
10694,2024-10-05 22:33:05,,Chelsea,2692,46,8,Medium,,306
15261,2024-05-19 11:04:58,,Kensington,2652,59,0,Medium,Dry,7436
16206,2024-05-26 08:09:05,,Islington,482,88,7,High,Dry,9701
14776,2024-12-26 18:51:50,London,Southwark,4455,89,8,Low,Damaged,6433
16654,2024-04-07 04:28:12,,Camden,1352,34,2,High,Wet,9236
11243,2024-11-14 19:44:37,London,Kensington,583,71,2,,Wet,720
11964,2024-11-05 16:44:37,,Chelsea,1315,23,3,Medium,Wet,8460
15532,2024-03-31 02:46:00,,Chelsea,4996,48,6,High,Dry,2239
12699,2024-07-24 15:29:30,,Islington,3780,87,7,Medium,Wet,2200
12476,2024-05-07 18:36:42,London,,266,54,1,Low,Snowy,8784
18994,2024-06-20 15:01:58,,Kensington,4009,78,3,High,,3120
18139,2024-04-10 11:26:03,,,2320,44,8,Medium,,7782
19434,2024-09-23 19:24:18,London,Camden,696,48,8,Low,,7653
15718,2024-09-10 04:57:42,London,Camden,4048,95,5,Medium,,6998
10960,2024-03-01 13:39:54,London,Southwark,576,14,5,,Snowy,6599
17565,2024-11-29 08:43:45,,Chelsea,3545,79,0,Low,,4854
15465,2024-05-01 05:08:35,London,,3956,17,3,Low,Damaged,739
10467,2024-10-31 20:27:23,London,Chelsea,34,18,9,,Snowy,7614
9170,2024-07-30 05:53:20,,Southwark,1581,89,9,Low,Snowy,7708
10343,2024-07-10 01:20:23,London,Chelsea,420,27,9,High,,8438
12791,2024-09-30 18:52:41,London,Islington,2780,94,8,High,Damaged,5297
12343,2024-11-23 13:11:49,,Kensington,2911,62,0,Low,Snowy,3620
9544,2024-08-06 22:05:52,,Southwark,717,26,7,Low,Snowy,5482
14173,2024-01-13 05:46:50,,Southwark,4318,71,8,High,Wet,2310
11632,2024-12-08 08:59:38,London,Camden,1502,59,6,,Dry,7346
17592,2024-12-03 10:57:42,,Islington,753,58,8,Medium,Damaged,8902
14455,2024-02-04 21:34:47,,,4706,37,1,,Damaged,3801
12210,2024-11-02 12:03:43,,Chelsea,4646,16,4,,,5354
17380,2024-04-22 15:12:38,London,Kensington,3029,71,8,Medium,Snowy,3589
13305,2024-06-24 05:52:30,,Camden,2883,20,6,,Dry,4341
16776,2024-05-02 22:00:01,,Camden,4639,22,8,Low,Snowy,1229
9614,2024-09-21 18:06:41,London,Islington,1247,62,6,High,Dry,5415
9669,2024-01-07 15:46:23,,,1891,61,4,Medium,Snowy,6479
15773,2024-07-28 02:28:31,London,,2545,60,3,High,Dry,708
13613,2024-07-30 21:45:54,London,Kensington,2940,82,8,High,Dry,3430
9698,2024-10-28 04:15:47,,Kensington,1711,51,2,Medium,Damaged,9044
15489,2024-01-19 20:45:08,London,Islington,4312,15,0,High,Snowy,5550
14261,2024-05-28 19:49:51,London,Islington,71,47,5,Low,Dry,6218
12112,2024-09-26 02:06:29,,,3156,68,1,,Dry,398
10630,2024-10-03 20:32:35,,,658,71,1,Low,Damaged,7221
12727,2024-05-09 21:31:08,,Chelsea,1849,15,2,,Wet,8583
10125,2024-12-28 13:35:48,London,Camden,2036,13,1,Medium,Snowy,6306
14372,2024-03-12 09:32:19,London,Camden,2005,49,8,High,Snowy,1940
18827,2024-01-14 08:29:51,London,,645,17,5,High,Wet,2442
17360,2024-01-22 02:37:09,London,Kensington,4968,-49,1,Medium,Snowy,1398
11956,2024-12-02 12:58:12,London,Islington,1825,75,8,Low,Damaged,4481
15808,2024-08-21 01:16:05,,Camden,4957,91,0,,Dry,6673
16487,2024-06-28 08:58:06,London,Islington,4479,72,4,High,Wet,4768
14701,2024-06-22 22:22:32,,Islington,4539,80,1,Low,Dry,9745
10609,2024-06-23 05:43:56,London,Islington,338,68,5,Low,,7354
16252,2024-07-03 01:47:34,London,Kensington,4257,49,3,Medium,Damaged,4088
10894,2024-01-28 22:02:31,,,458,32,7,,Snowy,7428
14302,2024-11-15 14:45:08,London,Chelsea,2163,49,2,Medium,Damaged,4098
14141,2024-08-27 11:34:01,,Kensington,2227,30,1,,,734
10035,2024-03-18 16:48:11,,Chelsea,2600,98,3,Medium,Wet,3438
9666,2024-10-01 03:45:43,London,Camden,4587,63,8,,Snowy,5593
9648,2024-09-14 13:25:14,,,4220,47,4,Medium,,7637
14774,2024-10-17 04:40:41,London,Islington,1263,78,3,,Wet,7725
13144,2024-07-08 05:39:12,London,Islington,3925,38,1,Low,Snowy,8050
11996,2024-02-06 06:15:36,London,Southwark,2064,20,3,Medium,Wet,7140
18040,2024-07-05 16:40:05,,Camden,39,22,2,High,Wet,5517
14036,2024-12-07 00:01:25,London,Kensington,3233,25,0,Medium,Dry,4198
15813,2024-11-11 06:51:29,London,,4023,41,5,,Dry,3518
11887,2024-05-31 13:05:33,,Kensington,3918,15,1,Medium,,7974
11181,2024-08-26 17:45:52,,Kensington,4750,92,6,Low,Snowy,4136
17304,2024-01-20 16:32:43,London,Camden,790,33,7,,Wet,7223
15808,2024-09-21 13:25:05,,Islington,4099,61,2,High,Dry,9947
13767,2024-05-22 08:03:48,London,Camden,3404,40,6,High,Wet,6055
16624,2024-10-29 15:45:43,,Kensington,1785,-12,9,,Wet,3391
19668,2024-03-12 08:16:49,London,Chelsea,277,46,5,Medium,,6218
10332,2024-07-18 09:43:30,,Camden,825,26,6,Low,Wet,9627
16240,2024-08-12 11:29:47,London,Chelsea,2155,58,1,High,Damaged,4525
16191,2024-07-03 19:38:06,London,Chelsea,2735,52,7,Medium,Snowy,7795
11947,2024-06-10 14:46:07,,Islington,2204,36,9,High,Wet,689
10552,2024-06-07 22:16:58,London,Southwark,4472,54,2,High,Damaged,2548
10523,2024-08-19 05:21:12,London,Camden,1384,58,0,,,2227
12422,2024-07-28 01:13:01,,Camden,194,94,8,,,8514
19559,2024-06-14 16:47:02,,Southwark,1966,63,5,High,Snowy,8233
17472,2024-11-09 16:31:44,London,Islington,4211,62,6,Low,,4675
12101,2024-07-02 22:28:34,,Southwark,3144,50,2,Medium,Snowy,8587
17966,2024-03-02 19:28:45,London,,2970,71,3,Low,,7400
18480,2024-02-26 02:38:20,London,Southwark,576,67,0,Medium,Snowy,5843
18130,2024-02-09 05:16:11,,Camden,3533,61,0,,Wet,5905
12764,2024-12-17 01:01:30,London,Chelsea,1489,76,9,Low,Damaged,5862
11507,2024-04-08 04:34:39,,,2714,96,6,High,,8836
9565,2024-10-01 23:58:51,,,2984,85,2,Low,Wet,3890
15817,2024-04-03 01:21:15,,Kensington,2884,79,0,,,6746
16620,2024-08-03 06:44:33,London,Chelsea,1669,87,3,Medium,,7930
9464,2024-08-21 19:45:41,London,Southwark,3862,34,9,High,Wet,1697
19890,2024-05-26 01:10:52,London,Southwark,3019,11,4,Low,Damaged,2189
18685,2024-01-04 13:43:05,London,Southwark,4055,41,6,High,Wet,5957
12758,2024-01-12 09:48:12,,Camden,3870,12,9,,Damaged,1179
19179,2024-06-07 16:56:41,London,Kensington,1807,23,7,Low,Snowy,7901
11557,2024-09-07 11:31:44,London,Kensington,3219,77,4,Low,Damaged,2511
16663,2024-08-01 12:57:05,,Chelsea,4668,87,9,Medium,Snowy,1655
9507,2024-12-27 12:40:16,,,4569,10,4,High,,9956
11024,2024-04-13 10:47:44,London,,3772,98,6,Medium,,8655
19391,2024-10-26 00:38:03,,Southwark,1427,57,0,High,Snowy,6338
15249,2024-11-14 10:08:40,London,Chelsea,3536,50,2,Medium,,3842
14463,2024-09-05 23:10:11,,Southwark,4294,17,7,Low,Snowy,8023
9035,2024-03-02 11:41:05,London,Kensington,917,63,0,High,Snowy,2326
9781,2024-10-18 23:37:17,,Camden,3409,44,1,Low,,6160
17071,2024-11-19 21:59:18,London,Kensington,4400,12,6,,Dry,4296
12793,2024-11-19 08:14:23,,Camden,1836,78,4,,Wet,2894
9593,2024-06-29 20:43:44,,Camden,4675,18,0,,Wet,9476
14418,2024-03-31 09:44:33,London,Kensington,3988,13,2,,Dry,4495
15162,2024-06-15 12:06:12,,Camden,1192,71,1,Low,Dry,8549
11842,2024-04-09 12:47:28,,,1928,21,6,Medium,Dry,4137
12571,2024-05-04 11:21:23,London,Camden,4045,65,1,High,,8247
10069,2024-11-20 10:24:20,London,Chelsea,4238,39,0,High,Snowy,8763
14268,2024-05-08 16:34:27,London,Islington,1127,38,9,Low,Damaged,7836
13289,2024-04-07 00:07:04,London,Islington,2131,99,8,High,Dry,9074
13202,2024-08-23 17:25:53,,,3841,47,6,,Dry,4031
14893,2024-12-24 15:04:46,,Chelsea,3076,31,6,Low,Snowy,8495
17220,2024-11-02 06:09:14,,Southwark,2104,27,7,Low,,9631
9001,2024-03-04 16:17:19,,Chelsea,2770,37,7,High,Damaged,8418
15179,2024-04-09 14:35:53,,Islington,2802,27,5,Low,Snowy,7204
19352,2024-02-22 12:45:55,,Southwark,21,13,0,Medium,Dry,2247
9126,2024-10-03 23:38:33,London,Southwark,1897,19,3,High,Dry,3260
16018,2024-08-10 16:22:52,London,Chelsea,103,54,3,,,4227
15017,2024-05-09 21:26:13,,Chelsea,3746,30,7,Low,,4158
9491,2024-02-13 03:33:39,,Kensington,2691,89,9,Low,Wet,8651
17102,2024-10-07 22:56:04,London,Kensington,864,53,6,Medium,Damaged,7679
14025,2024-08-13 23:41:28,London,,2196,-37,1,Medium,Dry,5713
15654,2024-06-11 04:44:47,,Chelsea,2063,32,0,High,Snowy,2331
19313,2024-12-14 05:02:40,,Kensington,1,38,3,Low,Damaged,369
16398,2024-08-20 17:56:50,London,Islington,1903,63,0,Low,Damaged,3357
18578,2024-02-27 07:44:25,,Southwark,3395,85,4,Low,Wet,5569
10884,2024-10-29 23:45:15,London,Kensington,1585,64,3,Low,Dry,7164
10749,2024-01-07 21:03:26,,Camden,4793,42,2,Low,Damaged,4763
18460,2024-07-17 20:49:08,,,4594,30,5,Low,,4907
13431,2024-02-05 22:18:12,London,Camden,4368,77,0,Medium,Damaged,752
9621,2024-12-15 16:46:14,,,2032,-83,5,Low,Damaged,2094
10601,2024-01-17 00:14:04,London,Southwark,4061,70,2,Medium,Damaged,9213
13324,2024-03-31 18:49:31,,Kensington,3820,67,5,Medium,Snowy,9677
16294,2024-09-06 17:11:41,,Camden,2162,68,9,,Snowy,1942
15917,2024-10-26 05:19:22,London,,2765,13,4,High,Dry,7064
17903,2024-07-05 04:34:10,London,Islington,1304,20,1,Medium,Snowy,7206
14790,2024-12-22 04:19:11,London,,1919,-51,8,,,8121
9880,2024-10-06 20:56:13,,Islington,1833,57,3,Medium,,3409
13746,2024-08-26 05:13:54,,Camden,4336,96,5,High,Damaged,4275
17021,2024-07-20 13:24:29,,Chelsea,443,25,9,Medium,Snowy,7980
18756,2024-09-20 14:07:54,London,Kensington,340,93,6,,Snowy,635
12501,2024-05-08 01:53:43,London,Chelsea,296,41,9,Low,,5514
14860,2024-03-06 03:44:29,London,Camden,3211,20,7,Low,Snowy,3143
19957,2024-09-08 16:22:50,London,Islington,3236,34,1,Low,Dry,6813
9391,2024-09-03 17:21:09,London,Camden,3368,67,9,Low,,2435
13448,2024-01-04 09:29:46,,Kensington,3164,73,5,High,,2774
15328,2024-12-20 14:05:50,London,Southwark,30,26,3,High,,7612
17357,2024-07-20 19:51:05,London,Camden,3776,34,2,High,Snowy,1228
16276,2024-10-17 23:27:30,London,Southwark,2314,51,2,,,291
17118,2024-03-06 13:40:29,,Islington,4955,45,3,,Snowy,8430
14441,2024-06-17 01:32:46,,Kensington,2445,40,5,Low,Wet,5346
14526,2024-07-20 06:25:34,,Southwark,2196,57,6,Medium,Snowy,4069
19714,2024-09-13 17:52:04,,,1438,69,2,Medium,Dry,8115
17035,2024-09-10 20:40:47,,Camden,3924,35,1,Low,Snowy,7041
14196,2024-10-02 04:31:58,London,Chelsea,2693,11,9,,Dry,7061
17550,2024-08-18 01:41:33,London,Islington,1447,90,5,Low,Dry,7168
14805,2024-03-02 16:07:13,,Chelsea,3451,90,6,,Snowy,804
17375,2024-09-09 08:43:08,London,Islington,2810,12,0,,,2150
11838,2024-08-18 20:42:00,,Chelsea,1315,36,1,High,Damaged,8093
10971,2024-11-04 06:29:06,London,Chelsea,3453,76,2,High,Dry,4578
19237,2024-12-29 07:16:08,,Camden,3254,15,9,,Snowy,6229
18174,2024-03-28 05:37:25,,Camden,655,62,9,,Damaged,6138
14508,2024-02-14 22:45:46,London,Camden,796,81,2,Low,Wet,7163
14887,2024-01-25 09:55:38,London,Kensington,3196,33,4,Low,Snowy,1882
19191,2024-08-29 16:42:44,London,Camden,4458,33,4,Medium,,1580
11682,2024-04-01 05:42:21,,Southwark,3569,95,3,,Wet,2907
17784,2024-04-02 06:59:58,London,Chelsea,207,19,6,,Damaged,6124
14265,2024-10-07 12:34:50,,Camden,1766,66,6,,Damaged,7299
19110,2024-12-17 01:26:36,,Kensington,3895,15,8,Low,,9375
13710,2024-05-23 18:36:52,,Chelsea,316,81,0,High,Damaged,1721
15628,2024-09-13 17:41:05,,Kensington,2977,12,3,,,2659
17765,2024-08-27 08:19:11,,Kensington,1349,88,9,,Wet,2865
14134,2024-05-08 06:03:44,London,Camden,3774,50,6,High,Dry,4681
19770,2024-01-05 16:42:12,,Islington,4314,25,8,Low,Snowy,8832
16111,2024-10-13 22:04:12,London,Chelsea,2891,86,6,,Damaged,1987
11077,2024-10-14 10:59:22,,Chelsea,118,49,2,High,Dry,5431
12355,2024-06-17 05:41:58,,Chelsea,3155,54,7,Medium,,207
13003,2024-06-25 00:33:20,,,1150,76,9,Medium,Dry,6390
17058,2024-03-21 23:50:57,,Chelsea,2401,45,0,High,,3755
15470,2024-05-08 11:26:26,,Kensington,4252,74,8,,,7494
15852,2024-04-16 01:17:06,London,Chelsea,3144,68,1,,,9802
19437,2024-07-03 13:24:05,London,Camden,821,21,3,Low,Damaged,7046
11053,2024-03-30 18:09:35,London,Chelsea,2973,-54,6,High,Wet,5126
17498,2024-03-30 11:07:31,,,321,97,7,Low,Snowy,2359
9450,2024-04-21 08:18:57,London,Kensington,4768,83,1,High,Snowy,3606
12751,2024-06-19 00:13:25,London,Islington,2877,39,4,Medium,Dry,8378
12753,2024-11-01 13:43:22,,Islington,3763,75,8,Medium,,4135
19778,2024-08-29 22:57:00,,Chelsea,1402,78,3,Medium,Dry,3578
18041,2024-07-03 05:28:22,London,Southwark,387,61,8,Medium,Snowy,8764
18329,2024-07-31 14:28:35,London,Islington,277,88,2,High,Snowy,4432
18855,2024-04-26 13:09:22,London,Chelsea,1065,83,3,Medium,Wet,4603
9128,2024-09-06 01:37:47,London,Islington,2178,35,2,High,,4368
10127,2024-03-14 06:09:23,,Chelsea,2294,21,0,Low,Damaged,2950
9369,2024-11-22 16:00:44,London,Southwark,466,62,4,,Snowy,2486
16571,2024-05-25 09:08:51,London,Chelsea,2783,94,1,High,,2523
10347,2024-08-10 11:55:27,London,Chelsea,1363,72,6,,Damaged,2044
15061,2024-09-05 01:29:45,,Islington,2187,43,4,Medium,Snowy,3083
12644,2024-06-14 22:24:42,,Islington,3240,54,9,Medium,Wet,6512
12445,2024-06-02 03:18:53,,Islington,3677,51,9,Medium,Wet,8466
14553,2024-06-11 20:29:27,London,Islington,3973,29,3,Medium,Damaged,2449
9121,2024-09-13 09:54:32,,,4267,50,7,Low,Wet,5844
14855,2024-04-16 18:50:44,,,2380,16,2,Medium,Wet,5681
9637,2024-09-30 13:09:32,,Kensington,4843,40,5,High,Damaged,8782
10039,2024-04-23 02:12:04,London,Southwark,4667,32,3,Medium,,4897
16285,2024-01-07 22:17:39,London,Islington,3616,16,8,Low,,8531
16592,2024-03-16 18:38:10,London,,3682,88,1,High,,5868
17695,2024-07-12 14:55:15,London,Kensington,1571,92,9,Low,Snowy,2477
12700,2024-01-23 03:55:48,,Chelsea,4145,21,5,High,Snowy,2821
18411,2024-10-06 02:25:53,London,Camden,1919,92,5,Low,,4548
17832,2024-09-07 23:33:47,London,Camden,97,72,6,Medium,,4296
14663,2024-06-25 16:17:30,,,3758,41,4,High,,3283
18366,2024-01-29 12:38:06,,Kensington,3411,36,9,Low,Damaged,3386
16833,2024-10-24 18:12:02,,Southwark,775,16,7,Medium,Dry,5858
14521,2024-06-09 09:50:19,London,Southwark,2219,49,7,High,Wet,221
10671,2024-09-07 19:56:26,London,Southwark,935,58,1,,Dry,4739
13663,2024-03-19 13:58:25,London,Camden,3163,52,4,Medium,Snowy,705
12174,2024-03-08 04:44:43,London,Islington,77,56,0,,,5079
18381,2024-02-10 01:48:15,London,Kensington,3989,24,7,,,8786
10818,2024-11-12 12:16:19,London,Kensington,4125,46,1,,Damaged,6276
18494,2024-01-25 18:23:31,London,Southwark,4987,77,4,,Dry,8036
18398,2024-07-29 18:29:27,,,1727,77,1,Low,Wet,901
14515,2024-01-20 19:00:43,,Camden,4915,32,7,,Damaged,834
14783,2024-12-18 19:51:28,London,Islington,4673,96,1,Low,Wet,6505
18421,2024-05-01 22:17:28,London,,3398,94,6,Low,Wet,7998
14582,2024-03-28 09:50:28,,Chelsea,2522,15,3,High,Wet,1826
10594,2024-01-09 05:51:16,London,,3159,87,8,Low,Damaged,3508
9256,2024-09-17 15:48:50,,Kensington,2321,23,4,High,Dry,3981
14091,2024-12-07 18:00:32,,Islington,36,23,6,High,Wet,8684
18457,2024-11-09 19:20:35,,Southwark,146,70,3,High,Wet,505
15525,2024-01-03 07:11:47,London,Southwark,1792,19,6,,Damaged,4827
16759,2024-09-12 07:10:50,London,Camden,4950,13,3,High,Snowy,9074
10972,2024-03-24 21:21:11,,,987,18,3,Low,Damaged,6323
18211,2024-04-25 05:12:05,,,233,23,7,High,Wet,5053
14331,2024-03-09 01:16:21,,Kensington,1730,24,9,,Damaged,7210
19947,2024-12-05 02:17:57,London,Camden,3328,61,4,,Snowy,2353
9498,2024-09-30 15:46:58,London,,742,48,0,Low,Damaged,2728
15316,2024-08-19 19:25:45,,Islington,295,26,1,Low,Wet,1297
19003,2024-02-04 20:48:52,,Chelsea,3120,29,1,,,3490
17104,2024-03-09 23:47:40,,Southwark,3694,90,3,High,Snowy,1000
18841,2024-03-16 19:21:29,London,,2367,18,7,High,Snowy,9560
12655,2024-05-27 14:50:15,London,Kensington,4493,90,8,,,9296
9114,2024-07-10 18:17:18,London,Southwark,3520,44,1,Medium,Dry,1180
19829,2024-01-12 06:49:16,,Chelsea,2658,48,4,,,5770
16354,2024-09-05 07:09:02,,Kensington,741,97,7,High,Dry,4291
12207,2024-09-15 21:37:36,,Southwark,276,87,0,Low,,1329
13687,2024-12-23 10:45:33,,,4415,24,5,,,8277
14022,2024-05-12 02:56:12,London,Kensington,3867,18,8,Low,Snowy,9008
9661,2024-07-05 01:05:22,London,Chelsea,2364,33,4,Medium,Dry,9746
9941,2024-11-12 04:42:19,London,Islington,554,13,2,High,,2741
12574,2024-11-23 12:24:12,London,Chelsea,3705,21,8,Medium,Wet,6437
11767,2024-10-10 13:14:53,,Camden,4414,55,4,,Snowy,4061
13311,2024-12-06 03:22:23,London,Chelsea,4501,21,3,,,8322
14031,2024-11-21 13:46:11,,Southwark,2081,11,5,Low,Damaged,4582
13362,2024-10-16 13:07:03,London,,4340,20,8,,Snowy,7912
18997,2024-10-17 22:36:32,,Kensington,4547,90,4,Low,,8711
14014,2024-05-11 01:35:52,,Islington,1283,51,1,High,Damaged,806
10736,2024-05-22 10:29:35,London,Chelsea,4319,35,6,High,Snowy,4342
12013,2024-03-16 23:43:26,London,Southwark,3261,73,9,Medium,Damaged,8261
9920,2024-12-08 18:39:31,London,,551,39,0,,,3307
16749,2024-09-21 11:52:28,,Chelsea,1832,19,5,,Snowy,6285
12183,2024-02-14 02:57:57,,,4047,89,5,Low,Wet,9583
15287,2024-09-06 01:45:48,,Chelsea,2750,35,1,,Snowy,4683
11881,2024-07-01 16:42:10,,,1702,85,3,High,,8147
15896,2024-05-30 16:53:16,London,Southwark,2169,33,8,Medium,Dry,3242
18391,2024-10-16 11:29:36,,Chelsea,110,81,2,Low,Snowy,1878
15856,2024-01-20 05:26:12,London,Southwark,4802,84,7,Medium,Snowy,6687
19101,2024-08-10 20:24:45,,,2624,29,3,Medium,Wet,7591
13346,2024-11-29 07:39:31,London,Southwark,3952,15,8,High,Damaged,9247
9900,2024-04-01 15:44:49,,Kensington,1454,65,6,High,Snowy,9212
13216,2024-03-12 20:16:59,London,Camden,3685,66,3,Low,Wet,9646
9535,2024-04-13 14:36:25,,Chelsea,4544,37,6,Medium,Snowy,6474
18153,2024-02-12 15:25:29,London,Southwark,3571,62,1,Medium,Snowy,3492
14070,2024-08-01 00:12:25,London,,3117,99,5,Low,Wet,9583
12183,2024-12-23 13:26:54,,Camden,1521,29,1,,Dry,5111
16718,2024-11-22 12:07:10,London,Chelsea,2529,25,1,Low,,4931
16553,2024-11-23 19:28:45,,Southwark,2041,51,2,Medium,Damaged,7284
19462,2024-05-11 22:33:57,London,Chelsea,885,60,0,High,Snowy,1939
10824,2024-12-03 17:20:06,London,Southwark,4771,85,4,Medium,,4139
9707,2024-05-18 19:42:02,London,Kensington,2814,94,8,Low,Snowy,406
10703,2024-02-10 00:13:48,,Chelsea,3876,86,1,Medium,Wet,2345
10079,2024-02-16 11:42:41,London,,4072,61,0,High,Dry,5612
17276,2024-02-01 19:46:21,London,Chelsea,4702,36,8,Low,Snowy,3875
13865,2024-01-05 10:56:31,London,Chelsea,1368,10,9,High,Snowy,1277
10807,2024-05-08 01:02:37,London,Southwark,1449,97,5,Medium,Damaged,4454
18164,2024-06-27 02:56:46,London,Chelsea,1700,16,1,,,4003
11725,2024-06-07 19:07:20,,Islington,4836,49,9,Low,Wet,1071
12258,2024-01-25 02:31:29,London,Kensington,1732,-30,8,Medium,,7850
13041,2024-04-21 08:06:10,,Camden,2250,70,6,Low,Snowy,6909
19188,2024-01-18 09:50:32,,Camden,1582,26,4,,Snowy,9934
11192,2024-09-22 10:46:19,,,4547,97,0,,Wet,3061
17385,2024-01-24 15:37:52,London,Chelsea,684,64,0,,Dry,5117
16945,2024-08-19 09:52:51,,Kensington,1105,56,1,Medium,Wet,5360
13659,2024-04-19 06:39:27,London,,2728,48,4,Medium,Damaged,3021
16861,2024-08-21 02:35:09,London,Islington,1320,36,1,High,Wet,7188
12710,2024-11-07 15:06:44,,,4844,21,2,Low,,2285
11252,2024-09-05 01:24:12,,,688,39,3,,Dry,982
11138,2024-08-24 17:21:14,,Chelsea,659,45,1,High,Wet,7139
17928,2024-01-29 19:56:12,,,3618,-42,7,Medium,Dry,8875
16789,2024-03-02 12:30:37,London,Camden,303,26,2,Low,Snowy,3171
9880,2024-04-19 00:39:40,London,Islington,3594,78,2,,Wet,715
14489,2024-06-25 18:20:47,London,Chelsea,4956,60,8,Low,Dry,4324
17293,2024-02-24 03:34:23,,Southwark,4995,72,8,,,2256
18796,2024-02-29 05:31:28,,,4907,17,0,Low,Damaged,3593
11080,2024-03-12 04:55:30,,Southwark,807,72,1,Medium,Dry,3844
14389,2024-11-13 07:56:52,,Camden,1313,51,9,Low,Wet,9223
10141,2024-09-29 05:57:48,,Camden,588,66,4,High,Snowy,2677
14899,2024-09-27 18:59:00,,Camden,3507,77,8,High,,1903
9331,2024-12-28 19:04:36,London,Kensington,59,35,1,,,2073
14447,2024-07-06 22:00:38,,Islington,2942,62,7,Low,Wet,9274
15826,2024-11-10 12:28:54,London,Camden,3229,33,0,Medium,Wet,3461
12328,2024-09-15 10:14:51,London,Kensington,3812,18,4,High,Wet,5229
11988,2024-07-20 16:05:56,,,4292,55,9,Low,Snowy,9496
10827,2024-11-24 05:53:47,,Southwark,1893,53,8,Low,Wet,8827
17931,2024-11-06 00:35:16,London,,3969,13,2,Medium,,2941
11796,2024-09-14 23:12:28,London,,3063,39,2,High,Snowy,6623
13749,2024-04-01 15:43:45,,Kensington,499,14,7,High,Dry,8241
17074,2024-06-05 09:42:44,,Chelsea,3087,41,8,Medium,Wet,1523
15883,2024-07-27 01:24:26,,Islington,3410,51,7,Medium,,5653
19591,2024-06-15 13:38:55,London,Kensington,2924,62,6,Medium,Dry,188
10979,2024-01-15 11:01:28,London,Kensington,568,46,4,High,Snowy,6045
11900,2024-11-04 06:03:28,,Kensington,4861,90,0,Low,Snowy,9393
9276,2024-09-22 14:33:43,London,Islington,1254,37,5,Medium,,9087
10752,2024-02-05 00:40:40,,Southwark,3580,24,8,Medium,Damaged,8606
16834,2024-07-13 17:48:10,London,,889,86,9,Low,Damaged,1813
11758,2024-08-13 12:40:05,London,,4619,27,0,Medium,,3774
14944,2024-03-02 09:45:34,London,Kensington,2042,75,5,Low,Damaged,9797
13950,2024-04-17 03:42:45,,Chelsea,2334,45,2,Medium,Dry,2704
9991,2024-01-24 04:00:43,,Southwark,3972,44,8,High,Wet,2746
9922,2024-05-07 23:43:49,London,Southwark,2820,50,7,High,,307
18782,2024-05-08 06:48:51,,Chelsea,2673,28,2,Medium,Snowy,2962
17792,2024-10-12 10:08:37,,Islington,1800,74,2,Low,Dry,4001
10760,2024-08-10 22:21:52,,,3424,97,6,Medium,Wet,5582
15268,2024-04-15 03:38:46,,Islington,3234,98,9,High,Dry,4369
14722,2024-05-22 15:01:25,London,Chelsea,3947,26,8,High,Wet,1916
16892,2024-01-30 09:38:48,London,Camden,2006,99,3,Medium,Dry,2461
17448,2024-05-09 03:52:50,,Chelsea,3204,73,9,High,Snowy,1045
10116,2024-08-13 17:05:36,,Southwark,2822,61,4,Medium,,1486
15582,2024-09-05 08:08:18,London,,165,67,2,Low,Snowy,1268
9590,2024-12-14 03:40:03,London,,4100,45,5,Low,Wet,2273
14816,2024-12-02 05:43:14,,Southwark,1317,18,1,,,9281
12398,2024-02-05 11:52:20,,Islington,1411,-69,7,,Wet,1097
10531,2024-10-04 09:46:24,London,Southwark,2275,50,9,High,Wet,3294
19193,2024-04-23 21:27:14,London,Southwark,1187,62,0,High,Snowy,4659
15042,2024-05-15 17:22:34,London,Chelsea,134,13,8,,Snowy,5414
12364,2024-12-24 01:09:25,,Kensington,1268,43,0,,Damaged,2305
12034,2024-11-12 14:39:05,,Southwark,1575,60,1,High,Damaged,1339
18179,2024-04-05 02:10:29,London,,4887,38,8,Low,Wet,9510
16440,2024-10-24 21:33:26,,Islington,2085,64,8,Low,Snowy,4381
16849,2024-09-11 13:14:59,,,1752,89,9,Low,,1372
18283,2024-02-20 12:21:50,,Southwark,1,57,9,Low,Dry,7815
14896,2024-12-12 18:20:22,London,Islington,4699,23,5,Low,Wet,1748
12429,2024-02-16 03:05:47,,Islington,2508,18,2,,Wet,4604
13366,2024-01-28 18:14:56,London,Southwark,1034,93,4,High,Snowy,8877
16878,2024-02-27 05:27:56,,Islington,619,47,9,Medium,Snowy,400
14302,2024-01-22 03:41:43,London,Kensington,354,63,3,Low,Snowy,3463
15246,2024-11-01 04:29:40,,Islington,246,27,5,Low,Wet,5373
19877,2024-10-14 04:09:59,,Kensington,4831,89,7,,Snowy,9902
13662,2024-07-01 22:07:01,,Kensington,2178,53,0,Low,,695
10715,2024-05-21 18:44:59,,Chelsea,3769,40,3,High,Damaged,7894
16487,2024-12-20 07:23:58,London,Chelsea,4997,46,3,High,,4354
9408,2024-12-12 02:45:50,,Chelsea,345,65,6,,Snowy,6225
18454,2024-04-24 05:56:05,,Chelsea,2633,65,4,High,Snowy,3950
10508,2024-06-06 01:09:19,,Islington,4619,16,1,,Snowy,8525
12340,2024-11-17 06:16:56,London,Kensington,1356,47,6,Medium,Snowy,459
10601,2024-12-30 02:45:33,London,Chelsea,3306,58,9,,Snowy,4683
17155,2024-12-23 04:58:18,,Southwark,335,57,8,High,,7020
19925,2024-08-29 16:19:13,London,Islington,3291,31,8,,Wet,3305
16465,2024-06-19 03:46:06,London,Chelsea,1009,91,9,Low,Snowy,9423
14061,2024-01-07 09:50:09,,Camden,2907,35,6,,Dry,7102
19316,2024-02-08 14:45:11,London,Chelsea,900,74,3,Low,Dry,3933
14088,2024-06-28 22:38:26,London,Kensington,3411,82,5,Medium,Snowy,9657
19441,2024-09-26 23:24:06,,Camden,2964,96,2,Medium,,9131
10484,2024-07-25 03:56:43,,Kensington,3926,30,1,Low,,6592
14919,2024-12-29 21:11:51,,Camden,1437,37,3,,Wet,6988
11100,2024-02-16 08:08:45,,Camden,1046,29,6,High,Damaged,2913
9563,2024-09-15 16:10:06,London,Camden,1003,30,4,Medium,Dry,9092
19908,2024-01-05 11:14:27,,,837,31,5,,Damaged,6939
9681,2024-10-07 21:01:24,London,,628,51,0,Low,Snowy,1605
9804,2024-08-09 19:01:48,,Kensington,140,86,9,Medium,Wet,2290
13091,2024-09-08 12:02:52,London,,633,63,9,High,Snowy,5582
11187,2024-09-23 04:51:29,London,Kensington,3691,38,0,High,Damaged,3423
10942,2024-09-18 15:52:54,London,Kensington,524,-30,6,Medium,Dry,6399
14505,2024-05-11 20:49:41,,Southwark,2933,87,6,,Wet,614
15597,2024-02-17 15:35:09,London,,2139,87,3,Low,,605
10968,2024-06-27 12:28:11,,Chelsea,3950,22,1,Medium,Wet,7974
12513,2024-08-07 13:25:15,London,Southwark,1999,-88,3,Low,,6724
15874,2024-02-18 14:36:48,London,Chelsea,71,93,5,,Dry,8206
9364,2024-06-03 19:28:10,London,Camden,3300,66,1,High,Wet,2149
11199,2024-09-24 04:11:43,,Kensington,3251,81,9,,Wet,5315
19647,2024-02-23 19:23:10,London,Camden,1428,12,0,,Wet,321
10288,2024-11-10 10:04:41,,Chelsea,1587,99,7,High,Wet,3239
15463,2024-10-20 15:02:26,London,Kensington,4027,13,0,Medium,Snowy,5722
17438,2024-12-29 16:24:50,London,Kensington,1603,76,2,High,Damaged,535
18781,2024-11-06 13:16:35,,Chelsea,751,23,7,Medium,Dry,9197
12164,2024-10-08 18:52:36,London,Kensington,4127,-47,3,Low,Snowy,6507
9594,2024-03-03 09:12:20,,Kensington,4991,56,9,High,Dry,7693
9291,2024-01-13 22:44:05,London,Islington,1174,78,8,,Wet,6036
14959,2024-07-29 02:56:44,London,Camden,2719,78,4,,Damaged,3695
9670,2024-02-16 06:14:52,London,Islington,2216,42,4,,Wet,9494
15123,2024-06-24 09:28:37,London,Chelsea,3160,87,6,,Snowy,2377
18952,2024-01-31 04:50:39,,Islington,2240,59,5,Low,,5972
17740,2024-08-21 12:32:12,London,,2036,15,8,High,Wet,8290
10187,2024-05-11 01:49:44,,Chelsea,4893,92,6,,Dry,7354
12751,2024-03-06 09:08:34,London,Southwark,1317,90,9,Medium,Dry,6533
11037,2024-06-03 05:54:47,London,Camden,4059,25,7,Low,Damaged,3629
11818,2024-02-22 02:49:08,,Chelsea,3961,37,8,Medium,Snowy,312
9919,2024-12-15 01:21:52,London,Islington,2637,29,4,,Wet,6197
9093,2024-09-08 08:35:13,,,2407,16,0,High,Wet,7027
18511,2024-02-10 08:00:54,London,Kensington,717,19,8,Medium,,7292
17078,2024-03-16 01:26:57,London,Camden,1419,56,2,Medium,,9260
11750,2024-03-02 03:12:51,,Camden,680,27,3,Medium,,6325
14390,2024-04-24 04:09:14,London,,4990,-42,7,,Damaged,3643
13766,2024-03-29 15:25:51,,,4819,91,0,,Snowy,8541
12871,2024-05-14 18:07:33,London,Chelsea,2519,36,4,High,,4163
16597,2024-01-19 15:12:34,,Chelsea,4759,44,3,Low,Damaged,6640
11798,2024-05-26 09:08:04,London,,4831,-76,1,High,,5903
15523,2024-04-28 02:35:13,London,Camden,3735,60,3,Medium,Wet,8759
19584,2024-12-19 22:38:40,,Kensington,1735,63,9,,,4340
9651,2024-09-05 12:22:02,London,Southwark,2649,42,9,Medium,Dry,7930
16442,2024-03-27 12:45:42,London,Southwark,1047,78,9,,,1758
16435,2024-07-03 03:17:24,London,Southwark,1867,73,9,,Snowy,6478
11793,2024-12-06 06:59:10,London,Southwark,3664,21,5,,Damaged,5992
15316,2024-02-27 18:42:51,London,Camden,2670,32,2,Medium,Wet,8256
20000,2024-06-11 11:20:30,,Kensington,4444,21,1,Low,Dry,3468
11887,2024-05-06 01:32:35,,Southwark,4890,52,8,High,Wet,2605
18761,2024-01-27 11:57:20,London,Kensington,1591,57,7,Low,Snowy,6510
18314,2024-02-29 06:03:57,London,Kensington,4628,87,9,Low,Snowy,7454
11412,2024-12-24 04:28:38,London,Camden,3985,45,1,High,Dry,6337
17768,2024-03-08 03:55:31,,Islington,1235,29,6,,,2493
14040,2024-08-10 21:00:16,,,3174,26,2,High,Wet,1340
14677,2024-07-26 16:46:46,,Islington,1233,27,3,Medium,Snowy,7163
9466,2024-05-02 23:35:39,,,807,22,3,,,8048
13843,2024-04-18 13:42:23,,Islington,329,44,8,Medium,Snowy,1686
14506,2024-03-18 19:51:39,,Southwark,4702,14,9,High,Snowy,7988
16865,2024-08-15 09:04:14,London,,4869,50,0,Medium,Snowy,8367
15382,2024-04-29 05:21:38,London,Camden,4362,29,4,,Damaged,5002
19400,2024-02-24 06:26:17,,Kensington,1514,48,4,Medium,Dry,6024
19822,2024-04-18 20:31:47,,Islington,3551,64,8,Medium,Damaged,464
15796,2024-12-30 19:50:33,London,Kensington,2704,58,3,Low,Dry,4810
15324,2024-10-12 10:24:46,London,,2183,36,4,Low,Dry,5441
12556,2024-11-03 13:14:00,,Chelsea,1753,55,3,,Snowy,7839
9518,2024-04-06 16:44:01,London,Kensington,595,80,2,,Wet,9420
10341,2024-07-02 05:52:50,,Islington,1379,18,0,,Damaged,9192
14372,2024-07-24 23:56:37,London,Islington,4583,89,1,,Damaged,4660
16051,2024-11-13 07:01:15,,Chelsea,659,-74,1,High,Wet,834
10869,2024-06-21 12:00:37,,Chelsea,1604,49,6,High,,3485
11464,2024-09-03 13:00:38,London,Southwark,431,33,1,High,Dry,1245
12714,2024-08-20 06:18:06,,Southwark,469,47,5,Low,Dry,8060
16793,2024-10-26 23:28:57,London,Camden,2026,46,7,High,Wet,2602
14095,2024-10-20 18:28:01,London,Chelsea,727,42,5,Medium,Wet,5878
18721,2024-02-01 12:27:26,London,Camden,1218,59,5,High,Damaged,5021
10600,2024-08-23 08:40:30,,Islington,699,29,3,Low,Snowy,4420
9057,2024-04-09 07:43:00,London,Islington,3066,26,6,High,,9748
17117,2024-05-19 19:21:37,,Chelsea,3670,34,7,High,Damaged,2644
19854,2024-11-20 11:44:07,London,,2495,76,0,Low,Snowy,6635
15197,2024-11-24 03:54:48,London,Chelsea,847,41,2,,Snowy,1917
9266,2024-09-18 19:25:50,,Southwark,2145,50,4,Low,Dry,4961
14105,2024-11-04 06:50:04,London,,3924,51,2,,Snowy,568
18477,2024-06-15 23:06:23,,,1206,82,7,Medium,Wet,547
17456,2024-12-08 23:15:27,London,Islington,4344,94,6,Medium,,7289
13626,2024-10-03 05:35:59,London,,4281,17,0,,,3628
11446,2024-11-26 23:50:58,London,Kensington,2531,85,1,Medium,Dry,8835
17693,2024-11-26 01:01:01,,Kensington,965,57,0,,,8893
11323,2024-03-17 17:10:28,London,Islington,3062,14,4,,,328
16243,2024-09-06 15:23:11,,,339,75,7,Low,,2430
9845,2024-12-13 17:58:59,,Kensington,2974,35,8,Low,Dry,2968
18145,2024-12-10 09:05:41,,Islington,1051,88,4,,Damaged,5015
9165,2024-10-25 15:41:12,London,,4337,18,4,Low,Dry,7750
18912,2024-11-07 19:54:31,,Southwark,143,35,7,High,,6013
12906,2024-06-08 05:27:59,London,Chelsea,4365,19,4,High,Wet,3030
9172,2024-09-10 14:38:10,London,Kensington,4446,11,4,Low,Wet,9457
12488,2024-03-25 04:55:13,,,617,80,2,,,7077
17528,2024-08-06 07:31:33,London,Islington,3734,14,4,High,Wet,5309
18821,2024-04-19 19:04:19,London,Kensington,1834,97,4,Medium,Snowy,1017
11837,2024-02-12 07:39:49,,,4925,33,1,,Snowy,4034
9991,2024-07-23 10:25:11,London,Camden,2330,23,7,,Dry,9815
12272,2024-08-28 04:13:40,,Southwark,1269,72,2,High,Wet,7934
11829,2024-10-29 19:01:31,London,Camden,297,30,4,Low,,1648
17498,2024-03-01 18:01:11,,,3751,99,9,,Damaged,8320
12160,2024-01-02 16:21:15,,Camden,2783,43,3,Medium,Snowy,6555
16828,2024-07-26 20:53:25,London,Kensington,3577,31,7,,Dry,3893
16009,2024-07-25 12:09:11,,Islington,3190,53,1,Low,Damaged,6607
16171,2024-08-10 19:38:58,London,Chelsea,2397,34,2,Low,Snowy,1920
19857,2024-01-12 23:05:16,London,Islington,1194,20,1,,,7345
17121,2024-08-15 17:36:44,London,Camden,1129,87,7,High,,6097
16171,2024-09-28 17:19:30,,Islington,4808,25,7,,Damaged,7888
17233,2024-11-05 14:32:37,,Southwark,1705,53,2,High,,6333
17692,2024-11-03 13:04:47,,Islington,2125,-22,6,,Damaged,8313
17502,2024-07-23 15:50:54,London,,328,63,9,,Snowy,8619
12003,2024-05-04 14:44:06,London,Southwark,579,35,5,,Dry,4169
11483,2024-09-07 19:48:24,London,Kensington,4781,29,5,High,Snowy,9866
16735,2024-03-25 00:26:52,,,3875,62,5,Low,Damaged,4859
15594,2024-10-10 23:40:18,London,Islington,2877,19,4,High,Snowy,6041
10644,2024-10-26 12:53:14,London,,4659,11,8,Medium,Dry,1013
15718,2024-06-08 18:50:58,,,326,92,3,Medium,Snowy,7210
19682,2024-02-03 20:29:33,,Islington,2292,75,1,,,2652
9148,2024-10-28 04:54:15,London,Chelsea,4330,21,8,High,Damaged,7719
11778,2024-12-04 21:20:36,,,2132,52,1,,Wet,2094
9370,2024-10-22 13:46:22,London,Chelsea,3678,32,9,High,Damaged,9718
19737,2024-01-07 22:32:15,,Kensington,1878,50,3,High,,8278
15110,2024-12-05 19:51:21,,Camden,4534,-10,3,Low,Wet,9760
10209,2024-10-26 03:01:10,London,Camden,750,53,9,Medium,Damaged,4936
12354,2024-01-19 08:49:44,,,995,96,2,Medium,Damaged,5430
18617,2024-10-24 20:11:02,London,Kensington,1284,74,2,,,2611
17916,2024-10-02 18:31:51,London,Chelsea,4957,41,0,Medium,Snowy,7284
9195,2024-04-23 03:59:45,London,Islington,1149,46,7,,Wet,5532
19990,2024-08-22 07:28:22,,Kensington,4953,32,8,Medium,Dry,9816
10605,2024-01-05 09:19:43,London,Islington,423,17,2,Medium,Wet,6411
11960,2024-03-29 04:01:55,London,,4717,50,8,,Damaged,5025
10465,2024-11-03 12:11:14,London,Camden,1908,80,0,Medium,,259
13393,2024-09-05 23:19:12,London,Chelsea,1878,52,2,Medium,Dry,4690
17628,2024-04-14 11:28:37,London,Chelsea,4162,91,5,Medium,Dry,3073
11827,2024-09-13 08:25:16,London,Chelsea,785,16,3,Low,Snowy,5219
9825,2024-09-19 16:30:39,,Islington,4485,45,6,Low,Dry,8981
9245,2024-09-16 08:58:15,,Chelsea,1952,24,5,,Dry,8253
12364,2024-08-22 08:48:27,,Chelsea,236,13,6,Medium,Damaged,8924
10414,2024-08-17 06:36:51,,Chelsea,3401,63,3,,,1240
12778,2024-11-21 16:18:25,,Camden,1083,69,5,,,6348
11544,2024-07-29 08:50:07,,Kensington,4945,29,1,Low,Snowy,8534
18604,2024-09-09 01:23:16,,Kensington,2514,31,4,Medium,Wet,7177
16162,2024-08-31 18:11:47,London,Camden,4464,95,6,Medium,Dry,350
10846,2024-09-28 03:42:05,London,Southwark,495,98,4,High,Snowy,7907
12647,2024-09-14 07:26:47,,Kensington,1184,62,4,Medium,,675
9855,2024-09-11 23:26:42,,Southwark,2042,78,9,,Wet,703
12199,2024-01-02 00:52:38,,Southwark,487,94,4,,Dry,4910
18394,2024-04-18 15:45:36,,Kensington,316,57,8,Low,Damaged,1328
10733,2024-10-26 06:28:59,,,356,96,1,Medium,Snowy,7658
17463,2024-05-15 03:15:34,,Camden,829,39,7,,Snowy,500
12230,2024-08-13 22:03:05,London,Chelsea,4910,81,5,,,9666
18017,2024-06-24 22:23:12,London,,3806,78,4,,Snowy,8230
12812,2024-05-25 02:13:42,London,,2135,80,1,,Wet,5079
10455,2024-02-16 06:52:52,,Camden,711,75,4,Low,,9352
16808,2024-03-25 13:24:53,,Camden,2377,94,0,High,Snowy,508
19779,2024-03-17 17:26:00,,,2240,20,5,High,Damaged,8628
18832,2024-06-23 16:03:46,,Camden,773,67,0,Low,Dry,8497
12001,2024-07-28 05:40:36,,Chelsea,1053,21,3,,Dry,7443
11411,2024-09-14 07:41:40,,Kensington,522,78,7,Low,,8890
16104,2024-11-11 23:37:44,London,Kensington,3767,96,4,Medium,Damaged,4350
17958,2024-02-11 05:00:55,London,Islington,1484,-92,2,Medium,Dry,7415
10897,2024-09-10 05:28:48,London,Camden,367,90,4,Medium,Damaged,2785
12944,2024-11-18 08:39:16,London,Chelsea,4846,77,8,Low,,4948
14041,2024-02-17 20:25:35,,Chelsea,2793,29,2,Medium,Wet,4742
18192,2024-11-24 02:08:50,,Islington,2336,67,5,Medium,Dry,3660
17456,2024-09-11 19:49:10,,Kensington,3773,85,4,,Dry,7099
18925,2024-02-03 16:08:56,London,Southwark,3141,66,4,High,,7499
14368,2024-06-12 18:37:53,,Camden,4508,32,8,,Snowy,6892
18513,2024-10-02 05:02:12,,Kensington,546,29,9,Low,,9117
14544,2024-12-24 11:02:32,,,3221,33,3,Medium,Damaged,4201
19047,2024-04-11 18:57:17,London,Camden,2473,36,2,High,Snowy,7171
18642,2024-10-05 06:26:16,,Islington,4562,55,8,,Damaged,4631
18538,2024-12-27 19:12:39,London,Southwark,2544,69,8,Medium,,4398
17529,2024-03-11 10:16:48,,Islington,3970,28,9,,Wet,8892
16131,2024-02-01 14:12:59,London,Chelsea,1485,88,8,Low,Dry,7457
19766,2024-05-31 21:45:39,London,Kensington,1479,60,3,,Wet,7300
17537,2024-12-05 00:32:30,London,,877,22,3,Medium,Dry,3209
19976,2024-07-13 17:05:10,London,Kensington,529,70,7,High,Damaged,726
10266,2024-06-21 23:59:16,,Southwark,1019,68,8,,Damaged,7136
18058,2024-12-01 11:38:31,,Chelsea,2891,83,7,Low,Wet,3919
9423,2024-12-16 18:01:09,London,,807,33,4,,Snowy,4763
18181,2024-12-28 10:13:25,London,Islington,257,33,5,Medium,Wet,449
15208,2024-06-23 16:07:54,,Chelsea,4583,77,1,High,Wet,7741
12928,2024-04-26 15:12:31,,Islington,2241,25,4,High,Dry,3235
15138,2024-03-20 16:46:00,,Islington,1371,59,7,Low,,3702
13604,2024-04-29 07:42:50,London,Southwark,312,31,7,Medium,Wet,9316
11997,2024-02-25 20:57:49,,,1947,85,2,,Dry,9719
15437,2024-08-28 14:06:58,London,Islington,3628,87,8,,Damaged,3077
12450,2024-07-15 04:06:28,London,,3787,16,8,,Wet,5797
15261,2024-05-06 00:02:45,,Chelsea,3249,69,2,Medium,Damaged,6005
11493,2024-07-21 01:30:53,London,Chelsea,1422,15,2,Low,Wet,4020
12276,2024-03-05 05:43:07,,Chelsea,96,48,5,Low,,2070
13672,2024-07-14 03:18:20,,Kensington,309,10,1,,Snowy,7327
12656,2024-06-18 12:11:09,London,Islington,4277,23,1,,Dry,6725
13870,2024-07-27 00:19:43,,Kensington,3047,94,1,Medium,Dry,6701
13740,2024-03-08 16:48:34,,Southwark,4933,66,2,High,Dry,8408
10577,2024-08-11 13:58:32,London,Kensington,4302,68,0,,Wet,9216
19620,2024-02-29 07:53:36,London,Islington,3790,81,8,,Damaged,8346
11178,2024-03-06 11:31:22,London,Kensington,3629,13,6,Medium,,4250
9594,2024-09-17 23:44:09,,Chelsea,4519,25,4,Low,Wet,2938
11299,2024-08-18 05:31:39,London,Chelsea,1103,86,4,,Snowy,486
12279,2024-05-28 21:14:21,London,Kensington,3828,14,1,Medium,Snowy,6438
15021,2024-10-10 13:24:06,London,Kensington,1758,29,3,High,Dry,5379
12312,2024-08-16 22:18:58,London,Islington,278,42,8,Medium,Dry,5679
18649,2024-08-22 09:24:06,,Kensington,846,14,3,,Damaged,2741
17528,2024-05-22 03:19:48,London,Chelsea,1597,98,1,Medium,,5269
16602,2024-11-09 22:36:26,London,Islington,1208,71,0,Low,Snowy,947
13403,2024-07-11 09:30:44,,Chelsea,4101,90,4,High,,3264
17009,2024-07-14 22:14:49,,,4367,48,4,Low,Snowy,148
16519,2024-09-26 17:09:06,,Kensington,3881,15,9,,,5749
15981,2024-11-24 08:24:34,London,Southwark,2496,35,7,Low,Dry,9151
13491,2024-07-16 13:50:38,London,Camden,1025,51,1,Low,Damaged,9022
16710,2024-09-28 06:42:26,,Camden,2180,12,9,Low,Snowy,4752
14898,2024-03-15 06:45:35,London,Southwark,1319,30,3,,Wet,1679
10186,2024-09-08 02:20:30,London,Islington,3613,91,2,Low,Dry,4213
18427,2024-09-11 07:40:17,London,Kensington,4142,19,0,Low,Wet,631
15456,2024-03-22 20:42:46,,Islington,450,76,5,,Wet,5355
14011,2024-04-06 00:10:05,London,Southwark,1980,68,8,Medium,Wet,4554
18950,2024-03-12 15:55:08,,Kensington,1333,95,7,Medium,Snowy,5624
11071,2024-12-16 02:30:09,,Kensington,3894,40,8,High,,5500
18427,2024-08-19 19:07:00,,Southwark,3965,31,8,High,Damaged,8572
17875,2024-05-28 06:05:44,London,Islington,2408,38,9,Low,Damaged,3168
13983,2024-04-24 04:43:27,London,Islington,2712,32,4,High,Damaged,1822
16136,2024-07-23 01:48:03,London,Chelsea,1441,29,4,,,9264
15343,2024-04-06 17:23:23,,Kensington,587,66,4,,Damaged,6943
18802,2024-08-18 16:48:50,London,Kensington,3823,40,2,,Wet,3537
15619,2024-08-07 20:04:06,London,,2858,67,7,High,,864
17933,2024-04-07 11:42:43,London,Kensington,1487,24,8,High,Dry,7624
13919,2024-10-05 09:13:01,,,295,43,9,Medium,Dry,327
10618,2024-06-30 03:57:16,,,198,84,3,,Damaged,7650
11232,2024-06-28 09:53:30,,Camden,4092,98,3,Low,Damaged,7326
18793,2024-06-18 06:48:20,London,Southwark,2241,44,8,High,,5584
15857,2024-11-26 23:09:03,,Camden,980,40,7,High,Damaged,1992
18219,2024-05-23 13:34:18,,Islington,4126,90,8,Medium,,7981
17991,2024-07-17 07:26:10,,Islington,661,24,2,High,Wet,1793
10622,2024-10-09 10:39:55,,Southwark,2729,37,9,Low,Wet,6695
11953,2024-08-02 13:24:16,,Chelsea,2934,33,8,Low,,1317
19391,2024-06-30 14:53:31,London,Kensington,4902,43,2,Low,Wet,5222
18093,2024-12-15 05:27:47,,Camden,1838,72,8,Medium,,5147
19332,2024-07-27 13:35:08,,Southwark,4501,18,2,Low,Dry,3430
16983,2024-03-12 07:51:09,London,Southwark,1753,51,3,Low,Dry,3367
9375,2024-08-14 22:31:50,,Islington,4655,30,6,High,Damaged,6227
13177,2024-09-18 19:15:52,London,Southwark,3451,78,6,High,,1050
14119,2024-01-17 22:39:55,London,Kensington,2645,47,4,Medium,Wet,5584
13786,2024-11-07 11:12:00,,Chelsea,1061,49,5,High,Damaged,4487
9264,2024-02-28 12:21:37,London,Camden,2770,76,0,High,Dry,2377
17790,2024-07-19 06:34:58,London,Kensington,356,84,3,Medium,Dry,8204
9723,2024-02-16 20:55:27,London,,4515,-51,1,High,Snowy,4707
12573,2024-08-26 10:30:14,London,Islington,965,57,4,High,Damaged,8457
18283,2024-07-11 16:39:48,,Islington,1954,19,9,High,,8766
18604,2024-11-26 02:07:21,London,Camden,4496,90,9,High,Snowy,344
16690,2024-01-31 03:36:38,London,Islington,1309,74,1,Low,Damaged,4185
9483,2024-11-08 09:24:57,London,Camden,4071,56,0,,Dry,3917
9881,2024-11-01 05:50:25,,Islington,1925,94,7,Medium,Damaged,558
14918,2024-05-18 09:10:00,London,,3766,18,3,Low,Damaged,1550
19043,2024-10-08 20:34:53,London,Southwark,3424,52,2,Medium,Wet,4720
16514,2024-05-15 11:04:44,,Kensington,2166,53,0,Medium,Dry,2027
10568,2024-03-31 09:41:47,London,Kensington,3227,22,9,Low,Wet,344
14443,2024-03-24 15:01:46,London,Chelsea,1950,30,5,Medium,Dry,3482
19454,2024-07-29 06:53:01,,Kensington,691,99,7,Medium,Wet,1731
12031,2024-06-08 14:57:03,London,Kensington,3915,37,2,Medium,Damaged,5084
19600,2024-03-09 03:42:16,,Islington,4167,70,6,Medium,Damaged,1931
19941,2024-07-08 20:26:58,London,Camden,638,17,5,High,Dry,8529
13564,2024-01-28 04:59:41,,Southwark,1384,38,9,Low,Dry,3747
19293,2024-06-12 10:26:21,,Islington,1494,57,5,High,,8454
19694,2024-12-23 17:55:53,,Camden,1148,46,6,Low,Dry,7054
11855,2024-06-24 18:00:28,London,Chelsea,3247,79,8,High,Dry,1763
11042,2024-10-04 14:22:43,,Kensington,566,90,7,Low,,1265
13478,2024-05-24 05:22:33,London,Kensington,2357,14,2,High,Dry,8914
18914,2024-10-25 08:38:24,London,,1011,-35,6,,Dry,6141
14526,2024-12-23 07:10:29,London,Camden,187,75,3,High,Dry,7345
10952,2024-11-07 17:02:41,London,,3832,49,2,,,9137
13958,2024-01-11 23:28:58,London,Islington,2270,63,2,Low,Damaged,9921
9792,2024-11-26 07:38:10,,Kensington,1333,98,6,Low,Wet,8594
10029,2024-09-13 05:31:22,London,Kensington,879,28,9,Medium,Wet,6850
9467,2024-08-04 22:11:20,,Islington,1090,13,0,High,Damaged,8294
16612,2024-09-25 06:23:40,,Chelsea,4358,87,5,High,Snowy,5777
10548,2024-11-09 05:37:05,,Southwark,2466,39,9,Low,Dry,1714
13098,2024-10-18 06:19:36,London,Islington,259,80,3,,,5956
18720,2024-03-08 14:41:17,,Kensington,631,-77,7,High,Snowy,9687
18131,2024-08-03 04:22:46,,Kensington,4271,29,1,Low,,858
14451,2024-12-06 16:05:05,,Southwark,4592,27,0,Medium,Dry,9933
13924,2024-07-18 21:02:15,London,Camden,2618,97,7,Low,Damaged,8375
15828,2024-08-06 17:50:39,London,,1291,21,4,,Damaged,7880
10035,2024-06-06 07:46:02,London,Kensington,3001,64,8,High,Dry,5983
11823,2024-02-29 14:10:31,London,Islington,2658,51,5,,Dry,2593
19554,2024-04-02 00:18:12,,Kensington,2998,17,0,High,Snowy,3610
10041,2024-07-05 02:27:49,,Islington,2762,51,8,High,Dry,3043
19081,2024-02-28 16:49:52,London,Southwark,2569,15,1,Low,Snowy,7549
11743,2024-07-21 12:18:19,London,Kensington,4564,59,6,,Wet,6294
9452,2024-04-19 05:51:36,London,Chelsea,3850,36,6,Medium,Damaged,8841
10168,2024-04-22 04:37:25,,Kensington,181,-94,8,High,Dry,1013
14035,2024-04-14 06:12:33,,Southwark,4663,82,4,High,Wet,1292
10681,2024-10-14 04:29:29,,Chelsea,2687,63,6,High,Damaged,7438
14904,2024-12-25 19:10:10,,Kensington,2972,29,3,Medium,,3448
17948,2024-12-15 18:16:23,,,1911,75,8,Medium,Damaged,9390
13175,2024-05-30 17:14:27,,Islington,2996,86,5,Low,Wet,8908
19360,2024-05-03 16:27:03,,Kensington,945,67,3,Low,,7708
18151,2024-08-02 23:13:17,,Chelsea,3153,53,9,Low,Wet,5150
10695,2024-12-29 22:50:54,,Kensington,55,90,7,Low,,8054
12391,2024-07-23 05:50:42,London,Kensington,4447,49,5,Medium,,8889
9152,2024-11-23 15:27:46,London,Southwark,4538,-57,5,,Snowy,2789
13919,2024-01-20 20:22:00,,Chelsea,1012,-50,9,Medium,Snowy,7948
9245,2024-08-25 16:27:20,,Islington,3263,12,4,,,8596
19287,2024-12-20 07:28:28,London,Camden,1962,81,6,Low,Damaged,7443
18719,2024-05-23 14:33:48,,Kensington,1859,30,6,,Wet,8458
13704,2024-05-17 21:31:34,London,Islington,60,62,8,Low,Dry,7806
9575,2024-11-08 12:33:10,,Camden,3685,13,3,Low,Snowy,1809
15396,2024-06-16 20:45:47,,Camden,2521,81,0,Low,Damaged,5964
10146,2024-12-19 14:50:14,,Chelsea,1371,76,4,Medium,Dry,5077
16077,2024-03-22 06:26:54,London,Camden,2378,90,8,,Wet,6327
10933,2024-07-30 13:33:13,,Southwark,1056,13,0,High,Wet,3329
11238,2024-07-13 01:42:57,London,Camden,4784,25,8,High,Snowy,3830
18774,2024-09-29 17:24:43,London,Chelsea,3089,24,2,Medium,,1628
12685,2024-11-30 21:58:01,,,4314,17,5,Low,Dry,9919
11822,2024-08-28 21:42:26,,,1601,48,6,High,Wet,8381
14921,2024-10-27 22:13:44,,Chelsea,4772,86,0,,Dry,2237
11213,2024-12-05 16:57:53,London,Southwark,2675,87,9,High,Dry,9189
16676,2024-10-03 00:05:49,London,Camden,3692,87,1,Low,Wet,5035
10387,2024-08-28 10:05:29,,Southwark,4925,35,4,,Dry,1765
19905,2024-12-13 23:24:37,London,Chelsea,941,-53,5,,,8759
11160,2024-10-09 02:34:45,London,Kensington,4906,64,7,Low,,1084
19504,2024-04-19 11:00:44,London,Chelsea,4857,25,2,Low,,4666
15016,2024-04-24 02:58:02,London,Southwark,3911,29,5,High,Damaged,3758
18619,2024-02-15 15:48:39,,Camden,3164,95,0,,Dry,2033
17749,2024-05-18 18:40:02,,Islington,1177,15,3,,Damaged,5054
12198,2024-12-14 16:41:17,London,Chelsea,1734,19,3,,,9884
19048,2024-01-20 10:17:13,London,Kensington,3533,74,4,Low,Damaged,4304
19661,2024-03-16 00:06:34,London,Southwark,4184,17,4,Low,Wet,4350
11193,2024-08-06 19:38:58,London,Islington,1809,-68,5,,Snowy,1319
11201,2024-02-19 22:06:32,London,Kensington,3351,51,2,Low,Snowy,4091
11611,2024-07-19 13:31:40,,Chelsea,1948,65,7,Medium,Dry,5517
12563,2024-10-06 14:02:30,,Southwark,4440,54,7,Low,Wet,5845
13216,2024-03-13 13:04:02,,Islington,405,25,1,,,2575
19115,2024-11-26 15:27:15,London,Islington,4401,40,2,,Damaged,7203
18815,2024-10-22 10:22:29,London,,282,90,9,Medium,Dry,8678
14206,2024-01-20 18:50:48,,Southwark,477,50,6,,Damaged,4210
10666,2024-06-13 01:39:39,,Southwark,3176,36,3,,Damaged,7206
14070,2024-08-16 20:17:30,,Camden,4973,67,8,Low,Snowy,3243
18787,2024-05-12 05:56:41,,,3448,11,0,Medium,Damaged,4694
13729,2024-01-06 23:00:11,London,Kensington,2047,59,6,,Snowy,5083
18774,2024-11-30 08:16:03,London,,2074,57,7,Medium,,2036
17175,2024-10-11 19:43:01,London,Kensington,3825,-29,8,,,3420
12042,2024-11-13 07:56:38,London,Southwark,1077,21,2,,Wet,4270
11194,2024-11-08 06:18:15,,Islington,1022,94,6,High,Damaged,3346
13058,2024-01-22 23:47:53,London,Islington,3912,82,9,High,Wet,4275
19829,2024-06-06 18:00:53,London,Camden,4400,66,6,,Dry,5873
17297,2024-11-10 19:18:16,,Islington,3832,78,9,,Dry,2253
16391,2024-06-06 03:11:14,London,Kensington,1639,28,8,Low,,8258
9919,2024-11-25 11:07:33,,Islington,145,81,4,Medium,Snowy,7570
13322,2024-08-10 23:30:42,London,Islington,2720,22,4,Low,Snowy,2971
16893,2024-07-02 00:32:47,,,527,68,6,Low,Snowy,4064
11684,2024-10-02 07:16:59,London,Chelsea,171,69,8,Medium,,8043
19807,2024-10-04 07:30:36,,Kensington,1846,36,2,High,Snowy,7249
18529,2024-10-17 10:40:33,London,Chelsea,4501,34,5,High,,5116
13037,2024-01-25 22:00:37,London,,1717,35,6,,Dry,1142
13020,2024-05-14 14:37:05,,Kensington,857,52,7,,Wet,7145
9272,2024-06-26 15:22:07,,Southwark,3877,86,6,Medium,Wet,850
14670,2024-08-07 13:15:10,,Islington,3276,37,7,Medium,,6182
10368,2024-02-28 04:16:12,,Southwark,4125,75,1,Medium,Snowy,1342
19343,2024-07-15 07:40:33,London,,3579,98,9,High,Damaged,5139
13760,2024-11-06 06:08:43,London,Islington,2259,81,2,Low,Wet,474
11253,2024-10-18 16:09:23,London,Islington,3713,33,3,Medium,Dry,3731
11332,2024-11-23 17:47:52,,,2826,32,0,High,Wet,2057
19965,2024-03-24 22:20:28,London,,4764,79,3,High,Snowy,3409
10731,2024-09-02 02:56:04,,Kensington,3044,52,5,High,Wet,7619
10217,2024-08-16 14:18:49,London,Chelsea,1786,29,8,,Dry,9829
13290,2024-07-22 23:18:59,,Southwark,3952,59,2,Low,Dry,7435
9133,2024-07-01 11:35:10,,Islington,867,89,6,Low,,4191
10805,2024-10-20 19:03:21,,Chelsea,3774,67,1,,Damaged,643
18779,2024-10-17 15:56:48,London,Chelsea,1643,30,0,,Wet,6075
9466,2024-07-17 05:39:04,London,Camden,2985,93,4,Medium,Damaged,441
15478,2024-10-30 07:34:26,,,522,69,0,Low,Damaged,4099
9470,2024-10-26 23:41:08,London,Southwark,380,15,1,Medium,Damaged,1664
14975,2024-01-13 01:16:45,London,,55,38,4,Low,Snowy,5537
15505,2024-10-06 00:48:29,,Chelsea,3832,22,9,Low,,4127
16278,2024-10-10 09:13:51,London,Southwark,3998,11,1,Medium,,5879
15596,2024-09-11 05:48:28,London,Camden,2815,41,7,High,Wet,5062
10669,2024-07-20 04:39:27,London,Islington,330,91,9,High,Snowy,2691
15078,2024-03-07 10:07:25,,,4563,24,4,Medium,Wet,9619
11840,2024-08-25 13:59:27,London,Islington,337,47,5,High,Dry,4425
10050,2024-12-09 17:14:19,London,,3480,65,3,,Dry,7807
12961,2024-01-15 01:14:14,London,Southwark,385,29,1,High,Snowy,9246
19374,2024-03-09 07:46:29,London,Kensington,2617,20,8,Medium,Snowy,3076
12450,2024-12-25 15:08:54,,Chelsea,3418,27,3,Medium,Damaged,5075
14260,2024-06-21 18:30:03,London,Southwark,2341,-50,4,High,Snowy,5414
15446,2024-06-19 03:36:51,London,Camden,4919,69,3,Low,,216
17264,2024-02-25 04:37:10,,Kensington,2232,30,2,Medium,,8649
13829,2024-11-16 11:10:42,,Islington,2167,88,9,,Dry,8611
9630,2024-07-24 15:47:00,,Southwark,3384,32,5,Low,Damaged,2262
11507,2024-01-11 22:25:54,,Chelsea,3047,55,5,,,3136
10576,2024-09-07 17:53:28,London,Southwark,2385,60,0,High,,8422
17535,2024-04-21 10:43:36,,Camden,2968,96,0,High,Wet,1617
14693,2024-12-21 04:27:41,London,Chelsea,741,64,7,Medium,Damaged,4495
14768,2024-03-17 01:52:30,London,Islington,4596,53,7,High,Damaged,8203
11297,2024-08-03 06:53:07,,Chelsea,544,71,3,Low,,827
9897,2024-12-24 14:25:18,,Kensington,3444,37,6,High,Snowy,8717
9917,2024-09-28 10:20:11,,Kensington,1374,31,4,Medium,Snowy,6451
9259,2024-11-19 17:45:12,London,Camden,632,15,0,Low,,6445
11299,2024-06-28 16:54:27,London,Southwark,2451,78,9,,Damaged,6282
18308,2024-11-18 02:51:15,,Islington,4038,52,6,High,Damaged,3439
14872,2024-01-25 20:33:56,,,1239,36,5,Low,Damaged,9911
17990,2024-06-06 15:35:32,London,Camden,4422,96,7,High,Snowy,1901
9771,2024-03-17 05:09:51,London,Islington,3589,78,0,,,9006
14629,2024-09-04 02:28:01,,,2669,34,4,High,Damaged,3027
10773,2024-12-06 02:24:54,,Camden,3024,14,3,Low,Damaged,5634
17153,2024-07-05 19:46:57,London,Southwark,3081,84,0,Medium,,5284
19430,2024-02-27 01:56:51,London,Kensington,4621,49,8,High,Wet,3347
15597,2024-07-17 20:23:09,,Southwark,1365,30,8,Low,Snowy,392
15583,2024-01-21 09:54:34,London,,361,97,6,,,1152
15497,2024-09-25 12:02:42,London,Kensington,1415,95,9,High,Snowy,2442
17871,2024-02-20 21:33:57,London,Islington,397,42,2,Low,Damaged,8065
12264,2024-11-15 05:21:56,London,Chelsea,1913,30,1,High,Dry,3862
13893,2024-10-10 07:55:30,,Kensington,1930,26,0,High,,1799
9185,2024-03-19 23:03:29,London,Southwark,4572,52,9,High,Wet,4384
19376,2024-11-26 16:53:51,,Camden,800,37,6,High,Wet,2779
11329,2024-08-13 16:30:52,London,Chelsea,2824,45,7,,Wet,5697
13197,2024-07-19 05:53:53,London,,3670,44,4,Low,Damaged,9075
17681,2024-01-27 09:10:29,London,,2928,86,2,Medium,Damaged,8582
15039,2024-05-14 13:40:12,London,Kensington,3819,69,1,Low,Damaged,7578
16238,2024-12-28 04:39:06,,Camden,1462,96,5,High,Damaged,2413
19004,2024-05-24 17:07:04,London,Southwark,4897,85,5,,Dry,1343
18272,2024-12-20 06:18:53,London,Islington,159,30,6,Medium,Snowy,6909
14007,2024-12-23 17:25:37,London,,101,76,6,High,,7467
13631,2024-09-05 13:12:46,London,Chelsea,4643,44,4,High,Damaged,5215
10621,2024-11-30 21:45:23,London,Chelsea,2612,45,6,Low,,9776
15463,2024-07-20 12:20:28,,Kensington,3905,54,0,Medium,Wet,5500
19713,2024-11-30 05:37:09,London,Islington,1307,50,9,Medium,Wet,4536
10509,2024-11-07 02:35:39,,,2220,69,9,Medium,Wet,8609
13859,2024-03-01 05:16:40,London,Camden,1682,54,1,Medium,Damaged,2239
15863,2024-06-27 09:02:45,,,1144,86,5,High,,6381
13579,2024-05-05 08:25:40,,Kensington,203,92,6,,Dry,4122
16572,2024-06-17 13:33:46,,Kensington,4026,30,0,Low,Dry,8076
17505,2024-05-20 18:12:55,London,Chelsea,2369,58,0,Low,Wet,7665
19491,2024-03-31 20:08:21,London,,3508,30,2,Medium,,2728
19790,2024-09-08 15:40:46,London,Southwark,245,42,1,,Snowy,966
12156,2024-09-01 07:02:14,London,Islington,2620,37,3,High,,6626
10827,2024-02-18 09:45:01,,Chelsea,653,67,7,Low,Wet,1105
10476,2024-03-04 01:53:30,London,Southwark,4967,51,0,,Snowy,5517
14037,2024-08-04 02:22:43,London,Islington,2224,35,2,Medium,,2428
15450,2024-11-09 19:57:28,,Chelsea,3671,27,2,High,Wet,3084
11860,2024-01-11 16:02:30,London,,4881,11,2,,Damaged,3251
10807,2024-06-27 21:33:05,,,2264,69,6,,Snowy,5624
19143,2024-11-07 05:44:13,London,Kensington,2467,42,1,Low,Damaged,5265
17120,2024-07-08 00:06:05,,Chelsea,3956,70,2,,Wet,4919
17585,2024-11-18 18:22:13,London,Southwark,4049,86,5,,Dry,6035
12073,2024-08-18 13:03:03,,Chelsea,3870,59,5,Low,,7420
9250,2024-04-02 15:50:14,,Chelsea,391,52,3,Low,Snowy,9392
15944,2024-12-30 02:01:01,London,Southwark,4845,42,2,Medium,Wet,4884
11817,2024-10-13 13:57:49,London,Kensington,2424,43,2,Medium,,1410
19444,2024-01-01 22:43:09,,Islington,2291,95,6,High,Snowy,3929
13779,2024-02-26 08:44:09,,Chelsea,4266,78,4,Low,Damaged,6908
19208,2024-03-22 23:49:43,London,Camden,2629,76,7,Low,Snowy,7672
10956,2024-10-13 10:14:39,,,3499,33,9,,,5299
11079,2024-12-06 15:34:37,,Islington,983,84,9,High,Wet,3549
11018,2024-07-03 08:56:46,,Camden,4809,42,1,Medium,Damaged,2437
12458,2024-02-14 07:03:35,London,Kensington,4216,55,2,Low,Damaged,5626
19841,2024-08-12 20:42:14,,Kensington,161,86,8,Medium,Damaged,275
19306,2024-04-03 16:48:11,London,Southwark,2268,95,3,High,,8329
10657,2024-11-16 05:32:11,London,,1725,70,7,Low,,383
9671,2024-11-04 05:47:50,,Chelsea,480,35,4,High,Wet,8369
12983,2024-04-07 09:32:45,,,2029,56,5,High,Dry,2358
12058,2024-06-14 20:53:34,,Kensington,621,30,1,Medium,Dry,274
10724,2024-06-27 13:08:14,,Camden,4952,45,0,Medium,Damaged,7911
18484,2024-03-18 22:14:37,London,Kensington,4801,17,1,Medium,,1228
17473,2024-09-01 18:40:21,London,Islington,2067,99,1,Low,Wet,9142
10308,2024-08-14 11:56:34,,Southwark,1981,73,7,Medium,Dry,3644
14713,2024-03-10 16:20:44,London,,2598,59,1,Medium,Damaged,2622
19413,2024-08-09 00:06:41,London,Camden,4673,31,6,High,Snowy,5951
11638,2024-08-24 08:05:53,London,Camden,1566,84,5,,,4024
16590,2024-04-24 11:15:32,London,Southwark,1928,49,0,Low,Damaged,6664
12270,2024-10-26 18:46:37,,Chelsea,3508,41,4,Low,Dry,3567
14893,2024-09-03 20:34:20,,Camden,2503,87,3,,Dry,9094
16515,2024-10-14 08:04:45,London,Islington,937,73,0,Low,,4385
18491,2024-11-21 12:42:03,London,Camden,3784,41,1,Low,,8173
13750,2024-11-16 23:19:12,,Islington,1005,25,3,High,,365
10540,2024-12-26 12:33:02,London,Kensington,3169,43,4,Medium,,9682
19859,2024-03-11 05:01:05,,Chelsea,621,44,4,Low,Snowy,342
16059,2024-01-09 06:31:32,London,Camden,501,77,3,,Wet,1024
11025,2024-04-15 04:00:59,,Camden,125,94,9,High,Damaged,1120
10592,2024-12-04 13:25:52,,Southwark,4801,23,7,Low,Wet,3871
10346,2024-11-29 10:59:16,London,Kensington,508,79,8,Low,Damaged,3926
11653,2024-06-18 13:03:10,,Kensington,2438,38,2,Low,Snowy,4958
10230,2024-12-24 00:47:18,,Islington,2701,-82,8,Medium,,9678
19613,2024-05-19 21:31:03,London,Southwark,899,61,0,Low,Dry,4947
15382,2024-06-08 05:26:41,London,Southwark,4381,92,5,,,4536
12060,2024-12-11 02:39:41,London,Southwark,3486,16,5,,,5228
15114,2024-10-04 09:22:21,London,Chelsea,480,47,5,High,,2507
19959,2024-06-21 15:12:13,,,122,47,2,Low,Dry,2172
14387,2024-12-16 02:55:04,,Kensington,3452,29,7,Low,Dry,5939
17327,2024-04-24 02:28:45,,Islington,1943,38,8,,,5912
13221,2024-05-28 16:01:34,London,Kensington,783,60,2,Low,,2672
13553,2024-11-08 16:03:28,,Camden,3017,81,9,High,Damaged,3812
19798,2024-10-16 05:19:53,London,Southwark,2887,97,2,,Dry,3607
17428,2024-11-22 16:20:24,London,Islington,4918,38,0,Low,Wet,5524
16707,2024-09-23 10:20:08,London,Southwark,2907,50,7,Low,Wet,8188
11799,2024-01-27 20:43:04,,Islington,901,73,3,,Damaged,7053
18334,2024-03-12 06:10:56,London,,1393,95,5,High,Snowy,9671
11113,2024-04-24 11:50:12,,Islington,981,65,7,Medium,Snowy,7572
15412,2024-02-21 18:42:24,,,3128,75,5,Low,,4154
13539,2024-04-05 02:33:19,London,Camden,3570,-41,6,High,Snowy,399
16288,2024-09-08 06:12:12,London,Islington,4895,20,7,Medium,Wet,8056
11719,2024-02-12 11:16:26,London,Kensington,1935,78,9,Medium,Dry,732
14676,2024-01-24 04:01:03,,Camden,983,77,7,,Wet,9878
12162,2024-11-12 22:40:54,,Kensington,4668,35,6,High,,3994
11646,2024-09-16 07:05:36,,Islington,2667,85,4,Medium,Snowy,9478
9376,2024-07-26 07:44:57,,Camden,4608,54,9,High,Snowy,926
19825,2024-06-20 12:08:56,,Islington,1276,93,5,Medium,Damaged,5584
19734,2024-11-06 23:49:43,,,329,33,0,Medium,Snowy,4839
13465,2024-10-19 21:20:09,,Southwark,2870,52,2,Medium,Damaged,7301
15181,2024-06-09 18:27:45,,Chelsea,3441,39,5,Medium,,6164
16097,2024-01-12 00:38:58,London,Kensington,4516,58,3,High,Damaged,9958
19085,2024-05-14 14:42:04,London,Kensington,2357,54,7,,Dry,4651
15458,2024-06-02 10:32:04,London,Kensington,1200,83,8,Medium,Dry,2042
19351,2024-10-26 02:19:36,,Islington,3248,40,3,Medium,Dry,3894
9679,2024-05-11 04:19:14,,Chelsea,702,95,4,Medium,Snowy,4358
13187,2024-09-29 18:13:43,London,Kensington,1201,74,0,High,Damaged,1254
17331,2024-11-02 06:16:02,London,Islington,3978,14,8,High,Wet,5110
11677,2024-09-29 11:34:00,London,Southwark,604,59,0,Low,Dry,4371
19208,2024-05-12 04:13:19,,,2533,45,3,Low,Dry,945
12715,2024-02-16 17:15:45,London,,1906,93,8,Medium,Damaged,3413
11027,2024-05-22 10:40:13,,Kensington,4709,89,4,,Wet,5742
12652,2024-10-15 15:01:01,,,4097,82,3,High,Damaged,4950
10800,2024-09-15 14:25:29,London,,866,36,5,Medium,,947
14580,2024-07-27 04:35:24,London,Chelsea,2422,38,6,Low,Wet,2118
15616,2024-08-04 09:29:03,,Camden,3822,71,8,,Wet,3180
10029,2024-02-23 11:54:11,London,Islington,3985,45,2,,,4688
16514,2024-06-04 06:00:17,London,Islington,158,26,2,Low,Dry,3132
18554,2024-09-21 19:10:21,London,Chelsea,2689,27,5,Medium,Wet,6736
17862,2024-11-18 18:16:48,London,,422,99,8,Medium,Dry,9767
15911,2024-12-14 03:48:49,,Kensington,4634,98,9,Medium,Damaged,1264
17946,2024-08-16 08:26:37,London,Chelsea,4457,59,6,Low,,6557
10354,2024-02-06 05:24:04,London,Islington,2195,13,8,High,,6999
13961,2024-11-17 04:52:02,,Islington,1813,64,9,Medium,,8741
18709,2024-03-14 22:25:31,London,,2515,44,4,Low,Damaged,3494
16978,2024-03-12 04:04:32,,Chelsea,673,48,5,Medium,Damaged,5520
10922,2024-07-04 21:13:56,,Kensington,1645,79,0,Low,Damaged,5062
9881,2024-09-01 05:16:13,,Southwark,2125,82,5,High,Damaged,2336
15615,2024-10-09 10:04:28,,Kensington,4092,99,3,High,,2710
14131,2024-03-18 02:20:05,London,Kensington,2358,14,3,Medium,Dry,8725
12321,2024-01-28 06:28:22,London,Camden,1591,24,1,Medium,Damaged,248
11452,2024-03-05 17:40:37,London,Kensington,952,26,7,Low,Damaged,7068
17298,2024-03-09 12:25:14,,Southwark,1862,88,5,Medium,Snowy,4847
19864,2024-03-28 22:40:41,London,Kensington,2881,37,1,Medium,Wet,6262
14763,2024-06-08 19:10:04,,Camden,4655,38,3,Low,Wet,8864
15176,2024-02-13 05:10:54,,Islington,2384,53,1,High,Wet,6820
10447,2024-01-25 13:59:38,London,Islington,2114,45,4,High,Damaged,3617
19479,2024-09-26 12:06:54,London,Camden,4675,46,7,Low,,6301
17041,2024-07-25 19:24:46,,,1732,87,8,High,Wet,7328
13761,2024-01-27 22:30:08,,Camden,2184,66,6,High,Damaged,6721
13865,2024-09-30 15:09:31,,Southwark,3436,24,3,Low,Snowy,7470
17440,2024-01-20 19:31:12,,,2180,63,1,Medium,Dry,261
17511,2024-11-12 01:27:21,,Southwark,2529,50,0,Low,Wet,8920
10275,2024-09-23 17:24:25,,,92,57,5,Low,Damaged,738
11702,2024-10-02 21:24:15,London,Kensington,2967,91,8,Medium,Dry,3496
19609,2024-02-20 04:34:56,,,1618,82,5,Low,Wet,9845
15089,2024-10-07 08:11:34,London,Chelsea,4601,66,9,Low,Wet,3097
10192,2024-12-16 07:51:22,London,Camden,716,14,2,Medium,,1131
13269,2024-04-04 21:44:11,London,Southwark,4774,17,3,Low,Wet,6248
9816,2024-02-13 23:59:49,,,2763,80,6,Low,,5925
12747,2024-08-16 05:04:52,,,1024,90,1,High,Damaged,6069
17216,2024-05-09 11:26:48,London,Islington,2847,38,1,,Dry,3622
15809,2024-02-09 05:21:03,London,Camden,1921,53,2,Medium,,7637
15856,2024-04-01 23:22:05,,Southwark,1887,91,6,Medium,Wet,4469
9488,2024-06-30 23:42:11,London,Camden,1266,40,9,Medium,Wet,9284
12358,2024-04-03 14:56:36,London,Camden,920,83,7,Medium,,8718
11488,2024-01-08 15:04:49,,Chelsea,750,49,1,Medium,Snowy,974
18219,2024-06-21 04:26:54,,Chelsea,1486,91,5,,Wet,4111
9359,2024-06-12 16:16:21,London,Islington,3059,12,9,High,Wet,5652
9788,2024-03-27 08:23:42,,Chelsea,3976,14,3,Low,,8332
18737,2024-07-02 18:41:10,London,Chelsea,745,94,3,Low,Damaged,633
16288,2024-07-24 01:50:31,London,Kensington,2728,99,3,Low,Damaged,2694
18755,2024-01-16 18:57:51,London,Kensington,550,34,0,,Damaged,452
10139,2024-08-06 09:18:08,,Chelsea,3111,91,3,Low,Wet,6739
11213,2024-07-26 23:42:39,,Camden,222,54,8,High,Dry,7668
11527,2024-08-28 20:42:30,London,,2131,45,0,,Snowy,6519
18102,2024-10-06 11:02:45,,Southwark,3850,30,4,High,Dry,7788
15989,2024-06-08 20:41:16,London,Chelsea,3453,90,5,Medium,,5114
14311,2024-06-28 08:31:51,,,3062,48,5,Medium,,5848
19802,2024-07-06 11:01:11,,Southwark,1812,77,7,Low,Damaged,7869
9411,2024-09-30 02:54:30,,Kensington,2585,28,6,High,,6690
9391,2024-06-27 11:12:56,,Kensington,4724,14,9,Medium,,2868
9673,2024-12-14 18:20:56,,Kensington,1920,80,4,Medium,,3278
13441,2024-04-02 01:27:43,London,Southwark,4744,85,7,Low,Snowy,6191
17537,2024-12-01 23:04:46,,Kensington,3529,15,2,Low,Snowy,4667
13916,2024-05-24 12:01:27,,Islington,1834,39,1,High,Snowy,4972
16463,2024-07-22 02:56:14,,,1602,61,7,Low,Dry,5088
11520,2024-08-06 07:16:01,,Southwark,2491,27,3,Medium,Snowy,6782
18360,2024-12-03 13:17:31,London,Southwark,2303,37,7,Low,,8063
9526,2024-10-26 19:56:34,,Southwark,743,66,9,Medium,Dry,754
15281,2024-04-25 17:02:05,,Kensington,1126,73,1,High,Damaged,6816
15321,2024-02-23 17:36:47,,Camden,4420,94,8,Low,Wet,7961
13798,2024-11-08 17:15:50,,Camden,2519,44,7,Medium,Wet,6184
16844,2024-11-09 00:14:08,,Camden,3863,26,4,High,Damaged,203
9051,2024-04-27 05:12:18,London,Southwark,4184,59,7,Low,Damaged,399
16170,2024-04-02 22:44:58,London,Kensington,3322,39,6,Low,Damaged,5671
15946,2024-01-19 02:57:52,,Southwark,3476,86,2,,Damaged,6992
14656,2024-08-26 17:44:47,London,Chelsea,2661,46,0,High,,6370
9751,2024-12-01 09:17:55,London,Camden,4057,70,7,Medium,,8741
15879,2024-10-19 04:11:29,London,Chelsea,2808,37,0,Low,Dry,4482
11371,2024-12-23 17:21:17,,Southwark,3813,60,1,Low,Dry,5401
12465,2024-02-23 08:09:58,,Chelsea,502,56,7,Low,Snowy,8520
14342,2024-11-04 21:30:48,London,,3602,58,5,Medium,Dry,9180
18477,2024-09-08 03:56:17,,,2970,26,0,,Wet,1950
12333,2024-11-26 08:13:38,,Camden,2426,85,2,Low,,1317
12779,2024-05-26 16:49:00,,Chelsea,3471,88,3,Low,Snowy,9678
18922,2024-03-12 18:29:53,London,,2624,87,7,Medium,Dry,681
10569,2024-07-14 13:39:11,London,Islington,4369,39,6,Medium,Snowy,6032
9040,2024-05-14 23:25:30,,Islington,1584,91,9,High,Damaged,6167
12343,2024-12-03 05:37:19,,Islington,3375,64,2,Medium,Wet,9428
14935,2024-11-14 16:26:54,London,Southwark,2879,13,2,High,,3544
12855,2024-11-30 20:32:18,London,Southwark,4818,-58,6,Low,Dry,7997
15039,2024-01-20 09:18:18,,Islington,2045,68,9,,,9651
18707,2024-08-05 00:44:35,London,Kensington,1406,89,2,Low,Damaged,5396
17316,2024-05-30 23:51:59,London,Kensington,1518,29,3,Low,Damaged,5793
17335,2024-05-18 15:54:41,London,Camden,2290,34,0,,Snowy,2739
10675,2024-01-03 23:29:58,London,Kensington,1213,69,1,High,Damaged,4120
16934,2024-01-07 04:54:34,London,Islington,4970,42,5,Low,Snowy,8858
18547,2024-07-31 03:41:33,London,Camden,745,36,4,Low,,7824
19544,2024-05-08 21:22:28,London,Camden,463,48,6,Medium,Dry,1843
18536,2024-12-19 17:17:05,London,Southwark,4290,78,4,Low,Dry,6692
16393,2024-04-27 09:04:42,London,Camden,4270,59,2,Medium,Snowy,8731
17380,2024-07-25 12:41:32,London,Islington,644,26,7,,Damaged,4690
10989,2024-07-15 04:11:44,London,,3034,98,0,Medium,Damaged,1591
19755,2024-01-28 19:20:58,,Southwark,3884,90,9,,Wet,1610
19208,2024-02-18 22:33:51,London,Camden,310,33,6,Medium,Damaged,6772
19435,2024-12-15 08:42:14,London,Islington,3292,75,5,Low,Dry,8185
14139,2024-08-16 01:41:01,London,Chelsea,1800,44,1,,Damaged,8198
14015,2024-08-23 19:45:36,,Southwark,4688,70,8,,,5926
15728,2024-02-16 20:59:40,London,Chelsea,1654,24,9,,Dry,7647
19560,2024-11-22 02:46:21,London,Kensington,1065,16,9,Medium,Damaged,4479
14062,2024-06-21 14:09:25,,Southwark,4624,20,4,,,2217
10197,2024-07-03 05:42:07,,Kensington,2315,76,7,Medium,Dry,8292
13460,2024-05-17 22:04:12,London,Southwark,3064,20,8,Low,Snowy,6838
14684,2024-10-21 11:01:48,,Chelsea,3414,22,6,,Snowy,4307
13994,2024-12-23 18:41:28,,Islington,4999,59,5,Low,,308
9472,2024-02-22 04:45:26,,Kensington,695,56,6,,Dry,9934
12356,2024-12-17 03:12:56,,Islington,4231,11,2,High,Snowy,7269
15171,2024-10-06 11:31:23,,Camden,76,54,0,Low,Damaged,6035
12842,2024-05-30 05:30:01,,Islington,1930,58,7,Low,Dry,1215
13945,2024-11-16 23:11:01,London,Kensington,323,28,3,,Damaged,9686
19921,2024-12-07 14:35:22,London,Kensington,1290,32,2,Medium,,4169
10729,2024-02-06 00:19:30,,,4141,71,7,High,Dry,1908
15936,2024-10-15 11:02:30,,Kensington,1677,27,2,,Wet,1710
13710,2024-11-06 09:46:22,,Kensington,1100,63,5,Low,,6941
14693,2024-09-16 13:03:18,,Southwark,4621,18,7,High,,7503
11547,2024-12-03 09:57:12,London,Islington,4675,77,3,Low,Damaged,2799
16745,2024-09-06 02:22:58,,Southwark,3266,35,4,Low,Damaged,8657
10128,2024-04-29 15:29:46,London,Islington,757,19,7,High,Wet,8491
16079,2024-09-23 13:13:51,London,,1535,15,1,Medium,Dry,4749
14995,2024-04-02 05:46:06,,Kensington,4354,18,6,,Wet,7702
9524,2024-06-24 07:12:10,London,Chelsea,3193,67,5,High,Dry,8422
19551,2024-07-27 12:29:29,,Chelsea,1827,30,0,Low,Damaged,9258
11919,2024-01-07 20:09:09,,,1086,84,3,High,Wet,4440
9023,2024-01-27 22:33:53,,Kensington,1578,64,7,High,Snowy,1152
13363,2024-02-21 06:41:37,,Islington,3074,70,3,,Dry,8538
14404,2024-06-10 00:48:22,London,Chelsea,2069,30,4,Low,Wet,1479
13663,2024-05-16 07:43:18,London,Kensington,1965,54,6,High,,5051
14032,2024-08-09 03:43:42,,Camden,899,52,0,Low,,662
19123,2024-01-10 17:04:03,,Islington,1520,39,9,High,Damaged,2065
17709,2024-08-07 05:25:05,London,,1076,15,5,Medium,Dry,2388
13579,2024-11-13 20:56:13,London,Chelsea,1108,10,4,,Snowy,496
13777,2024-03-30 08:18:57,London,Islington,4438,36,9,Medium,Snowy,4866
13451,2024-03-14 19:08:56,,Kensington,1054,98,6,High,,6575
17931,2024-07-24 20:50:19,,Chelsea,1505,85,9,Medium,Snowy,1296
14974,2024-12-25 14:10:04,London,,2101,74,5,High,Wet,6758
10736,2024-12-13 04:51:45,,Kensington,1838,52,3,Medium,Dry,6738
16099,2024-01-01 23:21:10,,Islington,1430,74,9,,Damaged,2173
15985,2024-10-15 13:39:09,,Kensington,3764,18,1,Low,Snowy,3119
9296,2024-11-02 05:20:52,London,Kensington,2923,10,3,High,,1451
10599,2024-05-12 08:05:19,London,,886,64,5,High,Snowy,4653
12992,2024-12-20 22:17:13,London,Chelsea,1664,92,9,Medium,,5575
16716,2024-07-17 01:12:57,London,Camden,4093,56,0,Medium,,6769
15071,2024-11-15 20:01:30,London,Southwark,32,25,1,,,200
19511,2024-03-19 13:45:15,,Islington,2412,23,9,Medium,Damaged,2344
14490,2024-03-20 18:08:33,,Camden,4636,10,2,Low,,8858
15808,2024-09-02 04:54:13,London,Islington,2334,88,4,High,Snowy,191
19446,2024-02-14 09:01:26,,Camden,4830,15,1,,,8644
9727,2024-01-16 06:28:54,,Southwark,35,92,7,,Wet,6458
10050,2024-05-24 04:25:46,London,Southwark,2363,64,3,,Wet,3502
13033,2024-02-13 06:23:53,,Southwark,2785,22,1,Medium,Dry,2880
9904,2024-10-18 10:51:38,,Chelsea,2027,93,7,,Snowy,1821
15055,2024-10-28 06:35:35,London,Camden,2950,-72,7,,Damaged,4761
15356,2024-09-22 15:01:38,,Islington,385,81,2,High,Dry,9109
9551,2024-05-11 22:37:27,London,Southwark,3732,73,0,High,Damaged,3890
11576,2024-03-24 15:26:47,London,Islington,1145,33,5,High,Wet,6184
11888,2024-05-02 04:10:06,,Chelsea,1505,76,3,,Damaged,3587
18605,2024-06-21 12:38:58,,,3031,71,7,Medium,Wet,1217
12626,2024-09-06 08:55:32,London,Islington,4678,17,4,High,,6354
11011,2024-06-08 07:19:38,London,Chelsea,128,18,5,Low,Wet,7855
13188,2024-11-26 19:33:20,London,,3984,15,2,High,Dry,7163
11525,2024-05-29 16:20:46,London,Chelsea,1609,68,6,,Damaged,9629
16080,2024-05-19 17:56:10,,Kensington,1788,16,0,High,,8893
12210,2024-04-11 16:19:50,,Islington,2258,27,4,,Wet,7499
19265,2024-02-03 03:07:57,,,2530,57,3,Low,Snowy,1363
14098,2024-05-11 08:37:14,,Islington,2454,33,7,,Dry,3880
10184,2024-11-29 13:07:26,,Islington,2664,90,3,Low,,6950
12553,2024-05-18 05:17:32,,Kensington,1609,42,6,Low,Wet,1898
15554,2024-06-07 15:44:53,,Camden,647,20,3,Low,Damaged,5003
10406,2024-02-04 13:38:15,London,Southwark,4648,89,7,,Damaged,4321
9436,2024-09-02 03:26:30,London,Islington,1470,44,4,,,8652
9120,2024-02-02 19:49:24,,Islington,2185,54,4,Low,Damaged,8362
18198,2024-10-09 20:54:51,,Southwark,1905,37,3,Low,Snowy,1528
12445,2024-12-26 07:07:31,London,Camden,592,97,8,Low,Dry,8444
10727,2024-08-12 14:39:08,London,Islington,1851,35,6,,Dry,726
10985,2024-09-30 16:57:20,London,Islington,2354,28,7,Medium,,9116
17489,2024-05-14 01:44:44,,,1698,60,9,,Dry,2527
15154,2024-03-24 12:29:57,London,Southwark,4339,84,5,Medium,,790
19311,2024-12-02 23:34:46,,Southwark,2960,48,8,,Snowy,903
10580,2024-08-14 23:01:18,London,Islington,1946,87,1,Low,,9123
19101,2024-12-21 12:24:04,London,Chelsea,3418,79,5,Low,Wet,5924
12975,2024-06-01 11:16:20,London,Southwark,2970,80,3,Low,Damaged,8696
17282,2024-01-14 06:32:21,London,Southwark,3837,48,6,,,9503
13145,2024-12-08 13:12:04,London,,1518,67,7,Low,,9937
10377,2024-02-29 16:23:49,London,Southwark,1252,-70,6,Medium,Snowy,2301
11415,2024-04-11 13:09:22,,Islington,3756,-67,2,Low,Snowy,8166
15786,2024-06-28 12:56:15,London,Chelsea,2003,68,2,High,,5890
13146,2024-08-01 13:02:50,,,3133,72,8,Medium,,4705
15356,2024-12-13 14:38:46,London,Camden,3938,13,2,Medium,Snowy,8042
17369,2024-12-23 07:08:12,London,,3261,88,6,Low,,8189
14437,2024-06-12 02:48:17,,,2727,39,8,Low,Dry,5102
11905,2024-03-26 01:50:04,London,Camden,3538,95,4,High,Damaged,4617
18750,2024-07-03 05:45:46,,,2132,91,7,Medium,Damaged,2818
14186,2024-04-08 02:59:59,London,Chelsea,1329,59,5,,Wet,1433
19526,2024-03-01 08:01:12,London,Kensington,1384,13,9,Medium,Snowy,7376
11979,2024-05-06 08:39:27,London,Camden,3245,58,4,High,Dry,7436
19194,2024-04-04 16:26:54,London,Kensington,752,68,9,,Damaged,6459
9306,2024-12-02 16:24:05,London,Southwark,3143,84,0,Medium,Snowy,7904
14303,2024-08-23 12:29:01,London,Kensington,1031,82,8,Low,Wet,8326
12942,2024-02-01 13:45:05,,Kensington,2126,97,1,Low,Wet,7944
9731,2024-08-31 02:58:32,London,Southwark,4131,-86,3,,Wet,5506
17604,2024-12-14 00:12:28,London,,1117,38,4,Medium,Wet,2639
11937,2024-04-15 12:23:17,,Southwark,2231,13,4,High,Dry,3995
16530,2024-12-09 21:42:42,London,Chelsea,1126,66,5,Medium,Dry,9390
18862,2024-01-03 20:34:20,London,Southwark,2190,79,3,,,4307
11636,2024-06-30 04:30:37,London,Camden,2684,40,1,Low,,2575
15944,2024-06-01 16:44:17,London,Camden,4767,96,3,,Dry,6894
12712,2024-08-08 20:35:36,London,Camden,1764,48,1,Medium,Dry,5506
11035,2024-07-22 06:32:38,London,Camden,1231,87,9,,Wet,9004
10837,2024-12-29 19:23:05,,Chelsea,2589,11,6,Medium,Dry,1006
19829,2024-07-13 22:13:13,London,Chelsea,1932,84,9,Medium,,9293
18914,2024-05-12 23:45:31,London,Southwark,1568,62,6,High,Wet,4045
14271,2024-02-09 14:44:25,,Islington,4878,99,2,Low,Dry,9476
9872,2024-12-12 18:38:57,London,Kensington,2541,46,6,,Wet,213
10208,2024-02-20 14:34:45,London,Southwark,4547,84,0,High,,4179
15527,2024-12-13 21:23:17,,,3085,45,6,Low,Wet,3021
19722,2024-12-30 02:01:03,London,Islington,1332,68,6,Low,,3709
16959,2024-09-13 05:18:53,London,Chelsea,1999,87,7,Low,,3038
18090,2024-03-01 09:37:47,London,Chelsea,3112,53,7,Low,Dry,3986
18072,2024-04-15 21:26:06,London,Islington,4528,33,1,Medium,Damaged,9038
10141,2024-07-12 02:05:29,London,,2278,72,8,High,Damaged,6159
18095,2024-09-06 23:26:05,,Islington,230,38,4,High,,3858
13280,2024-01-14 09:04:27,,Kensington,3111,33,5,Low,Dry,8164
14125,2024-05-24 06:34:04,,Camden,1130,74,6,Low,Snowy,9202
19167,2024-08-03 03:29:20,London,,3449,46,2,High,Damaged,1099
14445,2024-05-17 10:49:54,London,,1532,71,9,Low,Snowy,6667
9461,2024-01-18 05:41:52,,Kensington,2798,67,9,,Dry,9496
12056,2024-12-03 12:09:35,London,Southwark,3057,18,0,,Dry,398
16907,2024-04-29 01:41:53,,,1204,80,8,,Wet,4132
10573,2024-12-08 04:33:02,London,,1656,42,9,Medium,Snowy,5318
13802,2024-10-17 18:23:09,,Islington,1926,76,8,Low,,4505
10657,2024-12-16 09:55:22,London,Southwark,4381,48,3,High,Damaged,8954
12886,2024-03-01 19:00:00,London,,1644,70,3,High,Snowy,338
15854,2024-10-13 19:50:19,London,Chelsea,3568,67,1,High,Dry,9023
15396,2024-06-24 01:59:29,,Islington,3687,36,0,,,8261
16531,2024-10-23 21:07:16,,,3994,36,3,,Dry,2133
19977,2024-06-18 14:59:22,,Camden,4576,10,0,Low,,8653
14532,2024-03-14 03:57:46,London,,1220,88,8,,Wet,3210
9164,2024-12-10 12:22:50,London,,1583,79,0,Medium,Damaged,735
9282,2024-12-17 19:25:04,London,Chelsea,3041,60,4,Low,Snowy,9328
12540,2024-10-19 10:38:13,,Chelsea,4586,73,9,,Snowy,4984
10053,2024-10-28 08:41:44,,Southwark,687,28,8,Medium,Snowy,9881
9184,2024-05-24 00:50:14,London,Kensington,1034,60,4,Medium,Damaged,4108
14510,2024-07-29 11:35:43,,Kensington,2502,98,8,High,Damaged,7669
12428,2024-03-08 13:05:52,London,Camden,3436,82,7,Low,Damaged,3113
13191,2024-02-05 04:44:19,London,Camden,1971,23,5,Medium,Dry,540
11539,2024-10-18 03:28:41,London,Kensington,2134,74,8,High,Dry,9479
15665,2024-12-25 23:06:49,London,Chelsea,4080,17,3,,Damaged,8415
10980,2024-01-31 03:44:40,London,Southwark,4644,20,3,High,Damaged,8801
9948,2024-08-07 17:16:39,London,,3371,28,9,Low,Wet,9525
12921,2024-07-13 06:32:34,London,Islington,2747,73,8,Medium,Damaged,9127
14225,2024-02-11 18:54:43,London,Islington,4116,55,9,High,Snowy,9370
18284,2024-01-12 16:28:36,,Southwark,3988,21,4,,Damaged,1877
10769,2024-11-18 17:17:48,,,2548,13,8,High,Dry,8735
18568,2024-04-24 17:45:36,,Camden,648,58,6,High,Wet,3433
14635,2024-03-27 00:27:03,London,Camden,2211,42,1,High,Wet,2280
12506,2024-05-20 07:18:24,,Kensington,1893,48,3,Low,Dry,1313
15578,2024-02-17 09:51:17,London,,1634,95,7,Medium,Damaged,485
18641,2024-11-02 15:41:31,,Kensington,1111,22,9,,Snowy,4011
14683,2024-09-27 04:01:23,,,1989,81,3,,Dry,7590
18791,2024-03-13 00:10:26,London,Islington,2664,-61,1,Low,Dry,4374
17321,2024-11-01 07:18:00,,Southwark,657,63,9,High,Damaged,9961
10894,2024-01-19 22:42:02,,Chelsea,295,53,2,Medium,Wet,307
9183,2024-10-02 01:00:54,London,Camden,2758,42,1,Medium,Dry,6969
19778,2024-08-28 16:28:13,London,Chelsea,1707,53,0,Medium,Wet,7682
16387,2024-02-16 12:18:40,London,,1527,16,5,,Damaged,6605
16093,2024-01-31 05:50:52,,Chelsea,401,23,7,,,5316
12332,2024-06-03 19:16:35,London,Southwark,3261,38,1,,,423
17806,2024-12-22 03:10:10,London,Southwark,2692,85,5,Medium,,519
19899,2024-07-05 14:13:16,London,Camden,1687,91,5,High,Snowy,6577
11483,2024-12-12 02:15:29,London,Southwark,876,41,5,Medium,Wet,1206
13209,2024-04-09 13:29:31,,Islington,4659,74,7,Medium,Wet,559
19509,2024-08-20 03:07:55,London,Kensington,1961,50,8,Medium,,9505
19592,2024-03-25 05:17:15,,Islington,4244,91,4,Low,Snowy,103
10302,2024-10-19 12:52:31,,Camden,147,48,7,High,Snowy,782
18353,2024-12-13 00:32:21,,Kensington,701,-93,7,Low,Snowy,3064
13634,2024-10-31 16:45:20,London,Camden,1898,95,8,High,Dry,8374
16949,2024-09-24 04:18:49,London,Camden,2335,54,0,High,Damaged,7684
9349,2024-08-12 18:56:06,London,Chelsea,128,11,9,,Dry,1435
15031,2024-11-26 23:44:37,London,Kensington,4962,10,5,Low,,3740
17632,2024-03-20 01:55:50,,,1459,-27,7,High,Snowy,6211
18261,2024-02-16 20:03:42,London,Chelsea,3931,22,8,,Wet,5420
15476,2024-09-03 15:06:50,,Camden,3666,80,0,Low,Dry,6527
16052,2024-05-16 09:30:02,,Chelsea,1310,80,1,Medium,,4287
10369,2024-11-04 21:36:56,London,Kensington,4206,25,3,Low,Dry,6618
10635,2024-07-22 17:51:27,,Camden,2043,43,1,Medium,Damaged,2377
9934,2024-12-29 15:36:33,,Islington,4320,32,4,Low,Snowy,9149
12152,2024-04-17 07:03:17,London,Camden,801,18,4,High,Dry,7328
13319,2024-06-29 14:55:15,,Islington,3840,-67,4,Low,,5631
18302,2024-11-21 14:15:28,London,,2135,78,3,Low,Damaged,1826
19586,2024-12-15 06:24:59,,Chelsea,3041,49,2,Medium,Wet,9961
19103,2024-02-25 14:03:36,London,Camden,4255,57,6,Medium,Snowy,3198
19091,2024-06-03 15:57:47,,Chelsea,2702,19,3,Medium,,870
19275,2024-07-23 01:04:36,,Kensington,2584,96,1,,Dry,3510
16792,2024-02-15 01:04:51,London,Southwark,2837,46,8,High,Dry,6643
11974,2024-04-14 00:17:47,,Camden,4266,32,2,Medium,,2611
18154,2024-11-12 04:48:09,London,Camden,2850,71,6,High,Wet,2401
9839,2024-12-25 04:13:19,,Camden,4772,78,5,,Snowy,9281
12945,2024-08-29 20:26:05,,Islington,3972,51,9,Low,Wet,1127
19755,2024-08-29 09:07:05,,Chelsea,4482,85,1,Medium,Dry,3800
19779,2024-09-13 18:22:58,,Islington,194,31,4,,Damaged,4814
11081,2024-04-03 15:12:17,,Southwark,1769,72,5,Medium,Dry,1453
13639,2024-12-06 13:59:49,London,,3821,68,8,High,Wet,1215
10281,2024-10-18 06:22:19,London,Chelsea,2769,35,6,Low,,1221
11705,2024-06-13 11:12:22,London,Kensington,4009,57,0,High,Dry,2344
14982,2024-03-27 20:08:07,London,Islington,352,85,3,,Dry,8489
14364,2024-04-11 13:08:16,London,,2469,39,4,,Damaged,4754
12967,2024-08-15 02:46:24,London,,3028,46,9,High,,2054
19925,2024-03-12 17:54:30,London,Kensington,1237,97,2,Low,Damaged,1257
10353,2024-11-08 16:06:32,London,Kensington,3719,11,4,Low,Wet,9725
17697,2024-11-15 15:01:43,London,Islington,1794,93,7,Low,Dry,9870
12837,2024-11-28 11:34:48,London,Chelsea,2583,56,6,Low,,454
13493,2024-05-15 08:04:00,London,Southwark,3801,-17,6,,Damaged,1108
12453,2024-12-15 02:31:31,,Islington,4273,53,3,Low,Snowy,5731
17789,2024-04-08 16:44:35,,Kensington,4688,73,8,Medium,Snowy,7548
18173,2024-05-28 15:38:35,,Chelsea,3151,28,0,High,Dry,874
15110,2024-07-12 09:58:16,,Chelsea,858,31,1,Medium,Snowy,2107
13445,2024-09-26 18:14:01,,Camden,3660,61,3,,,8820
12727,2024-03-25 15:31:41,,Southwark,3118,68,0,,Snowy,9554
9620,2024-02-17 21:10:32,,Chelsea,237,59,0,,Snowy,1584
9422,2024-12-08 03:50:39,,Kensington,1348,68,6,Low,Wet,5368
19496,2024-07-31 16:56:39,,Camden,4654,27,3,High,Damaged,784
12453,2024-03-14 01:27:08,London,Kensington,1911,71,0,,Dry,4910
13064,2024-01-13 16:59:23,London,Islington,3740,39,1,Medium,Dry,4296
17170,2024-02-14 22:14:00,,Camden,4386,66,6,Low,Snowy,7438
16370,2024-03-09 09:23:29,,Chelsea,4316,76,2,Low,Wet,6291
11066,2024-12-08 02:46:48,,Islington,587,98,0,,Wet,3279
10240,2024-04-19 13:13:26,,,4056,82,5,Low,Wet,1627
17839,2024-01-14 13:14:10,,Kensington,1687,28,5,Medium,,7482
10165,2024-08-30 02:09:59,,,1247,32,6,Medium,Damaged,1184
19142,2024-07-17 21:47:31,,Chelsea,3092,42,9,Low,Damaged,5197
11672,2024-09-21 07:13:16,London,,2276,38,1,Medium,Wet,5123
15707,2024-08-27 23:57:58,,Chelsea,1834,15,2,Medium,,8293
9749,2024-10-26 18:35:20,,Kensington,130,14,4,High,,8293
9038,2024-01-26 11:22:23,London,Southwark,4196,29,2,Low,Damaged,4336
10775,2024-04-12 00:32:28,London,Kensington,203,81,3,High,Damaged,7211
15534,2024-08-23 12:10:05,,,4747,85,4,,Damaged,4218
10064,2024-05-26 14:12:49,,Chelsea,4261,69,8,Low,Snowy,4235
12846,2024-11-19 07:06:35,,Kensington,2660,50,2,,Damaged,7743
10388,2024-01-27 00:17:49,,Chelsea,4868,27,9,,Dry,7970
11894,2024-04-15 09:59:23,,,4562,43,7,,Dry,1828
13427,2024-08-26 11:39:29,,,4731,86,3,Low,Wet,5831
17752,2024-04-25 21:55:21,,Islington,3309,-46,6,Medium,Dry,9274
9809,2024-09-08 07:33:26,London,Chelsea,1398,77,2,Low,Dry,6222
16144,2024-01-24 17:16:46,,,652,50,5,Medium,Wet,2500
13931,2024-10-18 21:27:46,London,Islington,4589,76,5,Medium,Damaged,275
10098,2024-09-28 08:28:14,,Islington,800,39,2,Medium,Dry,8557
10726,2024-12-24 23:38:45,,,3226,63,8,Medium,Snowy,877
19761,2024-09-29 03:58:38,London,Camden,2842,65,1,,Dry,7213
16277,2024-11-08 16:45:54,,Camden,2128,52,7,High,Snowy,5564
16654,2024-02-24 20:19:13,London,Chelsea,3245,81,0,,Snowy,5503
18623,2024-11-11 05:13:40,,Kensington,1480,-79,9,Medium,Dry,8542
11781,2024-11-18 13:46:26,,Islington,1666,20,2,Low,,9532
17545,2024-12-07 10:15:10,London,Kensington,4910,53,1,Low,Dry,2027
14141,2024-08-27 05:44:50,,,2086,64,8,Medium,Dry,4499
9877,2024-04-21 12:39:54,,Southwark,3851,51,4,Medium,,6383
15286,2024-07-25 04:11:52,London,Camden,380,-14,7,,Dry,2615
11386,2024-12-18 23:47:08,,,4216,47,8,Low,,7668
19802,2024-07-30 18:14:31,,Southwark,3450,21,6,Low,Wet,3985
17694,2024-04-20 19:16:24,London,Islington,1673,75,0,Medium,Wet,6536
16092,2024-02-07 22:10:47,London,Southwark,3827,99,8,High,Wet,5574
9254,2024-09-06 15:01:50,,Kensington,398,76,6,Low,Damaged,1091
15169,2024-02-10 17:52:56,London,Kensington,1092,61,5,Medium,Wet,1111
16386,2024-08-26 15:02:17,,,3356,35,7,Low,Wet,5189
18603,2024-08-07 20:45:05,London,Camden,1505,85,0,Medium,Damaged,8516
18415,2024-10-28 13:35:35,,Kensington,1130,64,8,Low,,1888
15456,2024-05-13 10:14:49,London,Southwark,1117,96,9,Low,Damaged,1523
13594,2024-06-11 19:18:48,,Islington,1411,73,9,,,418
16965,2024-12-28 14:19:16,,Southwark,2281,93,4,Low,,7784
18305,2024-11-12 07:36:39,London,,3998,14,5,Low,Wet,5491
14607,2024-03-03 22:25:38,London,Southwark,66,36,3,Medium,Wet,171
12406,2024-09-19 10:55:06,,Camden,4538,52,9,,Wet,169
17340,2024-05-25 21:22:32,,Camden,197,60,9,Medium,Dry,7437
12862,2024-07-01 22:57:35,London,Camden,3121,70,1,High,Wet,4473
12435,2024-10-19 06:47:45,,Southwark,4674,26,5,Medium,Damaged,7464
11319,2024-05-27 09:55:43,,Islington,905,56,4,,Snowy,2320
15630,2024-12-18 21:13:32,London,Camden,3072,73,9,Low,Snowy,6771
11434,2024-07-13 08:21:08,London,Kensington,1937,66,9,Medium,Wet,9736
10137,2024-02-25 03:17:34,,Camden,4195,81,0,Medium,Wet,9047
11992,2024-01-08 15:59:26,London,Kensington,946,79,7,,Wet,4326
17362,2024-08-31 19:49:14,,Kensington,2248,-76,4,High,Snowy,6569
12159,2024-10-08 22:09:17,,Islington,2335,58,2,Low,Snowy,831
14144,2024-03-12 16:07:58,,Southwark,3376,49,7,Medium,Damaged,856
17942,2024-10-16 00:19:30,London,Camden,2485,89,0,Low,,5942
16537,2024-12-14 11:18:12,,Southwark,3638,70,1,,Damaged,9528
10766,2024-09-13 02:27:05,,Islington,392,84,8,Low,,1902
17353,2024-03-17 18:28:22,,Chelsea,1320,40,8,Low,Wet,6922
9697,2024-11-28 07:01:32,London,Islington,4228,68,7,,Dry,3023
15289,2024-09-18 02:29:14,,,3860,48,7,,Wet,4400
12846,2024-11-02 07:00:41,London,Chelsea,2444,85,2,Low,Dry,103
11731,2024-12-26 08:47:45,London,Southwark,494,63,4,Medium,Dry,4599
14943,2024-09-29 13:05:37,London,Kensington,1267,25,4,High,Wet,5657
16503,2024-03-18 07:01:35,,,4451,34,9,,Wet,4837
12781,2024-11-28 10:06:57,,Kensington,1336,24,4,,Wet,1779
9579,2024-03-27 05:42:28,London,Southwark,2227,36,6,High,Damaged,591
16301,2024-12-29 23:44:57,London,Kensington,4199,97,6,Medium,Wet,7260
19590,2024-07-20 02:55:42,,Islington,3475,50,2,,Damaged,9676
14084,2024-03-20 23:33:05,London,Kensington,4254,97,4,,Snowy,4025
11384,2024-09-11 22:24:27,,Camden,4410,-36,3,Medium,,1775
12336,2024-04-27 00:16:07,London,Southwark,80,95,5,Low,Dry,9577
11952,2024-02-12 19:42:17,,Chelsea,2384,42,7,,,2539
19606,2024-09-27 07:49:32,,Camden,1811,-23,5,Low,Snowy,8397
14757,2024-05-13 03:33:46,London,Islington,366,33,3,Medium,,2974
15606,2024-01-02 12:22:19,London,Chelsea,680,89,1,Low,Wet,8961
19242,2024-03-22 17:21:58,London,Camden,1147,68,4,Medium,Wet,3520
12701,2024-05-25 14:54:41,,Southwark,275,29,5,Medium,,8908
9630,2024-03-26 04:42:25,London,Southwark,637,93,7,High,,4909
15876,2024-03-09 23:16:04,London,Southwark,4842,67,7,Low,,9645
10014,2024-12-03 04:33:07,London,Kensington,3640,94,7,Low,Snowy,3127
16954,2024-04-10 09:06:36,,Kensington,3846,71,1,Medium,Snowy,8431
19671,2024-01-16 02:13:27,London,Islington,3708,17,9,,Wet,5410
17543,2024-03-22 07:43:25,London,Islington,4520,91,9,High,,6219
19088,2024-04-12 18:50:22,,Islington,4199,25,8,Low,Damaged,5779
18986,2024-03-03 12:57:28,London,Southwark,4759,51,6,Medium,Dry,6957
9393,2024-11-23 02:47:58,London,Chelsea,1079,70,7,Low,Dry,1589
18259,2024-11-22 10:37:24,,Kensington,2687,58,5,,Dry,1805
17780,2024-11-07 14:13:57,London,Camden,2515,82,4,,Dry,4395
19169,2024-07-16 12:45:28,,,4438,16,7,Medium,,301
19735,2024-10-27 18:25:22,,Kensington,1780,86,7,Medium,,7045
9268,2024-03-09 18:29:03,,Southwark,4802,59,8,Medium,Wet,6252
19425,2024-02-20 20:25:21,London,Islington,4637,22,9,,Damaged,5695
19412,2024-10-20 20:51:12,London,Southwark,2600,97,1,Low,Snowy,7735
19682,2024-04-13 15:17:01,,Southwark,4972,25,5,Low,Wet,1795
10137,2024-03-16 20:30:22,London,Southwark,2093,68,6,,Snowy,3193
16551,2024-04-30 23:43:30,London,Southwark,1576,15,2,Medium,Damaged,6013
13628,2024-10-02 18:57:34,,Kensington,4750,96,3,High,Wet,2667
9952,2024-07-18 16:48:51,London,,130,12,9,,Snowy,5641
18277,2024-04-21 03:19:37,London,Southwark,4499,42,1,High,,9194
12239,2024-02-19 09:32:42,,Southwark,21,34,6,High,Wet,6725
10017,2024-10-29 18:15:34,,Islington,4065,49,8,,Damaged,1975
19415,2024-05-10 18:15:23,,Kensington,622,97,6,Low,Snowy,9893
9597,2024-11-14 03:00:12,London,,482,98,4,Medium,,1190
18574,2024-02-12 09:49:45,,Kensington,312,83,7,High,Dry,4221
18057,2024-05-13 04:27:30,,Camden,4050,16,6,,Wet,8369
19538,2024-11-27 20:26:19,,Chelsea,31,18,7,,Dry,3523
10662,2024-04-25 01:44:14,,Chelsea,3064,68,3,Low,Snowy,1724
11965,2024-08-29 20:41:16,,,3192,61,6,,Snowy,4739
15331,2024-12-04 14:05:31,,Camden,2950,82,2,Medium,Snowy,8905
10185,2024-10-31 22:47:47,London,Kensington,941,89,5,,Dry,5631
18083,2024-01-07 19:39:45,London,Islington,1193,34,5,Low,Damaged,7548
11421,2024-02-20 17:14:52,,Kensington,1561,79,5,High,,3374
14245,2024-11-11 21:56:38,London,Islington,2458,75,0,High,Damaged,6264
13389,2024-04-25 00:13:41,London,Islington,2040,85,3,,Dry,9006
12937,2024-08-28 05:55:36,London,Southwark,4899,14,4,,Wet,817
17866,2024-06-18 12:39:32,London,Kensington,3933,21,0,Medium,Wet,3920
17967,2024-01-18 22:28:49,,Chelsea,1956,89,1,Low,Wet,3213
19395,2024-04-18 00:33:30,London,,4961,59,3,Low,Dry,8029
16046,2024-08-09 00:30:35,London,Kensington,4384,91,7,,Wet,3704
11534,2024-04-29 07:33:04,,Camden,1289,65,8,Low,Dry,9185
10715,2024-12-27 16:45:26,London,Kensington,2065,74,0,High,Snowy,485
17813,2024-10-13 00:59:35,,Islington,4884,80,8,Low,Snowy,8048
9704,2024-06-01 09:07:44,,Chelsea,3352,54,8,,Snowy,6989
13985,2024-10-29 03:29:51,,Islington,3091,23,3,,Snowy,1189
15312,2024-04-19 17:04:09,,,72,69,9,Low,Damaged,6626
19677,2024-10-25 09:33:09,,Southwark,4092,95,3,,Snowy,2082
13635,2024-08-13 06:38:58,London,Camden,1604,98,1,Low,Wet,5627
12905,2024-07-06 22:17:58,London,Chelsea,2386,17,1,Medium,Dry,3303
16544,2024-11-09 22:58:49,London,,898,-38,7,Low,Dry,643
9220,2024-09-27 20:11:41,,,3408,38,8,,Dry,3167
15331,2024-11-05 22:56:24,,,4308,59,8,Medium,Dry,548
9828,2024-12-15 13:34:55,London,Kensington,760,33,6,,Damaged,2005
19277,2024-05-22 00:46:27,London,Chelsea,1643,38,0,Medium,,7639
15886,2024-09-28 02:08:48,,Kensington,4340,16,7,,Wet,4933
12676,2024-02-10 11:34:27,London,Kensington,539,28,5,,Damaged,4358
17907,2024-11-26 09:52:17,,Islington,2408,13,5,,Damaged,4940
16683,2024-03-31 07:54:57,,Kensington,3202,73,1,Low,,2979
9573,2024-09-20 20:30:48,,Islington,2362,16,9,,Wet,8421
11485,2024-04-23 01:59:03,,Southwark,2815,75,8,Medium,Wet,2072
9183,2024-07-09 04:58:56,,Islington,2789,53,4,,Wet,6767
18754,2024-07-17 00:02:49,London,Chelsea,2927,49,7,High,Wet,5370
13377,2024-08-31 04:02:35,,Southwark,2162,49,2,Low,Wet,3631
14425,2024-11-22 16:14:45,,,4590,89,3,Medium,Dry,9751
16823,2024-06-18 23:16:20,London,Chelsea,4760,31,4,Low,Snowy,6924
13221,2024-01-10 05:15:02,,Camden,1110,45,4,,,9769
14581,2024-01-17 02:07:39,London,Camden,4328,78,3,Low,Dry,3674
12528,2024-04-07 11:28:25,London,,4049,73,7,,Snowy,2279
11774,2024-09-27 22:01:28,,Islington,3292,21,9,Medium,Wet,1264
16790,2024-08-14 20:09:51,London,Chelsea,2503,78,8,,Dry,5066
10406,2024-08-25 02:41:36,London,Southwark,1215,76,6,Low,Wet,7643
18046,2024-05-17 11:37:00,,Islington,4187,73,8,High,Snowy,9058
11644,2024-05-07 07:39:46,London,Chelsea,3819,45,8,Low,Snowy,2243
14207,2024-08-29 06:18:23,London,Islington,3652,27,6,Medium,Damaged,2745
13832,2024-04-12 06:13:47,London,Islington,3211,79,6,,Wet,5052
15594,2024-04-12 12:02:47,,Islington,733,10,0,Medium,,6716
10657,2024-08-19 15:45:40,,,36,32,7,Medium,Damaged,3847
12450,2024-04-14 20:56:57,London,Kensington,3020,89,5,Low,Wet,843
17616,2024-01-03 13:01:56,London,Camden,2328,-87,7,,Dry,6980
18232,2024-09-01 01:02:56,London,Camden,849,15,9,High,Snowy,9864
13788,2024-08-07 06:54:20,London,Kensington,1096,74,9,,Dry,5508
11639,2024-11-30 03:40:44,,Camden,1019,59,1,Medium,Dry,2743
14770,2024-08-28 03:06:20,London,Southwark,2971,20,3,Low,,5228
18553,2024-11-14 03:07:43,,Kensington,2090,63,9,,Snowy,3876
19348,2024-05-08 23:46:13,London,Kensington,4133,18,0,High,Dry,1051
11129,2024-11-28 07:53:14,London,Camden,4321,66,8,High,Snowy,8615
15627,2024-09-04 15:18:23,London,Chelsea,3567,38,8,Medium,Dry,9492
18391,2024-10-31 03:34:46,,,3665,81,5,High,Snowy,9240
12216,2024-05-24 17:34:48,London,Kensington,3360,36,5,Medium,Snowy,5973
9521,2024-05-08 04:32:23,,Islington,2335,72,8,Medium,Damaged,2576
10134,2024-07-13 08:51:52,London,Chelsea,3741,78,0,Medium,Snowy,5512
9556,2024-03-17 15:10:41,London,,3362,64,8,Medium,Dry,996
12247,2024-10-03 08:40:30,London,Camden,1196,34,9,,Snowy,3541
14610,2024-11-27 00:49:52,,Southwark,4192,67,6,Medium,Damaged,761
15749,2024-12-14 03:44:52,London,Camden,4915,63,1,High,Wet,8488
15160,2024-01-16 05:44:45,London,Camden,2480,92,5,,Wet,8155
17985,2024-05-05 12:37:16,,Chelsea,2758,59,4,Medium,Damaged,4869
18279,2024-02-05 20:15:39,,Islington,4251,68,2,,Wet,650
11700,2024-05-05 11:47:58,London,Camden,1801,99,1,Low,Damaged,6360
13760,2024-08-04 13:52:30,London,,798,57,9,,Snowy,8783
12836,2024-05-23 00:29:29,,Camden,3672,88,9,Medium,Snowy,7260
15236,2024-01-21 19:25:07,,Southwark,3394,17,2,Low,Wet,1512
9370,2024-01-23 13:48:08,London,Islington,146,88,6,,,2983
14645,2024-08-20 15:56:09,London,Kensington,583,68,8,Medium,,5574
10708,2024-10-29 11:30:33,London,Kensington,1597,49,8,Medium,Wet,2405
9875,2024-03-07 05:38:44,,Kensington,3637,81,5,High,Wet,1484
11786,2024-02-28 16:31:48,,,2915,80,1,,Snowy,5211
17393,2024-07-13 10:51:41,London,,433,76,5,Low,Wet,1880
15863,2024-09-29 22:33:41,,,425,74,0,,,7167
9777,2024-12-24 15:15:05,London,Camden,4505,96,6,Low,Dry,9706
19801,2024-05-26 09:55:55,,,3736,82,5,,,9476
14754,2024-07-03 12:19:49,,,3382,81,3,,Dry,8319
12952,2024-10-24 15:34:51,London,Southwark,2106,70,5,Medium,Damaged,178
9485,2024-06-28 03:21:52,London,Islington,761,45,6,,Wet,8226
19877,2024-06-17 03:02:51,,Camden,3759,15,0,Medium,Damaged,7820
9072,2024-08-14 02:23:54,London,Southwark,2695,92,3,Low,Damaged,6200
19684,2024-11-25 16:54:04,London,Southwark,2608,54,0,High,Wet,2426
11813,2024-07-09 07:55:29,,Islington,3024,32,7,Medium,Snowy,5051
19904,2024-10-02 00:16:04,London,Islington,4025,13,6,High,Wet,6598
13414,2024-04-05 02:41:03,London,Southwark,87,75,8,Medium,,2883
15344,2024-05-22 04:42:39,,,4090,54,8,,Damaged,5080
16841,2024-08-06 06:25:35,London,Southwark,416,-32,3,Low,Damaged,5828
19842,2024-09-24 05:34:32,,Chelsea,2963,63,7,Low,Dry,1951
16779,2024-03-23 16:24:55,London,Chelsea,1064,56,0,Low,,8346
14345,2024-10-07 01:05:26,,Camden,2021,85,4,Medium,Snowy,5339
10998,2024-07-02 16:10:39,,Chelsea,1155,31,0,Medium,Dry,2281
12845,2024-03-29 15:38:53,,Camden,786,59,2,,Damaged,9129
9599,2024-05-27 15:18:32,,Kensington,724,96,1,Low,Damaged,9510
14596,2024-04-30 06:16:53,London,Kensington,2077,33,4,High,Snowy,6935
15550,2024-11-05 03:45:32,,Camden,2540,95,3,Low,Snowy,8447
17361,2024-03-18 15:29:35,,Kensington,411,90,1,Medium,Snowy,1210
11601,2024-03-29 05:44:17,,Chelsea,2453,11,4,,Dry,2186
19745,2024-07-23 07:25:53,,Camden,2104,16,9,,Snowy,2347
19200,2024-08-19 06:16:09,,Southwark,522,67,8,,Damaged,251
15295,2024-11-24 22:14:51,,Islington,4948,59,9,Low,,5806
11103,2024-02-23 15:12:45,London,Kensington,3167,23,9,High,Snowy,5038
17798,2024-12-17 02:58:56,London,Kensington,1736,17,9,Low,Wet,9917
10610,2024-09-20 14:31:56,,Islington,1613,-97,4,Medium,Damaged,9239
15094,2024-10-13 17:40:43,,Southwark,4173,35,0,Medium,Dry,2632
12461,2024-03-22 17:15:50,,Chelsea,568,14,6,Medium,Dry,5670
15867,2024-09-21 04:29:04,London,Islington,3169,64,1,High,Wet,2388
15395,2024-11-10 13:13:49,London,Kensington,4012,54,9,,Damaged,3061
11969,2024-01-17 19:03:41,,Kensington,3744,87,4,,Dry,5400
18991,2024-12-20 23:48:21,,Kensington,449,-74,9,High,,5033
16593,2024-06-29 08:22:22,London,Camden,2935,73,3,Medium,,8479
13264,2024-09-29 05:21:17,London,Camden,2964,22,8,Medium,Damaged,7715
10407,2024-11-19 07:58:02,,Chelsea,1621,25,5,High,Snowy,7904
13469,2024-09-04 23:04:39,,Islington,475,84,2,,Damaged,8495
19941,2024-04-30 07:47:14,London,Islington,491,83,0,High,Wet,776
12718,2024-12-29 18:59:30,London,Chelsea,3917,28,3,,,3750
19070,2024-05-19 07:02:55,London,Southwark,2885,53,7,,Snowy,7173
10304,2024-07-26 02:23:11,,,2467,88,6,Low,Dry,7742
10783,2024-05-02 19:19:27,,,953,51,5,Medium,Snowy,2170
18635,2024-03-13 17:53:19,London,Chelsea,767,29,3,Low,Snowy,4182
19700,2024-09-27 17:41:52,London,Kensington,2856,89,8,Low,,9950
18872,2024-05-20 15:19:30,London,Southwark,124,54,0,Low,Dry,6503
9916,2024-12-27 13:59:14,,,2915,57,7,Medium,Snowy,6535
17123,2024-05-01 09:35:40,,Chelsea,3651,54,3,High,Wet,8238
11020,2024-10-17 20:10:05,,Kensington,864,81,1,High,Damaged,2290
16899,2024-08-23 20:13:52,,,4232,76,0,Medium,Snowy,3397
13144,2024-02-10 23:28:24,,,3759,89,1,,Dry,5140
17435,2024-06-18 14:09:42,,Chelsea,791,77,6,,Damaged,2064
17639,2024-07-07 05:28:26,,Chelsea,1016,25,5,,,4680
13057,2024-05-04 19:31:01,,Islington,3275,28,0,Low,Wet,2996
19567,2024-03-19 02:27:05,,Camden,925,27,4,Medium,Damaged,3344
15249,2024-07-03 02:39:17,London,Chelsea,2930,88,7,High,,8137
18451,2024-01-17 17:45:33,,,4529,56,2,,Wet,5699
16300,2024-09-15 20:26:57,,Chelsea,1189,61,2,Low,Damaged,4873
14612,2024-12-09 01:03:16,London,Camden,223,26,2,Low,Damaged,8393
16714,2024-06-03 03:28:20,London,Islington,2625,48,3,Low,,9381
19211,2024-07-27 19:40:52,London,Southwark,1452,83,2,High,Dry,9488
15696,2024-10-09 10:34:33,London,Islington,2515,97,8,Medium,Wet,5079
9718,2024-02-26 08:14:01,,,4563,79,7,Low,,5681
12128,2024-06-13 20:35:43,,Camden,3400,21,3,Medium,Damaged,1460
11937,2024-08-27 03:59:58,London,,1776,76,9,,Damaged,2800
11303,2024-11-27 02:53:46,London,Camden,1999,92,9,Low,Wet,3285
11372,2024-03-19 06:03:17,,Kensington,561,76,1,Low,Damaged,3705
12846,2024-03-03 04:59:52,London,Kensington,504,65,5,Medium,Damaged,6659
16377,2024-07-21 13:47:48,,Kensington,3583,24,1,Low,,3692
19523,2024-05-10 20:25:42,London,Kensington,2313,76,5,High,Damaged,9004
12264,2024-05-10 11:50:14,,Chelsea,1220,85,3,High,,5973
11003,2024-07-13 01:19:38,London,Southwark,3204,23,0,High,Snowy,9236
13991,2024-05-13 04:58:03,,Kensington,2388,16,2,,Wet,4501
14495,2024-01-15 23:41:51,London,Chelsea,3021,79,0,High,,8152
10033,2024-02-20 18:51:18,,Kensington,2836,40,5,High,Wet,3201
16647,2024-06-22 19:36:32,London,Islington,4449,71,6,High,Damaged,8289
16541,2024-07-12 03:09:41,London,,3587,32,4,,Dry,4112
14485,2024-01-03 19:24:16,,Camden,746,81,2,,Dry,7518
10989,2024-09-29 13:36:09,London,Islington,3397,19,5,,Wet,1717
14125,2024-09-29 22:17:18,London,Chelsea,2065,64,6,,Snowy,5234
13750,2024-05-26 17:28:59,,Southwark,977,86,9,Low,,2652
14319,2024-08-29 16:47:57,London,,33,57,9,,Damaged,7140
13603,2024-12-02 08:21:38,London,Islington,4060,41,2,High,,6570
10622,2024-03-27 05:12:54,,,1358,58,0,Low,,102
14117,2024-11-29 19:17:03,London,Islington,3159,75,8,Low,Snowy,8321
17507,2024-03-08 11:56:52,,,2735,29,8,Low,Damaged,3417
12228,2024-12-04 20:09:06,London,Camden,1318,33,4,High,Dry,7285
9692,2024-07-21 10:48:09,London,Camden,1190,27,8,Medium,Wet,7397
19315,2024-05-13 00:14:40,,Islington,3412,10,3,Medium,Dry,4784
19191,2024-09-07 09:07:28,London,Kensington,4275,40,5,,Dry,8338
14622,2024-08-21 23:43:02,,Southwark,1670,52,7,Low,Damaged,2700
11627,2024-01-14 15:46:00,,,1350,56,6,High,Dry,2343
9411,2024-07-09 03:36:43,,Islington,28,-42,3,,Damaged,8145
18882,2024-07-19 14:49:07,,Southwark,1565,14,8,,Snowy,6850
10496,2024-02-10 09:03:33,London,Camden,1975,92,4,,Wet,4278
19076,2024-04-22 10:11:33,London,Kensington,779,92,2,Medium,,1081
11148,2024-02-06 01:42:19,,Southwark,3549,99,1,High,Damaged,7562
9783,2024-02-08 11:04:27,London,Camden,3828,22,5,Medium,Dry,6805
14661,2024-01-21 15:33:23,London,Southwark,2413,44,1,Low,Snowy,8651
17436,2024-10-24 17:09:54,,Southwark,1814,88,4,Low,Wet,3107
18866,2024-06-23 18:31:49,,Islington,1718,10,0,,,8201
17043,2024-12-08 05:34:33,London,Islington,295,56,4,,Dry,6657
15519,2024-08-12 19:03:43,,,4124,24,1,,Wet,4449
12097,2024-02-24 19:58:47,London,Southwark,931,87,7,High,,7487
18549,2024-12-15 07:53:49,,Camden,4859,12,6,High,Dry,6348
18388,2024-08-10 06:07:49,,Camden,427,63,9,Low,Wet,8879
14471,2024-12-24 04:11:24,London,Kensington,2931,75,9,Medium,Wet,8915
10380,2024-03-06 12:38:20,London,Southwark,3480,44,5,Low,Dry,7222
11406,2024-05-29 14:27:38,London,Camden,392,90,1,Low,Wet,7385
18694,2024-02-06 19:40:44,,Chelsea,1444,52,3,High,Snowy,9517
16852,2024-11-16 11:22:06,,Kensington,4190,37,3,Medium,Dry,3528
13766,2024-05-02 23:09:18,London,Islington,208,35,4,,Damaged,4632
16568,2024-11-07 13:45:33,,,3622,18,5,Low,Damaged,8463
14257,2024-11-04 12:42:42,London,Kensington,2113,77,4,Medium,Snowy,516
10160,2024-06-07 07:25:47,,Kensington,1651,53,5,Medium,Damaged,7925
12392,2024-11-10 11:40:46,,,2589,85,2,Medium,Wet,8487
16935,2024-11-25 05:24:19,London,Islington,4639,89,3,Low,,3269
16625,2024-04-13 06:07:20,,Islington,2181,27,2,Low,Damaged,6932
19658,2024-06-13 20:48:47,London,Kensington,571,85,9,,Snowy,7119
19905,2024-02-11 18:52:14,London,,1580,92,8,High,Damaged,4155
9607,2024-12-17 22:03:34,,Camden,956,43,8,High,Damaged,1128
10713,2024-06-07 02:10:10,London,Southwark,3872,69,7,High,Snowy,6692
18107,2024-03-29 17:56:41,London,Chelsea,2669,24,6,Low,Damaged,3297
12219,2024-08-14 02:53:14,London,,3495,28,9,High,Snowy,3995
12763,2024-05-12 06:32:53,London,Chelsea,1327,84,6,High,Wet,7164
19765,2024-07-21 12:23:02,London,,2288,18,7,Low,,4387
13825,2024-07-13 06:58:03,London,,923,33,0,Medium,Snowy,7229
11982,2024-12-01 07:40:33,London,Camden,3955,23,6,Medium,Damaged,1191
13732,2024-01-14 03:25:28,London,Southwark,2913,16,0,Medium,Damaged,414
14421,2024-08-25 05:59:20,London,Chelsea,3056,41,2,Medium,Snowy,5279
18081,2024-06-02 13:44:58,,Kensington,1077,37,2,Medium,Damaged,9231
10583,2024-02-29 17:43:57,,Islington,3350,24,9,,,1179
17195,2024-03-03 23:06:04,London,Chelsea,2152,-19,5,,Snowy,1097
15801,2024-01-13 09:58:24,London,Islington,4986,18,0,,Damaged,4971
18413,2024-02-24 00:40:15,London,Kensington,2672,95,0,Low,Snowy,2471
9050,2024-04-24 05:49:11,,Islington,1450,38,7,Medium,Snowy,2178
14197,2024-11-06 20:23:32,London,Chelsea,3564,35,5,,Snowy,6728
18075,2024-10-08 09:33:10,,Kensington,3561,36,8,Low,Wet,2395
19084,2024-05-07 20:18:27,,Southwark,919,86,9,Medium,Wet,281
18202,2024-07-28 01:10:37,,Camden,4622,-13,2,High,Snowy,2534
10160,2024-09-03 13:45:51,London,Kensington,3323,94,9,,Damaged,7133
14598,2024-08-30 21:54:54,London,Southwark,4564,38,3,Medium,Snowy,1506
9610,2024-08-04 19:17:29,London,,1823,26,1,Medium,Damaged,1222
18748,2024-08-27 03:30:26,,Chelsea,1974,96,3,Medium,Wet,6691
19367,2024-08-10 22:21:56,,Islington,3391,23,3,,Damaged,6108
14237,2024-01-18 10:32:25,London,Southwark,4569,18,6,High,Wet,8650
14259,2024-08-12 10:46:37,,Kensington,1535,37,2,,Wet,9560
10821,2024-05-26 12:28:46,,Chelsea,213,24,2,Low,Dry,3097
15216,2024-04-08 18:48:58,,Kensington,673,83,1,Low,,7750
19166,2024-01-22 13:44:14,,Islington,2226,86,5,,Snowy,8433
15936,2024-03-22 09:08:52,,Camden,4610,32,9,High,Damaged,5735
15621,2024-11-18 14:13:33,London,Southwark,2951,35,8,High,,2910
12604,2024-11-01 06:30:00,London,,2982,78,4,Low,Damaged,1809
16076,2024-03-20 00:43:35,,Kensington,369,98,5,,Snowy,1139
9752,2024-01-17 21:36:48,London,Southwark,4682,82,6,,Dry,3228
11016,2024-04-02 01:29:14,,Southwark,78,45,6,High,Snowy,5967
14295,2024-10-01 11:50:45,,Southwark,3287,78,4,High,Dry,353
10876,2024-08-10 23:25:19,London,Camden,3718,27,4,High,Dry,6946
12447,2024-04-12 14:31:18,London,Chelsea,3266,92,4,High,Dry,7597
17944,2024-07-20 07:46:02,,Kensington,2873,51,3,High,Snowy,3168
18313,2024-06-18 22:00:48,,Islington,246,13,7,Low,Damaged,2278
18325,2024-10-06 23:04:30,,,101,10,7,Low,Damaged,8391
12247,2024-12-05 01:52:08,London,Chelsea,843,74,0,Low,Dry,667
10328,2024-04-15 17:28:11,London,Islington,1604,81,2,High,Damaged,886
9327,2024-10-22 17:18:16,,Chelsea,72,93,3,High,Dry,7086
14371,2024-04-15 11:26:48,,Kensington,3587,10,2,Low,,6857
11221,2024-04-02 05:41:08,,Kensington,3327,42,6,Low,Snowy,2167
16104,2024-03-18 22:32:16,London,Camden,2854,17,3,,Dry,6943
15096,2024-02-22 16:09:04,,Kensington,4611,41,2,High,Dry,8770
10222,2024-03-10 11:41:20,,Camden,1105,37,2,,Damaged,4639
10046,2024-11-28 19:50:26,,Chelsea,1645,78,1,Low,Damaged,5435
14077,2024-02-14 00:56:39,London,Camden,1727,33,0,Medium,Dry,3641
18838,2024-07-19 20:18:19,London,Chelsea,1854,43,2,,,5285
10485,2024-08-06 04:47:49,,Camden,1195,76,6,Medium,,3584
12492,2024-07-18 01:05:58,London,Islington,3579,42,5,Medium,Damaged,6771
18153,2024-08-13 07:54:37,London,Southwark,2604,62,4,Medium,Damaged,982
12143,2024-04-20 04:03:37,,Chelsea,1224,86,0,Medium,Dry,621
18319,2024-08-12 06:23:16,London,Islington,2681,64,3,High,Damaged,6796
17448,2024-10-05 03:30:37,,Chelsea,403,67,1,Medium,Damaged,1789
10586,2024-06-10 15:43:15,London,Southwark,2059,43,1,Medium,,4462
14409,2024-04-13 14:34:09,,,807,80,9,,Dry,6361
10510,2024-06-16 07:04:51,,Southwark,4993,70,2,High,,4174
14062,2024-05-14 17:22:50,London,Southwark,3273,56,7,Low,Snowy,427
17929,2024-12-02 04:38:07,London,Islington,2051,36,3,Medium,Wet,1624
18910,2024-01-27 01:20:27,London,Southwark,3849,77,9,High,Damaged,1891
12738,2024-02-17 13:27:18,London,Chelsea,274,36,5,High,Wet,9886
17974,2024-07-30 05:12:12,London,Islington,2203,47,2,High,Wet,6510
11823,2024-07-30 07:05:30,,Southwark,1835,57,6,Low,Wet,5402
18840,2024-11-22 06:15:41,,,2790,-63,0,Low,Dry,3681
16568,2024-03-17 23:03:00,,Southwark,98,59,2,Medium,Snowy,8587
18856,2024-09-18 13:16:09,London,Kensington,1475,79,6,Medium,Wet,6413
18375,2024-04-02 13:46:16,London,,308,28,1,,Dry,9821
13581,2024-05-13 08:38:37,London,,821,32,4,Medium,Dry,1590
10576,2024-12-28 14:47:56,,Islington,1463,54,0,,Dry,9123
14575,2024-08-03 04:39:27,,Camden,3067,45,8,Low,Snowy,4725
15174,2024-03-03 22:50:57,,Southwark,1125,70,5,Medium,Wet,1182
9995,2024-02-27 16:47:45,London,Southwark,3868,76,7,,Dry,1997
14941,2024-08-10 11:56:45,,Camden,3774,80,9,High,Wet,7252
12546,2024-08-01 02:25:26,,,3861,94,4,High,,1637
17862,2024-07-10 05:29:50,London,Camden,2235,93,5,High,,1431
11766,2024-01-04 18:04:48,London,Kensington,4198,-45,6,Medium,,5020
17808,2024-03-21 21:55:15,London,Southwark,44,51,0,Medium,Damaged,9010
11079,2024-01-27 08:30:30,London,Camden,346,49,3,Medium,Dry,8069
19101,2024-08-30 05:37:37,London,Kensington,3909,41,7,Low,Damaged,9918
19353,2024-06-14 23:06:58,,Camden,1805,22,6,,Damaged,2682
12763,2024-05-08 13:51:01,,,1512,33,4,,Wet,9302
11120,2024-10-16 20:50:41,,Southwark,2630,85,2,High,Wet,4122
14692,2024-03-19 16:13:49,London,Islington,249,47,3,Medium,Dry,7685
15772,2024-10-18 08:23:41,London,Camden,1194,96,5,,Snowy,9684
11482,2024-12-22 08:02:43,,Islington,4992,31,6,Low,Dry,8966
14059,2024-10-14 13:25:00,London,Islington,3916,96,6,Low,,4181
15876,2024-12-11 07:00:55,,Southwark,763,89,0,Medium,Dry,2930
14745,2024-01-09 13:26:37,,,3972,99,2,,Damaged,5712
12340,2024-12-24 22:49:36,,Kensington,4584,48,1,Medium,Wet,4615
13208,2024-01-27 05:28:13,,Southwark,206,36,0,,Wet,6849
11330,2024-06-10 01:47:38,London,Kensington,850,59,1,High,Damaged,2015
10191,2024-07-18 01:19:32,London,Camden,3812,22,3,High,Damaged,309
12700,2024-10-10 03:42:36,London,Southwark,3174,80,6,High,Dry,2126
10786,2024-07-20 16:01:00,London,Chelsea,695,49,6,High,,4559
19657,2024-12-07 09:13:33,London,Kensington,3860,13,5,High,Snowy,7426
18485,2024-09-08 00:09:57,London,Southwark,3737,52,1,High,,1130
17847,2024-05-04 10:55:08,,Chelsea,308,91,1,,,9978
11435,2024-08-19 02:49:45,London,,2604,29,1,High,Snowy,8464
9683,2024-06-23 01:20:45,London,Chelsea,2833,54,9,Medium,Snowy,6485
10968,2024-05-20 14:22:48,,Islington,4541,97,7,Low,Snowy,4105
10844,2024-12-01 00:41:26,London,Camden,1971,40,6,Low,Snowy,5607
12396,2024-09-13 14:17:53,,,4211,54,3,High,Snowy,846
14340,2024-12-10 17:48:13,,,4414,18,1,Medium,,7097
12590,2024-04-08 17:23:44,London,Chelsea,4116,55,3,Low,Wet,610
9204,2024-11-16 04:39:07,,Camden,3010,19,3,Low,,7537
14114,2024-06-11 05:07:25,London,Southwark,374,52,5,Medium,,2611
11095,2024-12-17 19:40:17,,Islington,1233,86,6,High,Damaged,7736
10605,2024-05-15 21:10:19,London,Islington,2264,46,1,,Dry,4747
15818,2024-12-04 04:37:05,,Camden,1861,71,1,High,,2640
12858,2024-08-26 09:45:19,London,Islington,724,79,7,High,,9295
15012,2024-05-01 11:49:41,,,4026,89,0,,,3809
16354,2024-01-05 17:31:47,London,Southwark,541,54,8,Low,Damaged,4393
15111,2024-10-26 13:15:30,,Southwark,4626,30,7,,Damaged,8773
15575,2024-12-13 19:32:37,,,4188,86,4,High,Dry,6159
10627,2024-04-08 02:16:49,,Islington,103,60,1,Medium,,8407
17273,2024-12-10 21:55:46,,Chelsea,2294,44,7,,Dry,990
18349,2024-08-13 20:44:26,London,Chelsea,2288,97,1,,Wet,3518
10882,2024-06-15 18:45:10,,Kensington,2722,22,8,Low,Snowy,3616
10435,2024-07-25 05:09:25,London,Islington,676,59,1,Medium,,6520
9501,2024-12-30 04:00:30,London,,3909,78,0,Medium,Dry,4562
9647,2024-08-08 17:11:51,London,Islington,3904,35,7,,,6816
13768,2024-06-23 20:30:43,,Islington,3827,66,4,,Snowy,179
16059,2024-11-21 01:17:15,,Camden,153,10,8,,,372
12877,2024-03-08 21:42:24,London,Camden,4315,23,0,Low,,4068
10344,2024-07-04 03:37:58,London,Southwark,3819,88,2,Medium,,7842
17543,2024-08-04 18:07:39,,Kensington,4705,55,6,Medium,Wet,1179
19423,2024-01-27 16:32:32,London,,1847,43,2,High,Snowy,7524
9075,2024-05-21 19:58:52,,Chelsea,2515,41,7,High,Wet,3407
17135,2024-09-25 04:45:49,London,Southwark,4301,67,9,Low,Wet,3853
9240,2024-01-15 19:23:56,London,Chelsea,4805,16,6,Low,Damaged,3642
14101,2024-11-04 02:50:39,London,Islington,529,72,8,Low,Wet,4429
10313,2024-08-31 04:26:01,,,4832,56,3,,,5102
11019,2024-07-22 09:17:31,London,Chelsea,4058,20,1,High,Dry,4272
10995,2024-01-17 02:18:54,London,Chelsea,2152,99,8,High,Snowy,2094
9264,2024-07-03 23:41:24,London,Southwark,3784,83,2,Medium,Dry,936
11788,2024-05-04 07:55:36,London,Chelsea,270,38,9,Medium,Wet,2834
13654,2024-09-29 16:10:15,London,Kensington,2218,77,2,High,Wet,8438
13939,2024-11-04 14:49:38,London,Southwark,1660,75,6,Medium,Dry,8075
14098,2024-05-11 08:37:14,,Islington,2454,33,7,,Dry,3880
11371,2024-11-30 15:02:29,,Camden,3320,32,4,,Damaged,7135
11319,2024-05-27 09:55:43,,Islington,905,56,4,,Snowy,2320
14949,2024-11-14 07:28:20,,,2954,76,2,,Wet,8656
12506,2024-05-20 07:18:24,,Kensington,1893,48,3,Low,Dry,1313
16465,2024-06-19 03:46:06,London,Chelsea,1009,91,9,Low,Snowy,9423
14566,2024-01-12 00:28:14,London,,4069,13,6,Medium,Dry,9607
11275,2024-03-17 20:54:08,,,4346,57,1,,Snowy,1676
15117,2024-08-17 09:05:31,London,Kensington,4471,85,4,Low,Wet,8115
12396,2024-09-13 14:17:53,,,4211,54,3,High,Snowy,846
10906,2024-05-12 21:54:01,,Islington,3654,73,5,Medium,Wet,3717
11793,2024-12-06 06:59:10,London,Southwark,3664,21,5,,Damaged,5992
11510,2024-10-20 12:00:32,,Islington,1849,29,2,Low,Dry,4245
10919,2024-05-31 22:26:02,London,Camden,3527,53,5,,Dry,8596
12097,2024-02-24 19:58:47,London,Southwark,931,87,7,High,,7487
13950,2024-04-17 03:42:45,,Chelsea,2334,45,2,Medium,Dry,2704
11531,2024-05-15 15:48:00,,Southwark,933,42,1,Low,Damaged,8356
17223,2024-07-22 01:01:34,,Islington,2261,80,6,High,Dry,8606
10485,2024-08-19 23:28:25,,Camden,1919,34,7,,Wet,1506
18261,2024-02-16 20:03:42,London,Chelsea,3931,22,8,,Wet,5420
18792,2024-01-16 10:28:13,,Southwark,4435,62,6,,Wet,7732
10786,2024-11-12 21:46:11,London,,3450,15,7,Medium,Wet,1874
9525,2024-01-19 18:18:26,,Kensington,412,27,9,Low,Wet,5925
18211,2024-04-25 05:12:05,,,233,23,7,High,Wet,5053
11611,2024-07-19 13:31:40,,Chelsea,1948,65,7,Medium,Dry,5517
10933,2024-07-30 13:33:13,,Southwark,1056,13,0,High,Wet,3329
11184,2024-08-10 03:18:18,London,Camden,118,98,7,,Snowy,3904
15152,2024-04-18 22:10:20,London,Islington,634,43,6,,Damaged,7423
19822,2024-08-30 15:06:53,London,Camden,274,55,8,Low,Snowy,8682
11681,2024-01-23 07:15:28,London,Southwark,388,23,1,Medium,Wet,7588
19842,2024-10-31 22:05:16,,Southwark,4816,89,5,Medium,Damaged,9133
12560,2024-03-30 22:49:15,London,Camden,2151,61,0,,Wet,7920
19905,2024-02-11 18:52:14,London,,1580,92,8,High,Damaged,4155
9423,2024-12-16 18:01:09,London,,807,33,4,,Snowy,4763
17430,2024-05-03 14:17:17,London,,2984,14,0,Low,,3579
10235,2024-07-23 09:14:12,London,Southwark,2730,85,3,Low,Snowy,6917
18480,2024-02-07 18:15:12,London,,3795,27,1,High,Snowy,4286
19814,2024-11-25 22:41:33,,Camden,3100,11,5,Medium,Damaged,7724
19668,2024-03-12 08:16:49,London,Chelsea,277,46,5,Medium,,6218
14032,2024-04-16 22:39:40,,,441,57,1,Low,Dry,6758
13838,2024-12-29 02:33:59,London,Camden,2584,34,5,High,Snowy,3167
10217,2024-08-16 14:18:49,London,Chelsea,1786,29,8,,Dry,9829
15382,2024-04-29 05:21:38,London,Camden,4362,29,4,,Damaged,5002
11122,2024-08-07 23:05:15,London,Islington,3115,22,5,High,Snowy,4445
10519,2024-03-31 09:22:43,,Islington,4719,17,9,Medium,Snowy,6985
16886,2024-10-27 15:24:53,London,Camden,987,27,2,High,Damaged,5490
11070,2024-12-13 03:47:38,London,Camden,2595,64,6,,Dry,799
15707,2024-08-27 23:57:58,,Chelsea,1834,15,2,Medium,,8293
15105,2024-06-07 23:51:06,London,Islington,3976,-49,2,High,Damaged,8560
17054,2024-12-20 06:33:41,,,2536,42,9,High,Dry,817
14421,2024-08-25 05:59:20,London,Chelsea,3056,41,2,Medium,Snowy,5279
9274,2024-10-31 04:29:12,London,Chelsea,295,16,5,Low,Wet,7017
9524,2024-06-24 07:12:10,London,Chelsea,3193,67,5,High,Dry,8422
12006,2024-10-27 23:38:56,London,Chelsea,3841,46,6,,,1998
16314,2024-12-04 08:15:50,,Kensington,3620,10,7,,Snowy,1260
18586,2024-03-19 12:02:05,London,Islington,3268,26,0,,,3538
14895,2024-11-30 11:17:45,,Camden,2803,75,7,,,2868
14757,2024-05-13 03:33:46,London,Islington,366,33,3,Medium,,2974
18013,2024-04-28 02:10:21,,Kensington,4710,65,5,Medium,Dry,3766
9382,2024-07-07 15:58:03,,Chelsea,2262,38,6,Low,,1879
12757,2024-06-03 07:00:35,,Kensington,1209,95,7,High,,5614
13183,2024-01-07 20:12:48,London,Islington,3704,40,1,Low,Damaged,8059
20000,2024-06-11 11:20:30,,Kensington,4444,21,1,Low,Dry,3468
17628,2024-04-14 11:28:37,London,Chelsea,4162,91,5,Medium,Dry,3073
15762,2024-06-10 08:51:38,London,Chelsea,4779,76,2,High,Wet,5211
15576,2024-03-23 07:09:19,London,Chelsea,3022,56,2,Medium,Dry,6273
11729,2024-06-10 06:38:50,London,Chelsea,176,16,6,,Damaged,6695
13878,2024-12-04 07:02:10,,Chelsea,4736,42,5,,Wet,2557
12272,2024-08-28 04:13:40,,Southwark,1269,72,2,High,Wet,7934
15738,2024-07-16 23:35:07,,Southwark,3738,19,5,,,4355
18174,2024-03-28 05:37:25,,Camden,655,62,9,,Damaged,6138
15624,2024-04-04 13:10:10,London,Southwark,41,38,2,Medium,Snowy,8761
10041,2024-04-12 23:44:41,London,,1716,99,7,High,Damaged,2189
9759,2024-08-20 03:53:41,London,,960,83,8,,Snowy,5917
9881,2024-09-01 05:16:13,,Southwark,2125,82,5,High,Damaged,2336
19864,2024-06-05 15:07:32,,Islington,387,99,3,Medium,Snowy,9096
14860,2024-03-06 03:44:29,London,Camden,3211,20,7,Low,Snowy,3143
16125,2024-11-24 21:52:08,London,Chelsea,640,20,3,Low,Snowy,5576
17679,2024-09-19 07:22:31,London,Chelsea,2567,68,3,Medium,Dry,146
9813,2024-02-06 13:06:06,London,Islington,1616,39,6,Low,Snowy,5836
14770,2024-08-28 03:06:20,London,Southwark,2971,20,3,Low,,5228
11003,2024-07-13 01:19:38,London,Southwark,3204,23,0,High,Snowy,9236
11483,2024-12-12 02:15:29,London,Southwark,876,41,5,Medium,Wet,1206
13145,2024-12-08 13:12:04,London,,1518,67,7,Low,,9937
16077,2024-03-22 06:26:54,London,Camden,2378,90,8,,Wet,6327
10777,2024-03-15 06:27:37,London,Southwark,4124,88,6,High,,1108
18849,2024-04-12 19:16:00,,Kensington,664,35,1,Medium,Wet,9539
19756,2024-11-18 14:44:43,,,3927,38,0,High,Damaged,3469
18431,2024-08-20 19:19:57,,Camden,2579,12,0,High,Damaged,6981
16294,2024-09-06 17:11:41,,Camden,2162,68,9,,Snowy,1942
16454,2024-07-28 19:36:57,,Islington,2889,82,8,Medium,Damaged,7768
17970,2024-10-08 11:45:27,London,Kensington,2273,-14,5,Low,Damaged,8520
16562,2024-01-04 03:13:03,London,Kensington,3508,71,9,,Wet,7286
12581,2024-11-26 11:10:00,London,,872,70,5,Medium,Snowy,7072
17095,2024-09-21 08:29:55,London,Islington,1713,53,6,High,Damaged,9768
12488,2024-03-25 04:55:13,,,617,80,2,,,7077
10419,2024-05-14 18:55:36,,Islington,816,58,3,High,Damaged,7345
13284,2024-02-22 16:00:06,London,Southwark,1521,95,7,High,Snowy,3205
15123,2024-06-24 09:28:37,London,Chelsea,3160,87,6,,Snowy,2377
18077,2024-10-17 22:18:07,London,,3513,74,2,Low,Snowy,1539
13750,2024-05-26 17:28:59,,Southwark,977,86,9,Low,,2652
15925,2024-01-31 15:25:20,,Kensington,2047,77,2,Low,Wet,7797
14965,2024-01-16 08:25:26,,,4052,75,8,Medium,Dry,5757
17985,2024-05-05 12:37:16,,Chelsea,2758,59,4,Medium,Damaged,4869
10695,2024-12-29 22:50:54,,Kensington,55,90,7,Low,,8054
10114,2024-08-10 23:57:07,,Kensington,2084,93,4,Low,,7008
15264,2024-05-24 20:12:34,London,Camden,1656,49,3,,Wet,8687
16572,2024-08-21 18:29:37,London,,3139,71,6,,Damaged,1529
9875,2024-02-04 10:17:26,,Chelsea,1032,86,0,Medium,Damaged,690
10952,2024-10-11 03:54:04,London,Islington,264,25,7,,Dry,837
19885,2024-09-18 05:17:32,London,Kensington,4672,15,1,Medium,Snowy,179
16377,2024-11-04 07:13:07,London,,1598,14,0,Low,Wet,4631
13784,2024-06-16 18:45:12,London,Southwark,3893,71,1,Low,Wet,4049
15835,2024-02-25 00:16:00,,Chelsea,3061,51,2,,Dry,1235
11253,2024-11-14 11:23:37,London,Chelsea,4378,27,0,Medium,,6205
11258,2024-07-15 03:40:17,,Southwark,2978,54,9,,Wet,1016
19214,2024-10-12 18:37:42,London,Chelsea,3321,62,2,,Damaged,1758
14225,2024-02-11 18:54:43,London,Islington,4116,55,9,High,Snowy,9370
13320,2024-01-31 11:47:37,,Chelsea,4691,40,4,,,1741
13760,2024-08-04 13:52:30,London,,798,57,9,,Snowy,8783
11133,2024-04-28 00:30:54,London,Kensington,1841,98,1,Low,Dry,2496
13305,2024-06-24 05:52:30,,Camden,2883,20,6,,Dry,4341
14101,2024-11-04 02:50:39,London,Islington,529,72,8,Low,Wet,4429
19237,2024-12-29 07:16:08,,Camden,3254,15,9,,Snowy,6229
9526,2024-10-26 19:56:34,,Southwark,743,66,9,Medium,Dry,754
12204,2024-10-25 07:41:23,London,Southwark,1147,21,3,,Wet,4122
18039,2024-04-03 05:46:43,,Camden,1638,48,7,,Damaged,1155
11071,2024-12-16 02:30:09,,Kensington,3894,40,8,High,,5500
14156,2024-03-13 15:04:41,London,,3922,50,4,High,Dry,817
9909,2024-04-18 18:54:56,London,Southwark,1354,93,5,Medium,,9448
15481,2024-12-26 07:15:01,London,,1329,63,2,Low,Dry,1898
12465,2024-02-23 08:09:58,,Chelsea,502,56,7,Low,Snowy,8520
17997,2024-02-13 18:45:55,London,Camden,4939,24,5,High,Damaged,8286
15652,2024-03-30 00:46:04,,Southwark,2076,17,2,Medium,Damaged,9403
14686,2024-09-06 16:23:59,,Camden,1446,31,1,,,6112
12183,2024-02-14 02:57:57,,,4047,89,5,Low,Wet,9583
9344,2024-02-18 23:09:27,,,4359,70,3,,Snowy,9473
11905,2024-03-26 01:50:04,London,Camden,3538,95,4,High,Damaged,4617
10588,2024-02-05 22:53:04,London,,1084,58,6,Low,Dry,8388
10942,2024-09-18 15:52:54,London,Kensington,524,-30,6,Medium,Dry,6399
10288,2024-11-10 10:04:41,,Chelsea,1587,99,7,High,Wet,3239
9163,2024-04-19 13:18:29,,Camden,2226,65,7,,Dry,1510
17321,2024-11-01 07:18:00,,Southwark,657,63,9,High,Damaged,9961
14708,2024-03-30 15:42:05,,Camden,4662,56,0,High,Snowy,9154
19239,2024-11-21 10:05:10,,,405,72,3,Low,,1802
13895,2024-09-14 18:45:38,,Islington,3789,72,7,Low,Snowy,6151
9521,2024-05-08 04:32:23,,Islington,2335,72,8,Medium,Damaged,2576
18952,2024-01-31 04:50:39,,Islington,2240,59,5,Low,,5972
17882,2024-07-07 07:43:51,,Southwark,1131,74,3,Low,,4931
12826,2024-12-19 18:45:14,,Chelsea,1584,53,1,Medium,Wet,4469
19323,2024-06-03 20:40:36,,Chelsea,4620,72,3,,Dry,7382
17528,2024-08-18 13:13:55,,Camden,466,54,5,Low,Wet,7818
11987,2024-05-20 10:13:31,,Chelsea,1085,16,9,High,Damaged,4945
9868,2024-05-04 08:15:35,London,Islington,2678,20,8,High,Damaged,8565
14893,2024-09-03 20:34:20,,Camden,2503,87,3,,Dry,9094
14643,2024-02-17 17:39:12,,Kensington,1875,41,7,Low,,4217
19470,2024-04-04 03:07:59,,Islington,4024,30,7,,Damaged,5016
11323,2024-03-17 17:10:28,London,Islington,3062,14,4,,,328
10876,2024-08-10 23:25:19,London,Camden,3718,27,4,High,Dry,6946
19374,2024-03-09 07:46:29,London,Kensington,2617,20,8,Medium,Snowy,3076
13750,2024-11-16 23:19:12,,Islington,1005,25,3,High,,365
12160,2024-01-02 16:21:15,,Camden,2783,43,3,Medium,Snowy,6555
9792,2024-11-26 07:38:10,,Kensington,1333,98,6,Low,Wet,8594
14748,2024-03-19 05:14:42,,Southwark,1713,48,9,Low,,8867
17104,2024-01-12 01:21:37,,Southwark,2125,75,8,High,,5786
16891,2024-05-30 04:24:55,,,3397,20,9,,Dry,5670
10400,2024-11-02 12:43:21,,,50,38,1,Medium,Dry,4136
10346,2024-11-29 10:59:16,London,Kensington,508,79,8,Low,Damaged,3926
18615,2024-06-25 03:47:58,,Islington,310,95,5,High,Damaged,1428
19792,2024-01-02 17:14:55,London,Southwark,4653,36,7,Low,Damaged,8191
11793,2024-09-01 15:00:19,,Kensington,1584,99,6,Low,Wet,8705
18895,2024-06-30 10:09:41,London,Camden,2782,33,0,Medium,Dry,2721
11148,2024-02-06 01:42:19,,Southwark,3549,99,1,High,Damaged,7562
12763,2024-05-12 06:32:53,London,Chelsea,1327,84,6,High,Wet,7164
14835,2024-12-13 04:38:49,London,Chelsea,3484,69,2,,Wet,9524
12617,2024-02-10 10:34:40,London,,4542,81,2,Low,Snowy,6144
13311,2024-12-06 03:22:23,London,Chelsea,4501,21,3,,,8322
17415,2024-06-20 13:27:11,London,Camden,645,34,6,,Dry,5108
10580,2024-08-14 23:01:18,London,Islington,1946,87,1,Low,,9123
13465,2024-10-19 21:20:09,,Southwark,2870,52,2,Medium,Damaged,7301
19391,2024-10-26 00:38:03,,Southwark,1427,57,0,High,Snowy,6338
16738,2024-05-29 15:19:23,London,Camden,1912,47,2,High,Dry,9553
19400,2024-02-24 06:26:17,,Kensington,1514,48,4,Medium,Dry,6024
13743,2024-09-26 18:26:05,London,Camden,2758,24,3,,Wet,260
9183,2024-07-09 04:58:56,,Islington,2789,53,4,,Wet,6767
12350,2024-09-21 10:02:23,London,Camden,375,68,6,Low,Snowy,3920
9359,2024-06-12 16:16:21,London,Islington,3059,12,9,High,Wet,5652
11933,2024-12-04 20:39:46,,Chelsea,4697,64,9,,Damaged,9032
14435,2024-10-10 05:59:54,London,Islington,1341,63,1,Medium,Damaged,1296
15350,2024-09-16 10:41:32,London,Chelsea,2725,42,6,Medium,Damaged,7724
19430,2024-11-24 04:02:43,,Camden,420,29,2,Medium,,2194
9919,2024-01-02 19:03:25,,Camden,1994,63,6,High,Snowy,6988
10785,2024-09-22 21:40:13,London,Islington,2064,87,1,Medium,Damaged,7140
11828,2024-05-07 20:09:10,London,Kensington,3677,90,3,Low,Damaged,7382
14526,2024-07-20 06:25:34,,Southwark,2196,57,6,Medium,Snowy,4069
16340,2024-05-27 03:38:49,,Camden,3317,36,1,Low,Damaged,6862
9648,2024-09-14 13:25:14,,,4220,47,4,Medium,,7637
14677,2024-07-26 16:46:46,,Islington,1233,27,3,Medium,Snowy,7163
