date_time,traffic_id,city,area,vehicle_count,avg_speed_kmh,accident_count,congestion_level,road_condition,visibility_m
02/03/2024 20:54,14619,London,Camden,3277,99,4,Medium,Snowy,9077
05/03/2024 22:25,16638,London,Southwark,2592,80,4,Low,Dry,7146
22/09/2024 16:16,14606,London,Camden,536,73,3,Low,Wet,959
17/11/2024 07:42,11489,London,Chelsea,2194,41,3,Low,Dry,6663
07/08/2024 12:27,17023,London,Southwark,4343,80,1,High,Dry,7872
23/08/2024 03:38,15846,London,Chelsea,1381,15,3,Medium,Dry,9503
22/01/2024 16:01,13943,London,Kensington,1295,41,4,Low,Dry,4604
03/01/2024 21:55,17460,London,Camden,320,50,3,Low,Damaged,7190
09/08/2024 12:38,17428,London,Kensington,4135,50,3,Low,Wet,8124
28/06/2024 20:37,9115,London,Islington,3001,43,5,High,Snowy,1631
27/12/2024 01:58,14445,London,Southwark,856,30,7,Low,Wet,9889
20/07/2024 09:04,18327,London,Southwark,242,74,0,Medium,Dry,7636
08/08/2024 06:14,12039,London,Islington,1096,77,6,Low,Dry,3118
01/08/2024 13:18,12700,London,Chelsea,4094,35,6,Low,Dry,8294
12/02/2024 09:17,15576,London,Islington,3894,23,4,Low,Dry,7261
24/11/2024 21:52,16125,London,Chelsea,640,20,3,Low,Snowy,5576
14/08/2024 15:37,15091,London,Camden,1380,48,5,High,Snowy,5540
22/02/2024 23:41,17438,London,Kensington,4661,46,1,Low,Damaged,7213
28/06/2024 21:49,19451,London,Islington,4492,45,7,Low,Dry,8516
06/02/2024 23:09,10641,London,Kensington,3348,55,3,High,Dry,7041
11/09/2024 18:57,12315,London,Kensington,133,94,5,High,Dry,7969
10/02/2024 19:09,16261,London,Chelsea,482,96,2,High,Damaged,204
10/04/2024 21:22,19972,London,Islington,4239,72,0,Low,Wet,9769
21/12/2024 08:59,9167,London,Kensington,4538,41,7,Low,Dry,5723
13/11/2024 17:41,10283,London,Southwark,773,24,3,Low,Snowy,6197
31/01/2024 11:10,15926,London,Chelsea,1202,34,6,Low,Dry,6750
04/04/2024 15:11,9733,London,Islington,3544,13,4,Low,Dry,8628
11/08/2024 08:12,10734,London,Islington,4761,70,7,Low,Snowy,4998
20/08/2024 03:53,9759,London,Islington,960,83,8,Low,Snowy,5917
11/07/2024 06:07,13712,London,Islington,2010,52,5,High,Dry,999
28/03/2024 14:36,14311,London,Southwark,3588,29,7,Low,Wet,8167
09/09/2024 14:28,9650,London,Chelsea,3859,71,6,Low,Snowy,3375
14/08/2024 01:17,10242,London,Islington,1716,14,4,High,Dry,4327
22/09/2024 21:40,10785,London,Islington,2064,87,1,Medium,Damaged,7140
10/12/2024 03:31,13625,London,Southwark,1712,27,5,Low,Wet,7775
03/05/2024 14:41,11886,London,Southwark,1947,84,7,Low,Dry,7925
31/05/2024 17:34,18887,London,Camden,3624,55,5,High,Dry,6962
25/06/2024 16:41,16785,London,Southwark,2095,76,0,Low,Damaged,116
26/11/2024 09:40,19411,London,Islington,4653,69,1,Medium,Dry,7716
30/10/2024 21:20,9963,London,Islington,166,44,3,Medium,Snowy,5003
10/12/2024 19:43,12505,London,Islington,2579,71,5,Medium,Snowy,437
11/11/2024 21:21,13808,London,Southwark,4164,37,4,Low,Damaged,8746
13/02/2024 16:24,14598,London,Southwark,3222,-76,4,Low,Damaged,9737
13/10/2024 12:50,12778,London,Southwark,2396,54,2,Low,Damaged,124
05/02/2024 11:23,9456,London,Islington,1627,56,3,Medium,Wet,9349
05/01/2024 22:01,14260,London,Southwark,2308,65,0,Medium,Damaged,620
09/07/2024 06:45,16762,London,Kensington,2020,88,6,Medium,Snowy,2198
24/09/2024 14:39,17389,London,Kensington,681,23,3,Low,Snowy,6066
21/07/2024 01:48,18602,London,Southwark,1412,92,8,Low,Dry,1423
18/08/2024 10:25,12711,London,Southwark,426,54,5,Low,Wet,5897
27/04/2024 01:30,9914,London,Kensington,2810,-24,7,High,Dry,1775
10/11/2024 08:00,11420,London,Chelsea,293,27,9,Low,Dry,3869
18/09/2024 14:36,9740,London,Chelsea,4173,34,1,Medium,Dry,4575
22/04/2024 12:06,19453,London,Islington,436,36,3,Low,Snowy,6716
20/08/2024 19:19,18431,London,Camden,2579,12,0,High,Damaged,6981
01/01/2024 01:40,11499,London,Islington,3959,19,0,High,Wet,6909
01/11/2024 00:28,17739,London,Islington,2184,70,6,Low,Damaged,5838
10/06/2024 10:24,16909,London,Kensington,1467,52,6,Medium,Snowy,6301
27/01/2024 23:13,15297,London,Islington,3354,96,1,Medium,Snowy,4837
27/11/2024 19:49,10354,London,Kensington,1390,34,0,High,Dry,4444
28/03/2024 19:20,15423,London,Kensington,1289,33,9,Low,Damaged,2438
07/11/2024 08:58,19609,London,Chelsea,987,20,6,Low,Dry,9203
29/11/2024 03:37,10196,London,Islington,330,19,6,Low,Snowy,5206
28/10/2024 02:58,11804,London,Chelsea,1502,81,0,Medium,Damaged,4827
14/12/2024 11:56,12158,London,Southwark,582,18,1,Low,Wet,9412
10/08/2024 19:03,9016,London,Kensington,89,66,2,Low,Damaged,6274
03/06/2024 13:00,10553,London,Islington,1034,71,7,Medium,Wet,4529
22/07/2024 16:34,17211,London,Southwark,679,33,0,Low,Dry,2143
16/07/2024 20:04,9642,London,Islington,4920,48,9,Low,Wet,1174
04/08/2024 10:34,11964,London,Chelsea,557,61,7,Low,Snowy,4651
03/10/2024 11:52,14519,London,Camden,4992,42,0,High,Damaged,3906
03/03/2024 22:48,15012,London,Southwark,362,32,3,High,Damaged,3752
31/07/2024 09:54,15070,London,Kensington,1799,87,7,High,Dry,9985
18/11/2024 10:00,16975,London,Islington,4527,84,7,Low,Damaged,541
16/11/2024 00:57,19595,London,Islington,3110,41,3,Low,Dry,5130
17/08/2024 16:27,9268,London,Chelsea,4447,54,4,Medium,Dry,4208
02/10/2024 15:53,16889,London,Southwark,1003,-15,7,Low,Dry,2637
03/05/2024 13:35,11385,London,Chelsea,2832,75,4,Medium,Snowy,2349
17/04/2024 07:52,12021,London,Kensington,349,59,0,High,Dry,5533
16/09/2024 09:01,12985,London,Southwark,2470,86,8,Low,Wet,5358
14/06/2024 13:33,11895,London,Camden,2637,81,4,Medium,Wet,1226
03/06/2024 20:40,19323,London,Chelsea,4620,72,3,Low,Dry,7382
17/12/2024 02:53,11686,London,Camden,4406,30,5,Low,Dry,2334
09/04/2024 02:05,9264,London,Kensington,3383,49,4,High,Snowy,119
20/09/2024 20:23,19990,London,Kensington,697,29,8,Medium,Dry,5286
05/11/2024 02:44,10476,London,Kensington,1965,88,9,Medium,Damaged,7889
14/11/2024 18:48,18813,London,Camden,4853,61,6,Medium,Snowy,8581
11/06/2024 18:22,9859,London,Southwark,168,24,7,High,Snowy,5375
13/05/2024 19:47,14687,London,Camden,126,57,3,Medium,Damaged,1417
19/03/2024 23:58,12919,London,Islington,2728,46,3,High,Damaged,7826
31/05/2024 18:10,18882,London,Chelsea,3954,18,2,Low,Dry,5207
06/02/2024 05:27,17817,London,Kensington,1157,85,5,Medium,Dry,1919
21/10/2024 14:49,15366,London,Islington,3176,82,8,High,Snowy,9112
30/11/2024 05:58,16578,London,Southwark,2317,23,0,Low,Wet,8852
22/06/2024 23:54,11209,London,Islington,4460,59,8,Low,Dry,2296
13/08/2024 16:04,10452,London,Camden,3912,80,8,Low,Wet,9605
12/03/2024 03:10,11092,London,Southwark,1668,74,7,Medium,Wet,5876
14/07/2024 02:23,18834,London,Chelsea,4437,47,8,Low,Wet,828
21/11/2024 10:58,12901,London,Kensington,1318,95,1,Medium,Dry,6914
04/06/2024 12:38,18589,London,Islington,3941,41,6,Low,Snowy,2624
01/06/2024 03:04,19646,London,Southwark,4612,51,3,High,Damaged,8954
17/02/2024 10:19,11426,London,Chelsea,2377,55,6,Low,Snowy,2956
07/12/2024 13:43,19444,London,Islington,225,63,8,Low,Dry,6607
16/01/2024 10:02,11425,London,Kensington,545,23,5,High,Dry,2660
16/11/2024 12:39,9155,London,Islington,1075,99,9,High,Dry,6827
14/07/2024 07:38,14153,London,Chelsea,940,88,3,High,Damaged,5433
24/01/2024 03:29,11430,London,Islington,3385,78,1,Low,Dry,3538
04/02/2024 09:42,9992,London,Kensington,994,17,5,Medium,Dry,9203
29/05/2024 14:43,12357,London,Camden,3072,77,9,Low,Wet,7590
27/12/2024 13:18,16133,London,Islington,1100,75,2,Low,Wet,1949
30/11/2024 04:11,16024,London,Chelsea,72,67,0,Medium,Dry,8367
08/12/2024 08:13,9673,London,Camden,2671,76,9,High,Dry,984
02/06/2024 11:39,11975,London,Islington,2454,63,1,High,Damaged,3654
19/09/2024 11:28,12641,London,Kensington,3941,22,8,Low,Dry,9169
04/11/2024 14:36,17013,London,Islington,3703,96,0,Low,Damaged,1559
29/06/2024 19:55,11548,London,Islington,1429,44,9,Medium,Wet,8051
16/03/2024 04:22,16039,London,Islington,495,15,7,High,Snowy,908
24/04/2024 11:29,13725,London,Southwark,669,88,0,Low,Dry,3518
19/04/2024 22:58,12559,London,Southwark,4810,42,6,Medium,Dry,9393
05/01/2024 17:31,10474,London,Islington,1721,36,2,Low,Snowy,4142
09/04/2024 05:15,12095,London,Southwark,2241,27,2,High,Dry,8145
05/12/2024 18:11,19714,London,Southwark,419,50,2,Low,Dry,6870
25/11/2024 22:41,19814,London,Camden,3100,11,5,Medium,Damaged,7724
06/07/2024 13:52,17604,London,Kensington,2230,91,7,Medium,Dry,3682
09/09/2024 00:22,11968,London,Kensington,1545,25,5,Low,Wet,7321
21/02/2024 13:53,14118,London,Islington,3305,63,0,Medium,Damaged,1184
31/01/2024 09:51,9911,London,Chelsea,1265,29,6,Low,Damaged,8581
11/02/2024 20:05,18869,London,Southwark,277,65,8,Medium,Damaged,5333
20/04/2024 02:16,11097,London,Islington,4622,65,2,Medium,Damaged,5874
08/10/2024 04:46,17864,London,Chelsea,4960,38,1,Low,Damaged,9041
13/01/2024 21:27,11212,London,Kensington,3457,52,7,Low,Wet,3257
08/03/2024 03:16,10842,London,Kensington,2719,91,9,Low,Wet,6011
04/01/2024 20:55,11610,London,Camden,4764,72,1,Low,Damaged,2540
27/07/2024 13:30,19720,London,Chelsea,2248,87,9,Low,Damaged,5907
17/12/2024 18:42,19962,London,Islington,2091,56,2,Low,Dry,6158
06/07/2024 20:13,16295,London,Islington,16,80,8,High,Dry,7400
31/01/2024 07:48,14348,London,Chelsea,1373,19,3,Low,Snowy,5232
16/12/2024 15:20,15971,London,Chelsea,3431,77,0,Low,Wet,9836
14/03/2024 17:38,17496,London,Camden,1098,70,9,Low,Snowy,5544
09/05/2024 21:20,14926,London,Kensington,1444,55,0,Low,Damaged,5012
20/02/2024 17:32,18468,London,Camden,4988,65,6,Low,Dry,4501
09/04/2024 15:37,9533,London,Islington,3777,40,0,Low,Dry,4789
17/01/2024 04:57,9006,London,Islington,3284,62,0,Low,Damaged,3084
15/03/2024 20:16,10623,London,Islington,3817,30,4,Low,Snowy,2360
14/08/2024 19:28,16744,London,Islington,1465,78,3,Medium,Wet,4403
19/10/2024 02:14,12243,London,Islington,4556,-53,5,Medium,Wet,1039
03/08/2024 22:30,16015,London,Islington,3256,13,0,Low,Dry,2543
16/02/2024 05:48,12012,London,Islington,1911,26,5,Low,Damaged,5614
01/01/2024 18:08,12536,London,Camden,2431,16,2,Medium,Dry,1761
18/07/2024 09:17,11162,London,Islington,1246,21,2,Low,Dry,8807
15/06/2024 15:20,14764,London,Islington,4817,43,2,Low,Dry,7193
28/10/2024 14:27,18758,London,Islington,4293,56,9,Medium,Wet,1191
10/08/2024 12:26,9195,London,Camden,3369,34,0,Low,Snowy,8842
20/07/2024 13:22,15651,London,Kensington,1868,83,3,Low,Dry,5357
12/02/2024 22:40,13439,London,Islington,693,59,0,High,Wet,9949
09/02/2024 12:22,11571,London,Kensington,4382,54,9,Low,Wet,9943
09/11/2024 12:54,12969,London,Southwark,4569,99,5,Low,Damaged,5130
26/10/2024 17:18,11621,London,Islington,1186,20,3,Low,Dry,4428
28/06/2024 20:35,13225,London,Kensington,1040,19,0,Low,Snowy,2567
09/03/2024 00:23,9813,London,Chelsea,3528,90,5,High,Snowy,3564
16/09/2024 12:20,10942,London,Chelsea,2562,16,4,Medium,Dry,3517
13/04/2024 11:06,16653,London,Islington,2638,33,6,Low,Snowy,6561
26/12/2024 11:07,18420,London,Camden,2547,41,3,High,Wet,6419
21/06/2024 23:42,15785,London,Camden,2581,75,2,High,Damaged,3975
24/08/2024 20:07,12313,London,Kensington,1245,64,1,Low,Snowy,9138
12/07/2024 21:08,9332,London,Islington,1259,54,6,High,Snowy,4266
07/08/2024 11:27,17308,London,Southwark,4672,99,3,High,Damaged,8150
31/03/2024 06:10,15993,London,Islington,2419,-23,6,High,Dry,9959
14/03/2024 03:39,15172,London,Chelsea,3358,38,8,High,Wet,3745
14/11/2024 07:28,14949,London,Islington,2954,76,2,Low,Wet,8656
18/08/2024 19:32,9632,London,Chelsea,2869,72,7,Medium,Damaged,3088
12/12/2024 00:31,18177,London,Kensington,3422,90,1,Low,Snowy,1497
31/01/2024 11:47,13320,London,Chelsea,4691,40,4,Low,Dry,1741
12/03/2024 08:48,11635,London,Islington,2148,23,0,Low,Dry,1737
29/08/2024 13:57,16056,London,Islington,1866,91,1,Low,Dry,7934
25/11/2024 01:01,19418,London,Southwark,4341,87,3,Medium,Snowy,4225
30/08/2024 05:09,12094,London,Kensington,2738,15,9,Low,Dry,3284
29/04/2024 17:21,11666,London,Southwark,5,70,1,Low,Wet,9498
28/06/2024 05:50,9969,London,Kensington,2698,43,4,Low,Snowy,1582
11/06/2024 20:43,11280,London,Kensington,4649,79,7,Low,Snowy,6131
11/12/2024 05:07,16342,London,Chelsea,4229,87,2,Low,Damaged,9267
29/07/2024 03:46,10108,London,Islington,345,24,5,High,Wet,910
26/06/2024 23:46,19985,London,Chelsea,4161,61,1,Low,Damaged,3380
24/11/2024 04:02,19430,London,Camden,420,29,2,Medium,Dry,2194
19/08/2024 02:07,9733,London,Kensington,2196,39,3,High,Dry,6123
14/05/2024 01:24,15017,London,Kensington,2483,89,3,Low,Snowy,1759
20/02/2024 20:45,10372,London,Islington,1264,27,2,Medium,Wet,158
17/06/2024 17:14,11061,London,Chelsea,2573,23,0,High,Damaged,4150
13/06/2024 15:30,11166,London,Southwark,1729,77,1,High,Dry,7309
15/12/2024 11:35,9739,London,Islington,568,90,6,Low,Dry,8114
07/07/2024 07:43,17882,London,Southwark,1131,74,3,Low,Dry,4931
04/12/2024 07:02,13878,London,Chelsea,4736,42,5,Low,Wet,2557
05/08/2024 21:20,13124,London,Kensington,2939,96,7,Medium,Damaged,7616
14/09/2024 19:07,11184,London,Kensington,395,86,6,Low,Damaged,5918
13/08/2024 10:53,12734,London,Kensington,1169,99,9,Medium,Dry,577
02/04/2024 04:30,11788,London,Islington,1592,22,2,Low,Wet,8192
04/10/2024 00:21,10687,London,Islington,3558,12,3,High,Dry,1828
28/10/2024 08:06,14853,London,Kensington,4824,39,5,High,Damaged,922
17/03/2024 13:15,13067,London,Chelsea,3789,75,6,Low,Damaged,9952
21/06/2024 12:04,10208,London,Islington,3508,64,6,Medium,Snowy,9038
12/06/2024 16:04,15017,London,Islington,550,59,0,Low,Wet,8650
26/07/2024 13:54,17274,London,Islington,2900,92,0,High,Wet,8280
20/07/2024 02:37,12529,London,Kensington,4388,17,3,Medium,Dry,4035
09/12/2024 22:45,16838,London,Islington,260,59,6,Low,Snowy,5798
22/12/2024 19:58,9239,London,Islington,1284,63,6,High,Wet,7213
06/10/2024 13:43,12565,London,Southwark,133,28,6,Low,Snowy,9612
27/02/2024 03:59,14500,London,Islington,2670,80,1,Low,Wet,3768
04/12/2024 12:08,11807,London,Chelsea,4763,22,2,Low,Damaged,7607
22/10/2024 21:11,13605,London,Kensington,172,87,0,Medium,Dry,5719
10/04/2024 12:19,13373,London,Camden,3626,15,4,Low,Damaged,8174
20/06/2024 13:27,17415,London,Camden,645,34,6,Low,Dry,5108
15/02/2024 08:44,19225,London,Camden,49,95,9,High,Snowy,3961
14/11/2024 08:25,13144,London,Islington,4238,55,2,Low,Snowy,9426
22/08/2024 21:37,18831,London,Islington,588,77,8,Medium,Damaged,5071
04/08/2024 16:26,11967,London,Chelsea,91,44,6,Medium,Dry,7006
23/06/2024 00:42,9594,London,Camden,3952,75,0,Medium,Damaged,636
09/11/2024 19:07,17413,London,Kensington,432,68,3,Low,Snowy,9562
08/09/2024 00:42,9220,London,Southwark,174,93,7,Low,Dry,603
21/01/2024 01:51,19435,London,Islington,1192,76,6,Medium,Damaged,5175
14/10/2024 03:29,17883,London,Chelsea,3765,49,7,Low,Dry,5128
20/11/2024 11:26,10078,London,Southwark,2431,21,4,Medium,Damaged,1599
09/12/2024 00:21,14114,London,Chelsea,4679,25,3,High,Wet,8523
15/05/2024 21:40,19757,London,Southwark,4835,65,9,Low,Wet,3909
08/04/2024 07:44,14239,London,Camden,2966,33,4,Low,Dry,793
20/09/2024 20:44,9226,London,Islington,4782,34,6,Medium,Dry,7429
08/12/2024 10:05,14477,London,Kensington,1658,95,9,Medium,Damaged,7836
12/04/2024 23:44,10041,London,Islington,1716,99,7,High,Damaged,2189
17/04/2024 06:41,19959,London,Islington,776,25,3,Medium,Wet,3407
03/01/2024 00:23,17312,London,Southwark,98,20,5,Low,Dry,8820
14/12/2024 04:47,17135,London,Islington,614,15,5,Medium,Wet,2619
12/11/2024 12:27,14606,London,Kensington,3890,-96,0,Low,Damaged,8261
26/12/2024 23:01,14865,London,Kensington,1714,60,9,Medium,Snowy,6598
15/07/2024 11:11,12532,London,Kensington,3720,-64,7,Low,Dry,7846
30/06/2024 23:14,14249,London,Chelsea,4843,53,7,Medium,Wet,1875
08/05/2024 15:11,15094,London,Kensington,296,19,5,Low,Wet,2222
21/12/2024 08:19,10320,London,Chelsea,4979,72,4,High,Snowy,1109
03/12/2024 17:23,18361,London,Chelsea,1895,48,4,Low,Damaged,510
07/12/2024 10:23,16243,London,Camden,272,38,8,Low,Dry,3113
01/05/2024 14:28,13312,London,Chelsea,4581,86,7,High,Damaged,8549
01/09/2024 18:19,19040,London,Camden,3224,77,9,Medium,Dry,7502
04/06/2024 04:30,13998,London,Islington,329,16,8,Low,Wet,4679
01/03/2024 13:41,13807,London,Southwark,3656,11,5,High,Dry,8295
22/03/2024 20:45,13573,London,Southwark,2363,21,4,Low,Dry,9859
18/06/2024 13:47,12133,London,Islington,1710,23,4,High,Dry,1467
02/03/2024 22:50,14611,London,Islington,473,32,8,Low,Snowy,6062
16/08/2024 22:56,12437,London,Islington,861,86,2,Medium,Snowy,6702
21/03/2024 20:53,9270,London,Southwark,489,32,1,Low,Dry,1891
07/04/2024 06:52,16075,London,Kensington,1853,98,3,High,Dry,6141
10/02/2024 06:36,14730,London,Islington,4970,88,1,High,Damaged,9090
15/04/2024 16:22,13982,London,Chelsea,2005,61,5,High,Wet,9060
24/05/2024 17:19,13043,London,Kensington,3674,52,2,Low,Damaged,2560
17/06/2024 03:38,15778,London,Islington,2873,67,4,Medium,Dry,9975
04/02/2024 15:55,15712,London,Islington,2108,49,9,Low,Damaged,9289
12/02/2024 06:53,18970,London,Kensington,3294,98,5,Low,Snowy,4080
22/05/2024 04:23,12687,London,Kensington,175,36,7,High,Dry,7566
26/06/2024 04:56,9103,London,Camden,2781,13,8,Medium,Dry,1773
04/03/2024 20:44,12028,London,Camden,1218,65,4,Low,Damaged,3376
14/02/2024 13:30,19392,London,Kensington,4926,17,0,Low,Snowy,2447
20/05/2024 22:10,14764,London,Kensington,671,11,8,Low,Damaged,6986
17/08/2024 14:01,17548,London,Camden,4018,96,8,Low,Wet,1264
05/03/2024 11:25,18420,London,Islington,2846,72,0,High,Dry,2281
07/09/2024 19:11,10137,London,Southwark,269,29,5,Medium,Damaged,4612
18/08/2024 13:13,17528,London,Camden,466,54,5,Low,Wet,7818
06/05/2024 05:47,10127,London,Islington,4035,-56,2,Medium,Wet,8564
03/01/2024 13:24,16684,London,Camden,3788,-80,8,Medium,Snowy,8705
30/05/2024 08:59,12323,London,Southwark,240,66,8,Medium,Wet,3167
26/07/2024 09:04,9331,London,Islington,2124,54,8,High,Snowy,7562
26/10/2024 21:56,13637,London,Camden,1105,22,3,Low,Dry,6726
21/04/2024 18:51,10366,London,Islington,2134,80,5,Low,Dry,1905
09/06/2024 08:46,12782,London,Southwark,1068,13,1,Medium,Wet,8211
10/01/2024 15:05,10777,London,Camden,1370,27,2,Low,Damaged,2445
10/05/2024 08:27,18022,London,Southwark,4523,21,0,Low,Damaged,2743
02/01/2024 10:30,16183,London,Camden,4354,78,7,Low,Damaged,1279
14/01/2024 10:58,14339,London,Southwark,4513,24,5,High,Dry,6121
06/10/2024 14:00,19741,London,Chelsea,95,78,2,Low,Dry,9386
26/11/2024 03:45,13031,London,Chelsea,4158,77,9,Low,Damaged,7252
16/06/2024 12:02,11222,London,Camden,4223,61,2,Low,Damaged,8239
28/10/2024 08:52,9334,London,Southwark,3645,60,1,Low,Snowy,4817
22/10/2024 08:13,18041,London,Kensington,2680,21,8,High,Snowy,2572
01/05/2024 14:01,10888,London,Southwark,3503,-12,6,Medium,Dry,9086
17/06/2024 18:06,13504,London,Islington,4755,54,0,Medium,Dry,8035
03/06/2024 01:39,14310,London,Camden,365,64,3,Low,Dry,7231
30/06/2024 15:14,9165,London,Chelsea,3865,76,1,High,Wet,6431
18/01/2024 07:05,14871,London,Camden,3004,77,5,High,Snowy,6466
24/07/2024 08:29,14362,London,Islington,407,83,9,Low,Dry,9275
14/09/2024 05:49,18614,London,Islington,4039,18,9,Low,Damaged,7203
13/11/2024 12:45,11115,London,Islington,153,24,5,Low,Damaged,9972
28/11/2024 08:29,11805,London,Southwark,1495,97,2,Low,Wet,2029
26/11/2024 16:54,12878,London,Islington,802,87,8,Low,Dry,2020
25/05/2024 03:28,14981,London,Islington,3435,92,9,High,Snowy,979
31/10/2024 04:29,9274,London,Chelsea,295,16,5,Low,Wet,7017
15/04/2024 20:09,11969,London,Islington,3347,72,5,Medium,Dry,3301
27/06/2024 18:13,15423,London,Camden,2808,-77,2,Low,Dry,3389
26/10/2024 08:12,10036,London,Islington,2142,13,9,Low,Wet,8244
30/06/2024 19:16,16994,London,Islington,4342,66,4,High,Dry,4259
18/06/2024 12:39,12040,London,Islington,1298,35,4,Low,Snowy,1283
26/02/2024 01:45,15874,London,Southwark,1101,56,5,Medium,Snowy,4692
12/07/2024 12:23,15588,London,Islington,4118,50,4,Low,Damaged,8895
23/04/2024 01:19,14850,London,Islington,4940,57,8,Low,Damaged,7049
17/02/2024 23:13,13482,London,Islington,1024,67,3,Medium,Damaged,4090
27/01/2024 13:39,9419,London,Islington,3435,55,7,High,Snowy,7926
04/02/2024 18:21,10927,London,Chelsea,826,95,9,High,Damaged,7729
09/12/2024 17:43,13462,London,Southwark,2861,97,2,High,Wet,6806
27/03/2024 18:58,15965,London,Islington,3822,85,9,High,Dry,1362
02/08/2024 16:31,11142,London,Southwark,2816,82,5,Low,Wet,5886
23/11/2024 10:53,9447,London,Chelsea,2598,-85,8,Low,Dry,546
22/11/2024 16:25,16391,London,Chelsea,1868,25,4,Low,Wet,1130
04/11/2024 07:13,16377,London,Islington,1598,14,0,Low,Wet,4631
12/04/2024 22:23,12632,London,Islington,3044,68,0,High,Damaged,6820
02/10/2024 14:17,17908,London,Islington,687,13,7,Low,Snowy,2808
15/05/2024 12:56,11188,London,Camden,2176,91,6,High,Dry,3815
06/11/2024 21:38,10588,London,Camden,3576,59,8,Low,Dry,3850
13/06/2024 17:17,18189,London,Islington,1790,12,7,Medium,Dry,8882
20/11/2024 18:55,14829,London,Islington,3539,83,8,Medium,Dry,5920
04/04/2024 13:24,12244,London,Southwark,249,70,9,Low,Wet,1244
06/08/2024 21:17,17465,London,Islington,1182,87,5,Medium,Damaged,8390
08/06/2024 21:38,9432,London,Kensington,2016,49,9,Low,Wet,6630
07/02/2024 00:31,13754,London,Islington,2353,61,8,High,Snowy,2959
29/10/2024 08:45,9468,London,Southwark,4527,41,7,Medium,Wet,6959
27/07/2024 18:18,17531,London,Kensington,1896,98,4,High,Dry,1472
08/02/2024 12:21,11553,London,Camden,210,86,2,Low,Wet,4444
10/05/2024 22:52,15841,London,Chelsea,4829,10,4,Medium,Dry,6451
04/07/2024 17:34,11529,London,Islington,708,57,4,Low,Dry,5359
15/03/2024 19:55,16301,London,Chelsea,4663,63,4,Medium,Snowy,3257
05/03/2024 06:16,14037,London,Islington,1331,72,2,High,Dry,4503
03/08/2024 20:01,15308,London,Southwark,3264,25,5,Low,Snowy,8482
28/08/2024 13:43,17311,London,Kensington,3352,51,2,High,Dry,3614
19/11/2024 04:41,16518,London,Camden,4485,42,7,Low,Damaged,3785
05/05/2024 23:57,9082,London,Camden,2404,91,2,Medium,Dry,3993
29/09/2024 04:04,10313,London,Islington,613,60,3,High,Damaged,6836
27/12/2024 09:27,18216,London,Islington,318,77,9,Low,Dry,289
21/09/2024 08:29,17095,London,Islington,1713,53,6,High,Damaged,9768
15/04/2024 17:27,14566,London,Camden,2666,38,9,Medium,Wet,5049
02/09/2024 00:19,12231,London,Camden,1941,47,6,Low,Wet,8502
03/06/2024 15:34,14737,London,Kensington,4120,12,4,High,Damaged,4832
10/04/2024 01:58,13997,London,Kensington,409,12,7,High,Snowy,2989
03/08/2024 11:08,13323,London,Kensington,545,40,5,Low,Snowy,2690
14/11/2024 15:53,16303,London,Southwark,766,72,9,Medium,Dry,8396
03/01/2024 23:03,19842,London,Islington,4677,79,0,Medium,Snowy,9429
28/03/2024 14:51,16570,London,Islington,2699,30,2,Low,Damaged,9813
09/01/2024 02:44,19965,London,Islington,4897,64,4,Medium,Snowy,4272
11/06/2024 07:25,14336,London,Kensington,2753,65,2,High,Dry,550
28/04/2024 23:32,17578,London,Kensington,4627,52,4,Low,Dry,2893
16/10/2024 04:36,12295,London,Southwark,4228,74,2,High,Wet,9377
14/04/2024 03:32,9665,London,Chelsea,2887,46,3,High,Dry,7046
26/02/2024 12:17,17546,London,Kensington,2088,92,8,Medium,Dry,1378
05/04/2024 06:16,19565,London,Chelsea,2132,16,1,Medium,Damaged,2266
24/03/2024 06:35,16135,London,Islington,947,25,1,Medium,Damaged,819
18/08/2024 09:31,18140,London,Kensington,1460,12,8,Low,Damaged,6402
07/01/2024 06:55,10473,London,Kensington,3236,40,3,High,Dry,7655
23/08/2024 16:11,18017,London,Kensington,3417,70,9,High,Damaged,9183
21/01/2024 11:33,14604,London,Chelsea,2525,25,1,Low,Damaged,434
19/08/2024 15:55,19326,London,Camden,2383,60,8,Medium,Snowy,3770
08/10/2024 13:13,15847,London,Islington,4141,26,2,Low,Snowy,6887
28/05/2024 21:25,13579,London,Camden,946,45,7,Low,Snowy,4055
23/02/2024 06:56,15842,London,Kensington,4348,94,9,High,Wet,5022
01/09/2024 06:17,14562,London,Southwark,4722,87,3,Medium,Dry,3811
04/07/2024 14:15,9924,London,Kensington,4661,90,9,High,Wet,1796
08/09/2024 11:20,15875,London,Chelsea,4719,91,3,High,Snowy,2753
24/02/2024 15:52,11303,London,Chelsea,1847,32,0,Low,Dry,6178
23/03/2024 07:09,15576,London,Chelsea,3022,56,2,Medium,Dry,6273
10/04/2024 10:16,16153,London,Islington,1288,84,3,Low,Snowy,1972
10/07/2024 09:22,11218,London,Kensington,1451,34,6,Medium,Damaged,2895
21/11/2024 23:19,12257,London,Islington,2396,89,1,High,Damaged,5828
14/11/2024 21:06,18892,London,Islington,3896,52,8,High,Dry,6616
29/04/2024 05:32,18314,London,Islington,3963,80,7,Low,Wet,4018
24/07/2024 15:38,9965,London,Islington,1061,23,6,Medium,Dry,3071
06/03/2024 09:13,13054,London,Islington,859,74,7,High,Dry,3128
20/10/2024 05:03,12273,London,Chelsea,1750,81,8,Low,Damaged,2808
21/05/2024 21:39,13010,London,Islington,3252,48,2,Low,Dry,7659
08/12/2024 20:12,16862,London,Islington,90,88,8,Low,Damaged,8343
16/07/2024 02:58,13517,London,Camden,3878,63,5,Medium,Dry,1008
19/10/2024 12:01,9442,London,Islington,486,92,6,Low,Damaged,1568
23/06/2024 08:41,12308,London,Southwark,986,35,1,High,Snowy,1558
13/11/2024 05:47,18320,London,Chelsea,839,83,0,Medium,Dry,7437
09/12/2024 15:44,13018,London,Chelsea,1200,16,6,High,Wet,6191
27/12/2024 16:25,12421,London,Southwark,2778,36,0,High,Dry,8827
11/12/2024 20:59,11393,London,Chelsea,98,78,1,Low,Dry,5909
08/12/2024 06:09,14392,London,Chelsea,3110,14,6,Medium,Wet,4438
26/02/2024 06:15,10046,London,Islington,3207,81,8,Low,Dry,5011
21/08/2024 09:36,15929,London,Southwark,3530,92,2,Low,Damaged,1019
25/02/2024 00:16,15835,London,Chelsea,3061,51,2,Low,Dry,1235
30/11/2024 11:17,14895,London,Camden,2803,75,7,Low,Dry,2868
06/11/2024 19:18,14852,London,Chelsea,2852,77,8,Medium,Snowy,5426
13/06/2024 07:30,13788,London,Southwark,417,26,2,High,Snowy,7570
25/10/2024 19:46,9621,London,Southwark,3697,21,0,High,Wet,7932
14/08/2024 16:37,19019,London,Camden,3219,27,2,Low,Damaged,9086
19/04/2024 08:58,17935,London,Chelsea,3086,90,9,High,Snowy,8800
11/02/2024 21:32,17036,London,Chelsea,3344,37,4,Low,Dry,4805
11/01/2024 15:26,17733,London,Camden,360,80,1,High,Damaged,4959
16/12/2024 12:40,18299,London,Camden,1639,61,4,Low,Dry,7665
24/05/2024 20:12,15264,London,Camden,1656,49,3,Low,Wet,8687
01/08/2024 17:25,10931,London,Kensington,3029,34,1,Low,Wet,9125
30/08/2024 13:30,12895,London,Southwark,2037,45,3,Low,Snowy,3211
30/01/2024 01:43,13701,London,Chelsea,4381,48,7,High,Damaged,426
25/09/2024 11:13,15262,London,Islington,4072,46,6,Medium,Damaged,1053
29/08/2024 07:13,13080,London,Islington,4247,68,4,Medium,Dry,5400
07/11/2024 21:41,18085,London,Southwark,3491,86,2,Low,Damaged,4224
16/10/2024 09:13,18747,London,Southwark,3234,52,4,High,Dry,971
17/10/2024 09:46,19447,London,Camden,3052,70,4,High,Dry,9235
20/10/2024 10:25,14777,London,Chelsea,4958,31,1,Medium,Dry,3585
01/05/2024 12:07,12625,London,Islington,1192,64,7,Low,Dry,1634
31/07/2024 00:22,12852,London,Kensington,83,32,0,Low,Damaged,5944
09/06/2024 10:40,9472,London,Chelsea,2540,47,8,Medium,Damaged,455
10/06/2024 11:49,17688,London,Chelsea,3801,62,0,Medium,Snowy,2925
11/07/2024 13:01,18594,London,Camden,600,83,7,High,Snowy,8287
02/07/2024 17:14,12585,London,Southwark,2236,65,4,High,Snowy,7151
30/08/2024 18:18,13697,London,Southwark,422,17,7,Low,Dry,5600
10/01/2024 00:26,15163,London,Islington,3632,66,9,High,Dry,602
09/04/2024 17:00,13320,London,Camden,2906,88,3,Low,Damaged,4067
08/06/2024 07:57,14534,London,Camden,4146,61,4,High,Damaged,871
13/08/2024 16:14,17346,London,Camden,2588,73,6,Low,Dry,1621
23/08/2024 21:35,16804,London,Camden,321,80,9,Low,Damaged,9839
06/04/2024 16:53,10447,London,Islington,3652,94,1,Low,Damaged,4613
20/04/2024 15:50,17504,London,Southwark,473,14,4,Low,Wet,5129
21/09/2024 21:42,15171,London,Islington,2874,86,5,Medium,Dry,9423
11/04/2024 07:09,18071,London,Kensington,942,51,1,Low,Snowy,6593
08/06/2024 03:56,14502,London,Kensington,1214,53,7,Medium,Dry,3926
22/08/2024 09:20,16933,London,Southwark,1177,57,5,Low,Snowy,7752
08/09/2024 22:28,12869,London,Chelsea,2057,24,9,Low,Damaged,5128
15/02/2024 14:50,16721,London,Camden,4203,37,9,Low,Damaged,8418
24/09/2024 21:33,12191,London,Islington,4281,86,1,Low,Damaged,7092
27/10/2024 09:21,11248,London,Islington,4688,69,7,Low,Snowy,8065
02/01/2024 03:10,19145,London,Kensington,4799,89,4,High,Dry,8985
21/10/2024 19:36,16589,London,Islington,2719,80,5,Low,Dry,7364
09/08/2024 17:51,13129,London,Southwark,591,47,9,Medium,Damaged,749
16/07/2024 21:46,11215,London,Southwark,708,26,3,Low,Damaged,8915
15/02/2024 18:05,17566,London,Chelsea,4474,77,8,Low,Damaged,5287
06/06/2024 22:46,12146,London,Chelsea,2641,86,6,Medium,Wet,6060
20/03/2024 23:38,11192,London,Islington,922,94,5,Medium,Snowy,5206
15/05/2024 14:01,19444,London,Southwark,4728,37,9,Low,Dry,7192
23/12/2024 06:45,18291,London,Chelsea,910,37,5,Medium,Damaged,4484
30/11/2024 13:16,13575,London,Islington,4847,94,8,Low,Snowy,1439
10/09/2024 09:16,17839,London,Kensington,1059,63,8,High,Dry,4863
16/02/2024 07:47,10138,London,Southwark,6,52,8,Medium,Damaged,9924
09/09/2024 08:37,11399,London,Chelsea,1081,29,4,Low,Dry,6437
15/11/2024 21:29,10931,London,Chelsea,3630,84,3,Low,Dry,4965
31/03/2024 20:39,16039,London,Camden,2357,25,4,High,Dry,256
30/11/2024 21:12,19130,London,Islington,566,15,0,High,Damaged,2121
29/03/2024 05:03,13538,London,Chelsea,2854,57,7,Low,Dry,5475
10/04/2024 13:03,11571,London,Camden,4326,45,8,Low,Damaged,4996
02/07/2024 12:22,9306,London,Camden,173,16,7,High,Snowy,3974
05/07/2024 13:13,13068,London,Chelsea,2971,57,0,High,Snowy,9647
03/03/2024 23:15,16115,London,Kensington,3097,34,1,Medium,Dry,976
23/05/2024 00:58,14583,London,Camden,1801,87,7,Low,Dry,4057
23/01/2024 07:15,11681,London,Southwark,388,23,1,Medium,Wet,7588
30/09/2024 11:50,11100,London,Southwark,3460,78,4,High,Dry,7292
03/04/2024 02:23,18775,London,Kensington,280,23,8,Low,Snowy,9331
23/08/2024 02:13,12078,London,Chelsea,2999,54,0,Low,Dry,8295
24/05/2024 14:36,18748,London,Kensington,1271,42,4,Low,Wet,2804
04/02/2024 02:00,11463,London,Islington,2915,89,3,Low,Damaged,5339
12/05/2024 09:22,12995,London,Southwark,950,58,8,High,Snowy,1594
09/04/2024 08:48,15869,London,Kensington,4266,37,0,Low,Wet,2109
07/05/2024 12:23,17893,London,Kensington,1107,72,6,Medium,Snowy,5531
25/12/2024 13:59,19812,London,Camden,1219,45,8,High,Dry,7581
11/05/2024 06:30,12763,London,Islington,4877,14,3,Low,Damaged,2386
16/02/2024 00:44,11348,London,Islington,1606,36,7,Low,Snowy,3701
09/05/2024 05:10,11376,London,Islington,1326,35,9,Low,Wet,2706
03/06/2024 23:19,11762,London,Kensington,505,89,5,Medium,Dry,8814
05/12/2024 02:45,9236,London,Islington,3976,69,4,Medium,Snowy,635
28/11/2024 18:30,13067,London,Southwark,4440,76,6,High,Dry,8469
16/03/2024 01:20,16133,London,Camden,3468,87,0,High,Snowy,7484
09/03/2024 07:05,16880,London,Chelsea,3780,10,2,Medium,Dry,1734
28/09/2024 23:14,15617,London,Kensington,4794,88,3,Low,Snowy,4335
17/10/2024 20:06,12492,London,Southwark,1589,75,1,Low,Dry,5819
03/04/2024 00:41,9554,London,Kensington,3173,21,5,High,Dry,9356
16/08/2024 00:41,11446,London,Kensington,28,72,9,High,Damaged,5013
22/03/2024 08:44,11748,London,Chelsea,1544,59,5,Medium,Damaged,1881
14/12/2024 12:18,12660,London,Islington,4976,27,7,Low,Dry,5176
21/05/2024 14:47,19796,London,Islington,4112,20,0,High,Dry,3668
12/05/2024 19:59,18097,London,Chelsea,3780,19,9,High,Snowy,5094
06/08/2024 01:11,17332,London,Islington,1381,37,6,High,Wet,4331
13/12/2024 06:02,12124,London,Islington,2333,72,0,Low,Dry,7646
26/07/2024 13:32,15460,London,Camden,3134,76,5,Low,Damaged,2711
04/08/2024 05:25,13975,London,Islington,580,90,7,Medium,Wet,3199
03/05/2024 19:21,18383,London,Kensington,2968,29,3,High,Dry,8315
13/01/2024 23:52,15475,London,Chelsea,4500,40,5,Low,Dry,309
02/09/2024 04:48,11375,London,Chelsea,2836,47,8,Low,Wet,1697
06/08/2024 23:56,12179,London,Islington,188,11,0,Low,Damaged,7038
24/10/2024 06:53,16960,London,Chelsea,3516,64,2,High,Wet,949
07/07/2024 23:47,14460,London,Islington,4632,-75,0,High,Dry,405
31/08/2024 03:26,14790,London,Islington,3419,76,1,Low,Dry,347
09/06/2024 14:57,10236,London,Islington,3210,88,2,Low,Snowy,2078
22/10/2024 23:24,17923,London,Islington,2942,73,1,Medium,Dry,9812
29/03/2024 19:45,18695,London,Chelsea,782,27,4,Medium,Wet,5361
27/08/2024 21:47,11538,London,Islington,3263,10,6,High,Dry,3772
04/12/2024 02:07,14910,London,Chelsea,105,16,0,Low,Wet,4182
07/07/2024 07:41,11770,London,Chelsea,231,59,4,High,Wet,1602
08/11/2024 20:56,14866,London,Chelsea,1228,46,6,Low,Dry,8182
09/07/2024 05:48,17705,London,Islington,231,40,6,Medium,Snowy,3925
10/06/2024 06:38,11729,London,Chelsea,176,16,6,Low,Damaged,6695
29/03/2024 11:12,11704,London,Camden,1865,87,9,High,Dry,8154
02/01/2024 13:46,17606,London,Southwark,491,61,1,Low,Snowy,5991
07/08/2024 15:41,19701,London,Islington,4026,46,6,Low,Damaged,325
16/09/2024 12:55,16318,London,Islington,2194,63,5,High,Dry,6162
09/08/2024 17:57,17295,London,Islington,3205,84,4,Medium,Wet,3430
01/01/2024 13:57,19258,London,Islington,3702,86,9,Medium,Snowy,4637
29/01/2024 04:27,13228,London,Camden,642,30,5,Medium,Wet,3311
25/05/2024 00:12,15983,London,Kensington,15,96,7,Medium,Wet,2889
20/02/2024 23:00,11200,London,Islington,78,68,1,Low,Snowy,5682
03/05/2024 02:12,15641,London,Camden,4224,43,1,Low,Snowy,4628
21/06/2024 07:14,10634,London,Kensington,67,38,9,High,Snowy,6967
24/10/2024 12:09,16291,London,Kensington,2672,84,2,High,Dry,1141
19/07/2024 19:47,9813,London,Kensington,2290,77,7,Low,Wet,1596
14/09/2024 13:09,10659,London,Islington,338,60,9,Medium,Snowy,254
01/09/2024 15:00,11793,London,Kensington,1584,99,6,Low,Wet,8705
24/12/2024 04:30,12101,London,Southwark,1836,84,7,Low,Damaged,779
07/07/2024 11:03,18131,London,Chelsea,1576,94,6,Medium,Wet,8109
29/01/2024 01:20,14945,London,Chelsea,1558,-99,5,High,Dry,5741
17/01/2024 13:58,9815,London,Kensington,2087,38,5,Low,Snowy,3399
27/02/2024 11:34,17151,London,Camden,347,69,9,Low,Dry,181
30/01/2024 02:58,16064,London,Islington,4589,50,5,Low,Dry,7475
14/05/2024 14:38,17619,London,Islington,4874,32,2,High,Wet,1721
04/12/2024 05:37,19014,London,Kensington,4419,90,3,High,Damaged,2326
15/12/2024 02:40,9737,London,Kensington,1754,20,1,Medium,Wet,2016
27/08/2024 02:08,9923,London,Islington,4263,61,4,Low,Wet,8032
25/09/2024 00:05,12723,London,Islington,3037,44,5,Low,Dry,4722
27/12/2024 16:10,11574,London,Kensington,4998,13,5,Low,Damaged,9876
12/07/2024 09:29,19992,London,Islington,3909,92,1,Low,Wet,5434
05/06/2024 15:07,19864,London,Islington,387,99,3,Medium,Snowy,9096
03/08/2024 21:37,11176,London,Southwark,704,29,2,High,Wet,8296
07/11/2024 17:20,12510,London,Chelsea,2295,55,3,Low,Dry,1994
26/12/2024 04:17,13591,London,Camden,3067,28,7,Medium,Dry,3524
09/09/2024 12:26,14520,London,Camden,3400,85,5,High,Dry,9781
11/09/2024 02:39,18978,London,Southwark,2126,54,3,High,Dry,4702
01/01/2024 06:27,15104,London,Kensington,3435,68,6,Low,Dry,9524
15/03/2024 06:27,10777,London,Southwark,4124,88,6,High,Dry,1108
01/01/2024 18:43,18009,London,Southwark,2095,14,3,Medium,Dry,8065
15/05/2024 00:32,11542,London,Islington,521,71,3,Low,Damaged,8189
18/06/2024 21:45,18199,London,Kensington,4005,70,4,Medium,Wet,8398
22/05/2024 10:16,11100,London,Islington,1283,79,0,Low,Dry,2147
22/12/2024 04:49,13281,London,Islington,1352,65,9,Low,Wet,3495
18/11/2024 16:14,9905,London,Islington,3484,88,0,Medium,Dry,1096
08/12/2024 02:06,19734,London,Southwark,4962,42,9,Medium,Snowy,4249
12/07/2024 00:28,14028,London,Islington,2758,38,4,High,Wet,4024
19/12/2024 01:37,16711,London,Camden,2648,51,3,High,Dry,2329
17/08/2024 04:09,19003,London,Islington,2418,42,0,Low,Dry,677
04/09/2024 04:22,17974,London,Chelsea,3670,99,3,Low,Snowy,5569
01/06/2024 11:08,12920,London,Islington,4191,45,1,High,Wet,8495
24/08/2024 13:45,19187,London,Kensington,2971,87,9,High,Damaged,6714
06/01/2024 00:17,10360,London,Kensington,1045,40,8,Low,Snowy,1664
02/08/2024 03:39,13919,London,Islington,2101,19,0,Low,Snowy,7731
23/02/2024 22:59,19692,London,Islington,654,24,9,Low,Snowy,5017
19/04/2024 21:56,16117,London,Islington,2581,76,8,Medium,Wet,7750
14/09/2024 10:48,14935,London,Chelsea,586,54,8,High,Dry,3114
16/07/2024 15:21,9676,London,Islington,2186,90,9,Medium,Dry,2105
27/10/2024 22:40,11003,London,Islington,1913,19,5,High,Dry,1216
13/08/2024 15:56,17857,London,Southwark,929,42,4,Low,Wet,5968
15/11/2024 11:25,19489,London,Kensington,517,41,2,Low,Dry,7302
01/08/2024 20:55,10909,London,Chelsea,2996,44,8,Medium,Dry,2580
09/07/2024 00:04,13311,London,Kensington,4959,69,7,Low,Dry,411
07/11/2024 08:49,17073,London,Islington,2963,30,0,Low,Dry,4790
14/05/2024 09:52,13270,London,Kensington,2806,90,2,Low,Dry,853
17/11/2024 03:33,16579,London,Camden,3445,78,3,Low,Snowy,854
29/10/2024 18:59,16527,London,Kensington,714,37,3,Low,Dry,7764
02/04/2024 01:35,17737,London,Chelsea,2606,80,7,Medium,Damaged,6610
12/12/2024 23:39,18521,London,Kensington,3969,25,1,Low,Damaged,1711
30/03/2024 13:58,18325,London,Kensington,1210,37,7,High,Damaged,3423
02/09/2024 23:13,14543,London,Islington,989,87,2,Low,Damaged,7983
24/12/2024 19:08,14568,London,Islington,4225,22,0,Medium,Dry,4087
02/01/2024 08:04,12224,London,Camden,120,89,1,Low,Snowy,9842
05/06/2024 05:06,16595,London,Camden,4436,74,4,High,Dry,2520
14/07/2024 23:32,13198,London,Chelsea,2731,56,1,Medium,Wet,825
30/10/2024 12:46,16481,London,Southwark,2500,55,5,Low,Dry,3982
14/12/2024 06:35,14427,London,Islington,2815,34,5,High,Damaged,8147
06/09/2024 11:48,13222,London,Islington,2096,16,6,Low,Wet,4354
11/02/2024 07:03,14563,London,Islington,4088,73,9,Low,Wet,9023
01/11/2024 09:56,12889,London,Kensington,4080,44,4,Low,Wet,5956
17/06/2024 20:57,16319,London,Camden,1324,83,0,Low,Wet,4410
21/06/2024 11:22,19507,London,Kensington,1175,95,8,Low,Dry,1514
28/08/2024 23:02,17855,London,Kensington,3274,73,7,High,Wet,2584
24/09/2024 14:01,15909,London,Islington,614,65,3,Low,Damaged,5207
10/08/2024 23:57,10114,London,Kensington,2084,93,4,Low,Dry,7008
04/07/2024 21:58,10692,London,Camden,277,80,9,Low,Wet,7449
22/05/2024 15:50,13164,London,Islington,3328,71,3,High,Snowy,5175
19/06/2024 10:29,9937,London,Southwark,4644,56,4,Low,Wet,9460
10/05/2024 02:56,18794,London,Kensington,3642,23,3,High,Snowy,3413
11/03/2024 09:09,10100,London,Islington,2360,51,1,Low,Dry,6767
19/06/2024 15:06,11395,London,Islington,1384,62,7,High,Wet,6886
10/05/2024 08:24,15070,London,Chelsea,2576,47,6,Low,Snowy,8486
06/10/2024 20:47,18598,London,Camden,2797,74,3,Low,Damaged,3909
11/07/2024 06:10,16058,London,Islington,3730,87,0,High,Damaged,1754
08/03/2024 11:45,17272,London,Chelsea,1581,96,2,Low,Wet,4161
21/10/2024 11:05,13916,London,Islington,2538,58,9,High,Snowy,8167
15/12/2024 12:49,18490,London,Kensington,2704,11,4,Low,Damaged,9349
06/11/2024 07:33,15419,London,Islington,1139,80,8,Low,Dry,7291
13/03/2024 10:44,14899,London,Kensington,2314,82,6,Low,Wet,1762
22/03/2024 16:55,11685,London,Islington,3077,79,5,Low,Dry,5570
04/11/2024 20:02,12651,London,Camden,1174,99,9,Medium,Wet,1810
07/07/2024 13:53,10194,London,Islington,4061,65,5,High,Snowy,9025
06/07/2024 00:56,9858,London,Southwark,4728,44,0,Medium,Damaged,8444
14/11/2024 17:17,9946,London,Islington,552,53,4,Low,Dry,4838
24/01/2024 23:42,17650,London,Islington,4872,35,2,Medium,Wet,9464
05/06/2024 22:16,12967,London,Islington,3822,87,2,Medium,Dry,9617
10/03/2024 08:23,11205,London,Islington,4267,37,7,Low,Wet,7442
23/09/2024 13:14,18525,London,Southwark,2925,37,3,Low,Damaged,6924
26/06/2024 05:33,13446,London,Southwark,4729,57,1,Low,Damaged,789
31/01/2024 11:10,16459,London,Islington,2467,12,3,Medium,Damaged,7080
26/01/2024 13:49,17000,London,Islington,2756,46,2,Medium,Dry,3213
20/10/2024 12:00,11510,London,Islington,1849,29,2,Low,Dry,4245
04/04/2024 04:57,13728,London,Islington,1032,47,8,Low,Dry,2403
29/10/2024 06:22,13593,London,Kensington,4809,98,1,High,Wet,3574
08/11/2024 12:21,11456,London,Islington,2913,51,1,Medium,Damaged,4300
29/10/2024 10:03,13254,London,Islington,1194,52,5,Medium,Wet,3861
08/09/2024 22:04,13415,London,Chelsea,1152,80,7,High,Damaged,1760
20/01/2024 04:48,15316,London,Camden,2320,18,8,High,Wet,4453
08/03/2024 22:21,10166,London,Islington,2326,99,4,Low,Dry,3656
26/05/2024 23:21,16071,London,Southwark,4743,75,6,High,Dry,3680
30/03/2024 21:20,18180,London,Islington,490,41,1,Medium,Dry,7027
10/10/2024 22:12,18923,London,Islington,379,27,2,High,Dry,353
19/12/2024 07:48,16484,London,Camden,1121,91,4,High,Wet,2991
19/08/2024 10:26,17921,London,Chelsea,4264,78,5,Low,Damaged,8314
28/08/2024 14:18,19565,London,Southwark,2719,91,2,High,Wet,4369
15/12/2024 05:19,18308,London,Kensington,3134,78,8,High,Dry,572
05/04/2024 23:54,17049,London,Islington,3346,48,1,Low,Wet,7775
24/08/2024 21:22,17661,London,Islington,2165,26,7,High,Dry,7309
29/10/2024 03:50,19223,London,Southwark,3454,44,0,Low,Snowy,6902
10/12/2024 22:12,18382,London,Islington,3853,32,1,Low,Snowy,9451
25/03/2024 07:42,12731,London,Islington,1369,75,8,Medium,Dry,1547
11/11/2024 17:44,13023,London,Islington,2026,14,4,Low,Snowy,987
29/02/2024 12:00,12685,London,Chelsea,4332,97,3,Low,Dry,6500
19/05/2024 20:18,16174,London,Camden,1487,28,2,Medium,Snowy,1424
04/06/2024 01:19,16387,London,Islington,616,13,1,Medium,Dry,3584
21/09/2024 08:06,17404,London,Islington,4095,11,9,Medium,Damaged,9293
14/11/2024 07:26,14923,London,Southwark,4463,65,1,Low,Dry,6981
21/10/2024 22:24,11188,London,Kensington,2915,19,3,Medium,Wet,2178
10/01/2024 02:39,15279,London,Islington,2802,12,7,Low,Damaged,1048
12/08/2024 09:45,16492,London,Chelsea,3385,37,0,High,Dry,7669
10/03/2024 15:07,18966,London,Islington,4854,65,2,High,Damaged,9487
20/11/2024 06:53,17574,London,Camden,4370,57,8,High,Damaged,8866
05/08/2024 08:24,14207,London,Southwark,4213,51,4,Low,Damaged,4187
03/02/2024 17:37,14803,London,Islington,1750,71,7,Low,Damaged,9873
04/03/2024 11:28,11791,London,Southwark,3581,36,1,Medium,Damaged,6498
31/07/2024 14:29,10387,London,Kensington,32,51,1,High,Dry,3203
17/08/2024 10:45,11909,London,Islington,3863,16,3,Low,Dry,6814
06/02/2024 03:56,12238,London,Kensington,1567,56,2,Low,Snowy,686
03/09/2024 15:23,11684,London,Camden,1978,65,6,Medium,Damaged,9618
14/11/2024 16:58,10054,London,Chelsea,983,96,5,High,Damaged,4858
02/01/2024 19:03,9919,London,Camden,1994,63,6,High,Snowy,6988
29/08/2024 22:23,19963,London,Chelsea,3607,74,4,Low,Dry,4495
11/12/2024 13:47,10799,London,Kensington,1940,51,3,Low,Damaged,8386
07/03/2024 00:34,12433,London,Islington,763,64,8,High,Dry,596
16/04/2024 17:12,15441,London,Kensington,1586,85,0,Low,Wet,6470
05/06/2024 16:37,18288,London,Southwark,4680,19,5,High,Dry,309
13/04/2024 18:30,10588,London,Kensington,2400,34,2,Medium,Dry,3594
18/08/2024 23:08,18711,London,Islington,1809,37,0,Low,Damaged,6350
03/11/2024 03:51,16754,London,Chelsea,3566,62,1,High,Damaged,5345
09/06/2024 19:21,18671,London,Islington,2418,57,4,Medium,Damaged,6414
15/12/2024 17:10,15507,London,Camden,2269,62,5,High,Dry,6466
01/06/2024 09:48,15237,London,Islington,303,93,5,Low,Damaged,106
20/10/2024 19:20,15906,London,Chelsea,3034,42,0,Low,Dry,7624
14/02/2024 21:21,10155,London,Islington,2553,32,7,Low,Dry,7268
31/03/2024 19:23,16636,London,Islington,3318,41,9,Low,Damaged,5368
17/03/2024 10:29,15218,London,Camden,1851,10,2,Low,Wet,1076
04/04/2024 15:17,16534,London,Islington,369,67,2,Medium,Wet,4309
27/11/2024 06:14,12255,London,Kensington,2438,83,5,Medium,Wet,1579
10/09/2024 06:56,12549,London,Southwark,2211,83,8,Low,Dry,7322
16/04/2024 06:34,11553,London,Islington,3990,17,5,Low,Damaged,3495
26/01/2024 19:38,9077,London,Chelsea,2068,84,9,Low,Damaged,9294
16/10/2024 15:52,10818,London,Chelsea,1346,90,0,Medium,Wet,8218
11/08/2024 12:55,15602,London,Islington,32,90,8,Medium,Wet,305
21/04/2024 23:34,15306,London,Islington,2681,29,0,High,Dry,933
28/07/2024 22:50,11730,London,Southwark,3693,30,2,Low,Dry,3903
23/12/2024 03:57,16590,London,Islington,1957,40,8,Low,Wet,5937
19/03/2024 07:49,11554,London,Islington,3259,93,3,Medium,Damaged,5374
03/09/2024 16:55,18741,London,Islington,3629,17,6,Medium,Snowy,7228
04/05/2024 13:42,19935,London,Islington,3462,55,8,Low,Dry,8697
13/01/2024 21:16,15650,London,Camden,2679,59,5,Low,Snowy,4584
14/06/2024 06:41,19261,London,Islington,397,24,1,High,Dry,2188
05/03/2024 11:21,16485,London,Islington,4768,66,0,High,Dry,7734
17/11/2024 01:16,14513,London,Kensington,557,20,7,Medium,Wet,5706
10/03/2024 17:07,9191,London,Chelsea,3851,58,2,Medium,Dry,9688
11/07/2024 17:42,10608,London,Southwark,1874,15,6,Low,Damaged,4517
27/08/2024 21:53,12896,London,Kensington,3338,16,5,Low,Damaged,4402
24/09/2024 12:46,11899,London,Islington,196,87,8,Low,Snowy,2733
30/05/2024 20:11,12130,London,Islington,2720,30,6,High,Snowy,6362
24/08/2024 23:23,10286,London,Islington,361,94,5,High,Damaged,5096
12/11/2024 23:12,17723,London,Islington,3827,92,1,Low,Dry,2404
23/09/2024 14:40,14556,London,Chelsea,2586,24,8,High,Dry,9947
26/12/2024 13:56,13010,London,Islington,1909,50,5,Low,Dry,2054
23/12/2024 00:05,9364,London,Islington,2833,20,7,Low,Dry,368
19/03/2024 12:52,12683,London,Southwark,2251,90,4,Medium,Dry,4893
15/01/2024 12:59,9840,London,Southwark,3918,42,0,Low,Dry,3656
25/07/2024 12:54,14465,London,Kensington,2597,11,7,Low,Dry,2248
02/12/2024 18:58,13285,London,Southwark,2009,76,5,Low,Dry,3360
08/01/2024 05:50,12077,London,Islington,3050,46,0,High,Dry,5792
06/09/2024 20:00,9084,London,Kensington,3255,60,3,Low,Snowy,509
09/03/2024 23:51,11937,London,Kensington,3507,80,8,Low,Wet,1840
18/05/2024 03:35,12995,London,Islington,4186,97,4,Low,Snowy,1581
28/03/2024 20:35,17926,London,Southwark,426,64,6,High,Damaged,1258
13/04/2024 13:11,11655,London,Kensington,4543,94,0,Medium,Dry,2774
17/11/2024 20:14,17334,London,Islington,4251,17,0,Medium,Damaged,4747
27/07/2024 09:05,16056,London,Kensington,2469,47,7,Low,Dry,7734
26/09/2024 10:50,13029,London,Southwark,920,92,6,Low,Dry,6495
18/01/2024 17:36,19754,London,Southwark,2019,77,0,Low,Dry,4180
26/12/2024 11:58,16335,London,Kensington,2905,16,1,High,Damaged,3801
30/06/2024 00:01,19465,London,Kensington,3293,55,7,High,Damaged,2723
10/09/2024 20:50,13666,London,Camden,3066,17,9,Low,Dry,5208
28/03/2024 21:02,12830,London,Kensington,2927,57,0,High,Snowy,5193
21/10/2024 13:32,15358,London,Southwark,541,44,8,Medium,Dry,8362
14/08/2024 05:36,10253,London,Southwark,2140,93,8,Low,Damaged,6983
02/09/2024 02:40,16083,London,Islington,851,20,2,Medium,Snowy,2377
08/06/2024 10:20,9190,London,Southwark,2108,38,9,Low,Damaged,9578
11/02/2024 06:08,17608,London,Chelsea,1864,-48,0,Low,Dry,3948
31/01/2024 15:25,15925,London,Kensington,2047,77,2,Low,Wet,7797
11/07/2024 12:06,18752,London,Islington,2552,43,7,Medium,Snowy,9125
29/02/2024 16:54,10514,London,Kensington,537,81,9,High,Dry,2687
24/09/2024 21:53,11835,London,Southwark,1277,96,2,Low,Wet,3544
22/10/2024 16:36,9687,London,Southwark,1947,31,7,Low,Snowy,5962
23/09/2024 07:03,19936,London,Islington,1195,98,7,High,Wet,9765
20/10/2024 05:19,16176,London,Islington,330,-67,0,Medium,Dry,9146
02/03/2024 23:06,14806,London,Islington,2995,11,3,Medium,Dry,8196
19/11/2024 20:00,11557,London,Islington,1459,14,0,High,Dry,956
15/12/2024 00:09,11979,London,Islington,103,45,9,High,Dry,3756
04/12/2024 12:37,10438,London,Southwark,637,48,1,High,Dry,6271
24/02/2024 09:21,15682,London,Camden,2,80,0,High,Snowy,861
25/03/2024 14:27,9571,London,Chelsea,1326,93,9,Medium,Wet,7662
21/06/2024 18:41,10385,London,Kensington,3297,14,9,Low,Damaged,847
03/05/2024 14:17,17430,London,Islington,2984,14,0,Low,Dry,3579
07/12/2024 04:27,13340,London,Camden,4127,71,3,Low,Dry,3385
26/05/2024 12:50,9938,London,Southwark,3425,87,5,Low,Dry,3765
28/09/2024 08:10,9943,London,Camden,1891,65,2,Low,Dry,7379
23/02/2024 00:41,9903,London,Camden,208,22,3,Medium,Wet,1060
11/04/2024 18:06,14226,London,Camden,2099,23,5,Medium,Dry,3669
16/01/2024 06:37,16519,London,Chelsea,338,36,0,Low,Dry,1522
27/11/2024 17:49,15964,London,Chelsea,4258,31,5,Low,Damaged,1953
15/10/2024 09:32,14345,London,Chelsea,1488,69,3,Low,Wet,8852
02/03/2024 18:50,14517,London,Islington,1722,15,5,High,Damaged,1022
12/12/2024 00:38,18781,London,Islington,1084,16,0,Low,Snowy,3214
01/07/2024 10:25,12871,London,Islington,1781,85,0,High,Damaged,8751
23/02/2024 16:47,15198,London,Islington,3080,17,7,High,Damaged,5348
07/03/2024 02:37,12432,London,Southwark,3836,44,6,Medium,Wet,1354
24/05/2024 22:36,13332,London,Kensington,4603,56,6,Low,Dry,7464
06/06/2024 15:47,18909,London,Islington,1709,15,1,Low,Wet,2188
11/09/2024 02:43,18417,London,Southwark,1970,91,1,Medium,Snowy,6381
23/11/2024 10:24,11534,London,Islington,3483,47,1,Medium,Dry,9381
30/05/2024 19:51,14610,London,Southwark,2120,97,5,Low,Dry,3566
02/04/2024 06:11,9997,London,Islington,4479,36,3,Medium,Dry,7885
02/11/2024 12:43,10400,London,Islington,50,38,1,Medium,Dry,4136
05/11/2024 10:04,12095,London,Chelsea,4206,74,4,Low,Dry,7721
11/02/2024 19:24,17349,London,Islington,1112,31,1,Low,Snowy,5538
10/08/2024 11:16,19341,London,Camden,59,57,5,Low,Snowy,8216
01/12/2024 04:09,19904,London,Chelsea,1572,17,0,Low,Dry,728
04/11/2024 05:26,16350,London,Southwark,2321,87,8,Low,Damaged,9078
01/09/2024 11:01,16509,London,Kensington,1560,79,4,Medium,Wet,1658
01/05/2024 14:19,9533,London,Islington,2821,35,4,Low,Dry,7158
01/01/2024 19:28,16740,London,Islington,4588,79,6,Medium,Wet,3246
23/08/2024 06:48,9254,London,Islington,2295,74,2,Low,Snowy,5838
12/01/2024 11:11,17109,London,Kensington,1764,24,0,High,Damaged,3717
26/07/2024 00:28,10173,London,Chelsea,1626,62,2,Low,Wet,8387
29/03/2024 07:42,17560,London,Islington,1594,84,9,Low,Wet,6496
16/09/2024 06:16,13423,London,Kensington,1871,19,5,Low,Snowy,6367
12/05/2024 04:48,13251,London,Southwark,1638,96,1,High,Snowy,8453
07/01/2024 08:47,9925,London,Islington,3596,84,0,Low,Snowy,626
23/10/2024 03:56,18670,London,Chelsea,4666,51,5,High,Dry,899
01/09/2024 12:48,11078,London,Chelsea,3854,88,5,High,Dry,3256
13/12/2024 04:38,14835,London,Chelsea,3484,69,2,Low,Wet,9524
19/01/2024 16:54,19216,London,Camden,962,58,0,High,Snowy,151
16/04/2024 01:06,15925,London,Islington,1217,35,5,Medium,Damaged,3255
11/02/2024 21:16,10357,London,Islington,4138,36,6,High,Wet,7209
16/06/2024 00:11,10445,London,Islington,2992,74,4,High,Wet,5920
04/10/2024 16:22,15598,London,Kensington,1207,17,7,Medium,Dry,8384
19/05/2024 12:47,19924,London,Camden,2364,61,1,Low,Damaged,8561
07/12/2024 21:03,17259,London,Islington,2675,41,1,Low,Wet,2646
15/07/2024 10:25,14985,London,Camden,529,54,7,Medium,Dry,692
26/06/2024 23:45,18280,London,Islington,2472,23,1,Low,Damaged,3105
27/08/2024 01:17,11037,London,Camden,3251,37,1,High,Dry,2422
08/08/2024 17:44,11522,London,Islington,1138,76,0,Low,Dry,115
26/07/2024 12:58,18621,London,Islington,419,25,7,Medium,Snowy,1434
02/07/2024 13:01,9729,London,Islington,2792,29,9,High,Wet,2520
31/08/2024 08:35,14927,London,Camden,3632,85,8,Medium,Dry,919
13/02/2024 19:39,10358,London,Islington,1071,98,2,Low,Dry,854
23/01/2024 23:38,19596,London,Camden,984,18,4,Low,Wet,620
18/07/2024 00:07,12010,London,Chelsea,4900,11,9,Medium,Snowy,9705
02/02/2024 05:45,15274,London,Camden,3181,48,8,Low,Dry,3614
17/06/2024 15:11,17996,London,Kensington,2443,-76,9,High,Wet,1613
08/04/2024 06:27,17799,London,Islington,4811,55,8,High,Snowy,7060
23/02/2024 06:48,18799,London,Southwark,3423,98,9,Low,Dry,7341
19/10/2024 13:03,12030,London,Islington,4195,21,3,Low,Dry,7080
28/05/2024 21:47,9917,London,Islington,2247,94,9,Low,Dry,2237
26/10/2024 03:48,10799,London,Kensington,1936,62,7,Low,Dry,5625
06/11/2024 22:13,14418,London,Chelsea,437,56,9,Low,Damaged,7131
20/04/2024 00:15,14620,London,Camden,3210,99,4,Low,Damaged,5320
02/04/2024 15:36,18379,London,Islington,262,13,9,Medium,Wet,1382
20/02/2024 12:33,12281,London,Islington,945,68,3,Low,Wet,3957
20/01/2024 10:11,12701,London,Kensington,2246,91,4,Low,Dry,3792
11/10/2024 22:52,16145,London,Camden,3191,96,5,Low,Snowy,9762
04/07/2024 19:12,17741,London,Islington,2415,90,9,Medium,Dry,9363
07/01/2024 08:22,14838,London,Chelsea,4557,93,8,Low,Dry,5427
12/01/2024 11:59,18932,London,Camden,3084,32,0,High,Damaged,7465
06/11/2024 07:29,15499,London,Islington,2572,-79,1,High,Wet,1798
23/05/2024 13:34,13506,London,Chelsea,4591,10,8,Low,Dry,2937
13/05/2024 00:51,9332,London,Islington,867,19,9,High,Snowy,289
20/03/2024 11:21,18853,London,Kensington,1344,57,1,High,Damaged,5009
25/12/2024 07:56,10263,London,Chelsea,3921,85,0,Low,Damaged,6237
15/12/2024 00:58,17109,London,Camden,74,15,2,Medium,Dry,789
18/10/2024 14:47,11946,London,Southwark,2151,10,1,Medium,Wet,7868
27/10/2024 23:36,13239,London,Camden,1097,81,6,High,Snowy,8936
12/05/2024 01:48,9424,London,Camden,3056,92,5,Low,Dry,3484
15/06/2024 08:21,12368,London,Kensington,3693,66,4,High,Wet,5924
14/11/2024 05:43,14033,London,Chelsea,1018,73,8,Low,Wet,4830
08/05/2024 00:52,17834,London,Southwark,3421,65,8,High,Dry,1963
04/02/2024 20:13,11501,London,Kensington,4388,83,5,High,Dry,3155
14/08/2024 22:16,16089,London,Islington,2584,95,4,Low,Wet,5244
19/03/2024 05:23,18303,London,Islington,2778,22,6,Low,Damaged,9674
14/05/2024 02:27,9468,London,Southwark,2936,29,2,Low,Damaged,551
28/07/2024 20:13,15762,London,Kensington,3371,42,5,Low,Snowy,3651
29/10/2024 03:15,14750,London,Islington,3480,27,2,Low,Dry,4974
19/08/2024 12:54,9696,London,Chelsea,3945,86,1,Low,Wet,8546
13/12/2024 23:22,11687,London,Camden,3902,82,9,Medium,Dry,7981
13/02/2024 18:45,17997,London,Camden,4939,24,5,High,Damaged,8286
15/06/2024 03:02,15373,London,Islington,4571,45,7,High,Dry,7349
19/04/2024 00:54,12033,London,Chelsea,878,76,3,Low,Wet,8465
21/10/2024 06:19,19396,London,Islington,1751,62,7,Low,Snowy,8909
27/01/2024 23:49,19622,London,Camden,2138,47,2,High,Snowy,698
06/08/2024 23:47,18900,London,Chelsea,2933,64,3,Medium,Damaged,1460
09/08/2024 16:51,15291,London,Camden,826,44,7,Low,Damaged,3522
25/05/2024 06:54,14778,London,Islington,3403,22,8,Low,Snowy,3157
27/09/2024 07:50,10957,London,Southwark,4408,29,6,Low,Snowy,6556
15/09/2024 18:46,11761,London,Islington,3056,77,1,Medium,Wet,6453
13/11/2024 11:30,14678,London,Southwark,76,73,4,Medium,Snowy,9832
07/12/2024 05:15,15831,London,Kensington,485,18,0,Low,Snowy,5404
23/05/2024 08:20,16277,London,Islington,310,70,2,Medium,Damaged,6078
27/07/2024 06:01,18266,London,Camden,1726,28,4,Medium,Wet,3166
19/06/2024 13:37,9798,London,Chelsea,3063,76,3,Low,Damaged,4208
02/09/2024 07:32,11290,London,Kensington,1182,94,5,High,Dry,1542
14/09/2024 01:26,17212,London,Camden,3694,34,6,Low,Snowy,8798
22/07/2024 07:57,11362,London,Southwark,3328,20,2,High,Damaged,4591
08/03/2024 10:17,15228,London,Camden,443,28,3,Low,Dry,4139
18/05/2024 04:02,9979,London,Kensington,465,69,5,Low,Damaged,4641
15/09/2024 16:03,9024,London,Kensington,3134,19,7,Low,Snowy,6374
14/08/2024 15:38,12942,London,Camden,2204,71,1,High,Dry,7655
25/04/2024 16:18,19841,London,Islington,3818,89,3,Low,Dry,6366
12/10/2024 07:43,12106,London,Islington,4343,72,8,Low,Snowy,4885
01/07/2024 12:04,9094,London,Camden,3822,25,1,Low,Damaged,5979
22/04/2024 07:59,14285,London,Kensington,3329,99,1,Medium,Dry,5305
10/02/2024 06:33,12897,London,Camden,4631,73,0,Low,Snowy,8652
14/03/2024 18:47,11042,London,Islington,3148,92,8,High,Damaged,5994
27/05/2024 10:35,14090,London,Chelsea,849,50,3,High,Snowy,7204
09/08/2024 13:24,9499,London,Kensington,2201,13,2,Medium,Dry,7471
13/11/2024 01:58,12801,London,Kensington,1680,78,4,High,Snowy,5538
02/12/2024 17:51,16490,London,Islington,1949,89,2,Low,Snowy,6472
17/11/2024 11:35,11885,London,Kensington,4237,45,5,High,Wet,9065
15/03/2024 05:38,18679,London,Chelsea,3238,43,7,High,Snowy,3781
06/07/2024 21:38,10271,London,Kensington,3292,29,7,High,Dry,5932
01/10/2024 05:27,13980,London,Chelsea,1681,89,5,Low,Dry,5550
03/02/2024 09:10,17833,London,Islington,610,27,1,Medium,Wet,4375
29/11/2024 18:29,12997,London,Southwark,319,19,8,Medium,Snowy,7937
26/06/2024 17:43,14179,London,Islington,2816,46,5,Low,Snowy,272
22/04/2024 06:52,11636,London,Kensington,869,32,3,Low,Wet,1419
12/12/2024 20:51,16186,London,Kensington,1449,35,3,Medium,Dry,6189
27/06/2024 18:19,10540,London,Kensington,3739,38,4,Low,Wet,4669
01/04/2024 21:35,14486,London,Kensington,304,89,1,Low,Dry,8018
02/04/2024 04:57,15787,London,Camden,1238,99,7,Low,Snowy,5702
22/05/2024 08:58,10547,London,Camden,2909,23,3,Low,Wet,9377
21/04/2024 06:33,18717,London,Camden,284,66,4,Low,Dry,528
01/07/2024 05:06,18279,London,Southwark,836,41,9,Low,Dry,3985
04/02/2024 09:16,10843,London,Camden,192,15,8,Low,Dry,3608
03/11/2024 07:13,14337,London,Islington,464,18,8,Medium,Dry,170
13/08/2024 19:00,11622,London,Islington,2255,47,1,Medium,Snowy,5715
21/02/2024 00:20,17735,London,Islington,1838,35,6,Medium,Wet,5890
15/01/2024 06:41,14597,London,Southwark,178,23,8,High,Snowy,2079
24/05/2024 22:23,9641,London,Islington,747,46,6,Medium,Dry,141
03/09/2024 00:03,17176,London,Chelsea,2491,91,4,Low,Dry,9731
25/11/2024 07:53,9000,London,Chelsea,397,59,3,Low,Wet,7204
09/07/2024 00:16,12994,London,Camden,4607,-92,7,Medium,Dry,1076
26/04/2024 12:23,18707,London,Southwark,4665,-78,0,High,Dry,5942
16/09/2024 17:31,14419,London,Kensington,4806,57,1,Medium,Dry,9603
10/01/2024 16:50,16416,London,Camden,1310,70,6,Low,Snowy,7428
26/05/2024 23:51,12571,London,Islington,87,18,7,Medium,Snowy,2291
22/05/2024 10:47,18550,London,Kensington,2728,62,3,Low,Wet,8303
21/04/2024 12:01,14168,London,Kensington,4503,97,5,Low,Wet,2882
29/08/2024 20:25,11401,London,Islington,1893,11,9,Low,Dry,6890
04/06/2024 17:16,9966,London,Chelsea,4999,48,4,Medium,Dry,3427
17/05/2024 19:43,9897,London,Islington,2482,25,1,High,Damaged,3589
17/08/2024 06:07,9393,London,Camden,372,92,2,Low,Dry,4249
16/02/2024 18:42,14621,London,Islington,1066,71,8,Low,Snowy,7414
12/01/2024 05:11,12899,London,Kensington,1397,70,5,High,Snowy,4939
11/07/2024 22:57,17057,London,Islington,3442,15,3,High,Dry,2420
29/12/2024 09:42,12484,London,Camden,2168,77,5,Medium,Damaged,9997
14/03/2024 23:23,14444,London,Southwark,266,40,6,Medium,Snowy,8393
07/08/2024 20:33,14121,London,Southwark,4009,24,1,Low,Dry,5630
19/09/2024 03:57,16719,London,Chelsea,4290,86,6,Low,Snowy,4590
19/09/2024 17:34,19281,London,Kensington,1950,91,5,Low,Snowy,588
20/04/2024 10:17,19002,London,Southwark,2019,12,5,Low,Wet,9953
01/09/2024 09:17,14260,London,Chelsea,3340,52,6,Low,Snowy,8716
14/01/2024 08:41,13603,London,Southwark,1178,70,6,Low,Wet,5789
04/07/2024 11:31,12924,London,Southwark,2106,33,5,High,Wet,6857
11/03/2024 02:54,18078,London,Chelsea,1200,98,3,High,Dry,2025
17/09/2024 05:41,16134,London,Chelsea,2973,31,1,Low,Dry,3499
25/10/2024 07:33,10264,London,Islington,1778,24,5,Low,Dry,3418
26/06/2024 13:07,12031,London,Islington,3368,84,9,High,Wet,8229
30/05/2024 20:38,10018,London,Southwark,446,37,2,High,Snowy,483
24/02/2024 08:59,12822,London,Islington,416,48,9,Low,Wet,1153
18/12/2024 18:06,11984,London,Kensington,4807,98,0,High,Snowy,9334
22/11/2024 10:30,19119,London,Chelsea,2607,61,3,High,Dry,3683
25/06/2024 09:26,19021,London,Islington,2554,63,4,High,Dry,4500
14/08/2024 14:43,9077,London,Chelsea,1739,44,6,Low,Snowy,6547
12/08/2024 23:43,15629,London,Kensington,2464,34,9,High,Wet,4719
12/10/2024 06:16,10325,London,Kensington,18,83,6,Medium,Snowy,3082
24/05/2024 17:45,9944,London,Islington,766,68,4,Low,Dry,2977
03/07/2024 10:18,11272,London,Southwark,3058,62,4,High,Wet,8940
16/04/2024 15:03,19726,London,Islington,3145,65,2,Medium,Wet,571
23/09/2024 10:12,10768,London,Kensington,1644,66,5,Low,Dry,4247
21/12/2024 14:50,18186,London,Islington,4298,85,8,Low,Snowy,1815
18/11/2024 11:25,17323,London,Islington,1855,28,7,Medium,Wet,7443
13/06/2024 01:14,17713,London,Southwark,2458,97,0,High,Damaged,5107
11/01/2024 17:56,11463,London,Chelsea,938,34,0,Low,Damaged,1164
30/04/2024 00:52,10588,London,Islington,3179,77,8,Low,Snowy,5949
29/07/2024 21:07,12077,London,Southwark,1315,48,3,Medium,Snowy,2812
03/05/2024 00:21,16647,London,Islington,1391,87,7,Low,Snowy,5238
28/11/2024 04:01,15757,London,Southwark,807,75,8,Low,Dry,4644
05/12/2024 08:54,9021,London,Chelsea,4162,47,4,Medium,Dry,9916
26/05/2024 17:07,18568,London,Southwark,408,99,6,Medium,Dry,9362
05/12/2024 18:36,11651,London,Chelsea,4884,46,0,High,Dry,8888
16/10/2024 00:49,17207,London,Chelsea,1512,10,5,Low,Dry,9757
08/02/2024 01:10,14527,London,Camden,3517,27,2,Medium,Dry,4253
07/05/2024 14:44,11608,London,Islington,2922,45,0,Low,Dry,5699
03/01/2024 00:52,17245,London,Southwark,4995,83,3,Medium,Dry,3778
09/12/2024 10:34,17628,London,Camden,4150,76,0,Medium,Dry,9768
25/09/2024 00:12,19508,London,Islington,3969,79,2,Low,Dry,3726
10/08/2024 04:56,14609,London,Islington,2405,25,9,Low,Dry,5128
22/04/2024 06:47,19282,London,Chelsea,2608,-57,9,Low,Snowy,2395
22/04/2024 23:07,13741,London,Islington,1291,87,7,High,Wet,6536
29/04/2024 16:13,9054,London,Islington,201,79,3,Low,Wet,7243
01/06/2024 14:47,19891,London,Chelsea,2979,80,6,High,Damaged,1927
16/03/2024 17:35,16578,London,Islington,1401,49,8,Medium,Snowy,3825
20/01/2024 14:52,12456,London,Southwark,4650,90,3,Medium,Wet,1288
25/12/2024 18:11,18038,London,Southwark,1646,86,1,Low,Wet,7937
20/06/2024 00:17,10581,London,Islington,1440,86,3,Low,Dry,8254
23/09/2024 01:35,10020,London,Chelsea,343,65,7,Medium,Damaged,5599
11/04/2024 11:35,19777,London,Islington,3065,45,5,Low,Wet,8164
23/05/2024 07:48,15392,London,Chelsea,504,25,8,Medium,Damaged,1737
07/06/2024 15:50,14479,London,Southwark,3099,62,2,Medium,Dry,1930
25/08/2024 10:42,19324,London,Southwark,3285,70,0,Low,Dry,1637
01/07/2024 16:20,14593,London,Camden,2688,31,4,Medium,Wet,920
29/03/2024 22:59,14264,London,Chelsea,3926,84,6,Medium,Damaged,3759
30/12/2024 13:53,11957,London,Islington,380,42,8,High,Wet,742
23/06/2024 13:32,12424,London,Islington,3808,96,1,High,Dry,2810
07/05/2024 04:25,10862,London,Islington,3898,42,7,Low,Dry,5383
20/02/2024 03:09,18166,London,Islington,2693,16,8,Low,Wet,892
11/07/2024 12:20,19645,London,Southwark,3862,20,2,Medium,Wet,6576
10/03/2024 06:56,18183,London,Islington,2355,34,5,Medium,Dry,8096
03/07/2024 17:53,15362,London,Islington,1970,13,1,Low,Snowy,6644
04/06/2024 14:09,10617,London,Kensington,2451,10,1,Low,Dry,745
14/11/2024 08:43,17327,London,Southwark,1902,36,2,Medium,Damaged,9840
26/10/2024 21:34,15678,London,Islington,443,50,1,Low,Snowy,3108
04/12/2024 09:28,11913,London,Islington,2185,81,6,Low,Dry,5799
09/04/2024 15:10,18519,London,Camden,1617,38,1,High,Dry,8452
07/05/2024 18:45,18643,London,Southwark,3903,73,9,Low,Dry,3940
19/09/2024 18:35,18709,London,Kensington,2569,62,5,Low,Dry,5371
05/05/2024 02:46,16703,London,Southwark,1288,31,7,High,Damaged,4992
07/07/2024 10:04,17429,London,Kensington,4337,26,6,Low,Wet,2040
07/02/2024 00:14,14728,London,Chelsea,4315,76,1,High,Dry,6125
19/12/2024 11:12,19615,London,Chelsea,1579,57,6,Low,Damaged,1673
14/03/2024 23:11,9188,London,Chelsea,3829,63,9,Low,Snowy,7264
14/08/2024 14:52,13741,London,Southwark,4265,71,8,Low,Dry,586
24/08/2024 04:24,16237,London,Southwark,2686,88,8,High,Damaged,4568
13/04/2024 07:23,14470,London,Camden,750,33,9,Low,Dry,3702
30/07/2024 03:41,15016,London,Camden,2220,92,1,Low,Snowy,1482
14/07/2024 16:24,11697,London,Islington,3618,36,0,Low,Damaged,4346
20/12/2024 22:16,10915,London,Islington,931,63,4,Low,Dry,3147
01/08/2024 04:12,13801,London,Camden,4906,59,4,Low,Dry,5977
05/04/2024 01:33,17999,London,Chelsea,975,53,1,Medium,Snowy,446
14/01/2024 02:37,11596,London,Islington,1086,54,0,Low,Dry,3734
12/08/2024 02:46,9281,London,Chelsea,940,60,9,Medium,Dry,8544
20/09/2024 13:22,16189,London,Camden,3074,65,3,Low,Wet,5571
18/06/2024 09:08,14758,London,Camden,3764,57,7,Low,Wet,7891
18/07/2024 06:15,16486,London,Camden,936,94,5,High,Dry,9139
16/05/2024 20:20,9156,London,Islington,1617,55,3,High,Damaged,7197
11/05/2024 00:33,19902,London,Southwark,2029,73,6,Medium,Dry,7943
29/04/2024 06:35,16442,London,Chelsea,4063,10,2,High,Wet,5777
19/04/2024 03:31,9390,London,Islington,1047,31,3,High,Snowy,132
27/06/2024 22:28,18257,London,Southwark,2923,74,5,Medium,Wet,7736
16/01/2024 04:28,19908,London,Chelsea,3465,98,9,Low,Snowy,9835
26/12/2024 22:33,13219,London,Kensington,4393,87,3,Low,Damaged,6003
24/04/2024 00:04,11918,London,Chelsea,86,-57,7,Low,Dry,9949
31/05/2024 18:45,15727,London,Chelsea,2676,94,2,High,Dry,9147
01/08/2024 16:33,12249,London,Chelsea,2626,58,3,Medium,Dry,2568
16/12/2024 12:29,19754,London,Islington,1353,91,5,Low,Snowy,4454
30/03/2024 08:30,15508,London,Islington,2569,91,5,Medium,Damaged,5429
19/10/2024 08:57,10257,London,Islington,2700,49,6,Low,Wet,6901
25/10/2024 05:30,12435,London,Southwark,2116,56,1,Low,Dry,2147
09/09/2024 13:59,16473,London,Chelsea,3168,67,1,High,Dry,6891
17/08/2024 22:20,17508,London,Islington,4579,77,0,Low,Dry,6363
21/09/2024 22:41,17612,London,Islington,1353,20,1,Medium,Wet,9809
17/04/2024 00:06,10311,London,Camden,3182,64,7,High,Dry,7983
14/04/2024 18:25,9201,London,Chelsea,3820,65,5,Low,Dry,3791
23/09/2024 12:48,9789,London,Kensington,651,73,9,Low,Dry,6314
27/06/2024 16:38,19352,London,Camden,993,94,5,Low,Damaged,1890
16/01/2024 21:57,19873,London,Kensington,3943,49,2,Medium,Damaged,8009
24/12/2024 02:54,17469,London,Islington,3267,17,1,Low,Dry,3288
19/03/2024 21:09,9873,London,Camden,3421,41,0,High,Damaged,9088
19/02/2024 10:13,9299,London,Kensington,4478,47,8,Medium,Snowy,9879
30/08/2024 12:59,10471,London,Islington,4413,37,7,High,Damaged,8080
08/06/2024 10:23,11125,London,Chelsea,2079,58,1,Low,Wet,3573
21/12/2024 19:10,16386,London,Southwark,173,93,3,Low,Wet,9596
11/12/2024 20:58,18503,London,Islington,718,12,6,Low,Dry,684
02/03/2024 04:15,12843,London,Islington,4426,27,4,Low,Damaged,8637
28/07/2024 19:36,16454,London,Islington,2889,82,8,Medium,Damaged,7768
26/07/2024 14:39,14041,London,Southwark,3270,29,9,High,Wet,844
11/12/2024 07:42,15740,London,Kensington,2098,83,6,Low,Dry,7872
25/07/2024 16:48,14307,London,Southwark,1224,95,0,High,Wet,1623
10/02/2024 20:23,12261,London,Kensington,3295,59,7,High,Damaged,4506
25/01/2024 17:15,17825,London,Camden,864,27,9,High,Snowy,1437
16/03/2024 13:56,18865,London,Camden,4455,35,5,Medium,Dry,8780
13/12/2024 02:49,16535,London,Islington,2691,99,6,High,Dry,5061
31/07/2024 14:28,18010,London,Islington,2688,14,2,Low,Snowy,7879
01/09/2024 03:46,15846,London,Islington,2509,30,7,High,Dry,5931
21/05/2024 04:01,14462,London,Chelsea,4067,94,3,Medium,Damaged,5468
14/05/2024 08:35,16690,London,Kensington,3594,80,2,Medium,Wet,4819
24/01/2024 07:54,9616,London,Chelsea,4864,62,3,Low,Dry,1934
19/06/2024 09:14,9616,London,Chelsea,1233,86,6,Low,Wet,4526
12/05/2024 04:36,10449,London,Islington,2939,37,7,Medium,Wet,1836
18/03/2024 22:17,18631,London,Islington,2119,78,0,High,Damaged,2975
29/06/2024 17:07,15641,London,Kensington,2133,33,9,Low,Damaged,5658
22/12/2024 16:40,13311,London,Chelsea,2751,69,0,Low,Wet,6815
22/06/2024 00:58,19662,London,Kensington,224,45,9,High,Dry,3069
03/05/2024 16:30,19753,London,Southwark,2131,83,9,Low,Snowy,2020
31/01/2024 15:26,9448,London,Southwark,2368,-99,6,High,Dry,3659
20/06/2024 01:55,13106,London,Camden,2715,54,1,High,Wet,9431
10/12/2024 22:38,14055,London,Islington,1789,81,2,Low,Wet,1478
14/11/2024 16:14,10636,London,Islington,1291,14,0,High,Damaged,6363
30/09/2024 14:36,13716,London,Camden,4054,87,3,Medium,Snowy,6945
05/03/2024 03:54,18626,London,Islington,324,99,7,Medium,Wet,4636
21/06/2024 17:17,16139,London,Islington,2474,17,1,Low,Damaged,4761
11/02/2024 19:19,9249,London,Southwark,3558,43,0,Low,Damaged,8446
02/03/2024 16:40,16121,London,Camden,3735,10,0,Medium,Dry,6163
05/11/2024 13:59,19022,London,Camden,1123,95,4,Medium,Damaged,8309
03/01/2024 11:43,13481,London,Islington,2759,32,0,Low,Wet,5693
21/07/2024 09:37,15654,London,Chelsea,2937,37,9,High,Dry,3160
26/09/2024 16:48,12092,London,Islington,1468,80,5,Low,Dry,2967
18/07/2024 13:15,16809,London,Southwark,754,40,7,Low,Dry,3530
11/02/2024 09:05,16112,London,Islington,1975,59,5,Low,Wet,7436
21/02/2024 00:26,13528,London,Islington,1314,91,0,Low,Dry,6359
09/01/2024 20:26,11704,London,Chelsea,1792,68,1,Low,Dry,4421
30/03/2024 11:41,15560,London,Kensington,2059,66,5,High,Dry,1629
12/08/2024 17:43,14943,London,Kensington,2559,24,8,High,Dry,4113
01/09/2024 16:42,19109,London,Southwark,2512,56,7,Low,Dry,2237
18/03/2024 05:26,12494,London,Islington,1054,68,5,Medium,Damaged,7895
23/08/2024 05:15,12290,London,Islington,4935,11,3,High,Dry,3571
05/06/2024 10:09,10472,London,Chelsea,2995,47,3,Low,Damaged,3008
26/09/2024 15:44,11920,London,Southwark,1904,31,3,Low,Wet,3454
14/10/2024 04:07,19175,London,Camden,4524,-61,8,Low,Dry,9361
23/03/2024 08:14,15781,London,Kensington,2815,45,5,Low,Wet,3661
11/03/2024 00:05,18479,London,Southwark,324,76,1,Low,Damaged,4303
26/04/2024 09:54,12820,London,Camden,4273,21,0,High,Dry,1855
17/07/2024 11:01,9676,London,Camden,2681,49,3,Low,Dry,5935
16/09/2024 01:13,16777,London,Camden,1440,67,1,Low,Dry,8904
21/04/2024 17:09,17929,London,Chelsea,4713,81,5,Low,Damaged,6732
26/04/2024 04:32,10962,London,Chelsea,2679,72,7,Low,Damaged,8822
23/05/2024 14:39,14853,London,Chelsea,444,83,0,Low,Dry,2141
11/05/2024 05:01,18760,London,Southwark,3656,18,5,High,Wet,4032
04/02/2024 17:37,18433,London,Camden,3684,22,8,High,Dry,5746
17/10/2024 03:55,11335,London,Kensington,65,85,0,High,Wet,3922
29/02/2024 11:34,16072,London,Islington,2544,14,0,Medium,Dry,9261
21/01/2024 22:42,18987,London,Southwark,2549,57,3,Medium,Snowy,9262
23/08/2024 20:51,16611,London,Southwark,3976,38,7,High,Wet,8046
01/03/2024 21:39,17172,London,Chelsea,2709,49,9,Low,Damaged,4324
14/12/2024 22:17,17321,London,Kensington,3490,81,2,Low,Wet,9489
02/12/2024 08:00,18648,London,Camden,4503,24,2,Low,Dry,8650
29/12/2024 09:30,9998,London,Camden,871,82,6,Low,Snowy,8132
06/03/2024 05:51,10785,London,Camden,2042,88,8,Low,Snowy,2515
01/05/2024 18:45,19183,London,Southwark,2616,39,1,High,Damaged,9735
19/11/2024 04:14,10479,London,Camden,459,90,8,High,Wet,9609
25/07/2024 16:51,14233,London,Kensington,3707,93,4,Low,Dry,1446
27/02/2024 20:01,15342,London,Kensington,4223,89,7,Low,Snowy,6748
25/08/2024 20:12,11209,London,Islington,939,80,6,High,Dry,1180
14/09/2024 18:45,13895,London,Islington,3789,72,7,Low,Snowy,6151
02/08/2024 12:54,10503,London,Southwark,3874,57,7,High,Wet,705
25/05/2024 00:49,13854,London,Kensington,3398,21,5,Medium,Snowy,8009
21/06/2024 20:41,17159,London,Southwark,3972,64,0,Medium,Dry,3615
21/10/2024 07:38,19538,London,Chelsea,1887,68,6,Low,Wet,2199
07/04/2024 21:31,14966,London,Kensington,1297,37,2,Low,Wet,8437
04/03/2024 10:13,12812,London,Islington,1023,29,9,Medium,Wet,3276
15/02/2024 16:30,10110,London,Camden,382,75,5,High,Dry,7200
01/03/2024 06:26,17219,London,Southwark,1231,63,6,Medium,Dry,6057
10/10/2024 09:20,13197,London,Islington,1973,18,1,High,Dry,8905
13/04/2024 08:23,13181,London,Camden,3433,11,2,High,Dry,5165
21/06/2024 01:10,9700,London,Kensington,2372,10,2,High,Wet,215
06/04/2024 09:09,12495,London,Southwark,3122,27,6,High,Dry,6078
25/05/2024 01:19,11104,London,Kensington,3332,78,3,High,Snowy,5250
30/03/2024 04:20,19559,London,Kensington,2524,25,5,Medium,Snowy,261
10/11/2024 12:54,9338,London,Kensington,784,66,4,High,Damaged,867
05/09/2024 16:11,12278,London,Islington,1154,36,4,Low,Dry,8525
26/09/2024 15:38,12677,London,Islington,1998,-82,8,Medium,Dry,7388
20/01/2024 10:55,15173,London,Chelsea,1747,41,4,Low,Snowy,9899
15/10/2024 06:04,12930,London,Camden,3986,23,5,High,Damaged,933
23/02/2024 21:29,16940,London,Camden,1984,36,9,Medium,Wet,4210
01/12/2024 15:35,14937,London,Islington,498,20,8,Low,Snowy,1847
22/09/2024 05:37,16100,London,Southwark,3117,30,4,High,Dry,9839
24/04/2024 05:11,13344,London,Islington,1321,45,9,High,Dry,2574
22/11/2024 23:18,10001,London,Islington,4946,22,8,Medium,Wet,8905
09/03/2024 06:56,16960,London,Kensington,4960,97,7,High,Dry,6825
27/03/2024 02:49,14044,London,Camden,374,19,0,Low,Damaged,3994
12/07/2024 21:03,10239,London,Camden,3484,36,6,Low,Dry,7733
05/06/2024 18:57,19721,London,Camden,162,81,0,Low,Wet,8099
20/03/2024 14:33,13426,London,Kensington,205,54,7,Low,Dry,2173
21/10/2024 04:22,9325,London,Southwark,311,-70,0,Low,Snowy,4300
12/06/2024 04:58,10786,London,Islington,2457,84,3,Low,Dry,8412
09/07/2024 18:11,13752,London,Chelsea,4446,48,8,Medium,Damaged,6262
10/01/2024 05:12,11322,London,Islington,384,56,2,Low,Wet,8983
21/02/2024 06:55,9295,London,Kensington,3245,64,5,Low,Snowy,8310
01/09/2024 15:10,17541,London,Camden,3336,56,4,High,Dry,1780
10/10/2024 05:59,14435,London,Islington,1341,63,1,Medium,Damaged,1296
20/11/2024 23:17,9864,London,Southwark,3348,43,2,Low,Wet,6471
15/04/2024 08:52,14739,London,Chelsea,3221,50,7,High,Damaged,373
28/06/2024 23:20,9696,London,Chelsea,3243,54,3,High,Snowy,7452
30/12/2024 02:36,11477,London,Southwark,2178,23,3,Medium,Dry,6237
13/03/2024 21:52,17798,London,Southwark,2075,67,0,Low,Dry,4595
12/07/2024 19:11,19507,London,Camden,689,40,9,High,Dry,411
13/04/2024 06:18,17805,London,Islington,230,17,7,Low,Snowy,1754
20/10/2024 16:12,11208,London,Camden,2047,49,2,High,Snowy,151
25/02/2024 20:26,13402,London,Chelsea,170,75,6,Medium,Snowy,9773
27/02/2024 11:09,16533,London,Islington,4291,57,3,High,Snowy,3437
18/09/2024 10:47,15870,London,Chelsea,2657,32,9,Low,Dry,7235
25/01/2024 04:33,18733,London,Islington,3582,99,0,Low,Snowy,4589
25/10/2024 02:24,19691,London,Kensington,1430,23,8,Low,Dry,6932
24/08/2024 19:46,14371,London,Islington,3288,97,1,Low,Damaged,3756
20/01/2024 21:41,19913,London,Islington,1750,55,7,High,Dry,9352
22/03/2024 23:16,16370,London,Southwark,4857,22,5,Low,Wet,8689
13/03/2024 03:31,10130,London,Chelsea,1291,15,3,Low,Dry,5962
03/10/2024 00:17,14453,London,Islington,1851,42,2,Low,Dry,4524
11/05/2024 02:43,19635,London,Kensington,3295,56,4,Medium,Snowy,163
30/05/2024 17:55,17205,London,Camden,953,92,4,Medium,Wet,3595
14/06/2024 09:01,18196,London,Southwark,3614,23,0,Low,Wet,486
19/06/2024 17:59,10997,London,Islington,95,86,4,Low,Dry,3504
18/01/2024 00:55,19547,London,Camden,275,93,8,Low,Dry,3741
14/06/2024 22:55,16815,London,Islington,3574,20,9,Low,Damaged,4225
13/12/2024 05:30,14803,London,Kensington,4363,82,2,Low,Wet,2251
29/12/2024 05:03,19720,London,Islington,2609,34,4,High,Dry,4458
29/03/2024 23:03,9655,London,Southwark,568,18,6,Low,Dry,1957
05/02/2024 21:22,9497,London,Islington,4182,90,4,Low,Damaged,9796
08/10/2024 11:45,17970,London,Kensington,2273,-14,5,Low,Damaged,8520
19/09/2024 13:33,19950,London,Kensington,919,83,9,Low,Dry,5569
11/02/2024 20:05,19827,London,Islington,3707,52,4,High,Snowy,4506
27/11/2024 21:34,14152,London,Islington,4970,43,3,High,Dry,8766
07/08/2024 23:05,11122,London,Islington,3115,22,5,High,Snowy,4445
27/11/2024 04:11,11375,London,Chelsea,470,60,0,Medium,Dry,235
28/11/2024 07:51,18417,London,Southwark,2320,-48,7,High,Dry,4568
25/06/2024 08:30,9788,London,Southwark,370,88,0,High,Damaged,8887
25/03/2024 11:52,14264,London,Islington,1032,72,5,Medium,Snowy,7412
19/04/2024 17:56,16211,London,Southwark,4202,23,1,Medium,Snowy,308
11/12/2024 10:06,17689,London,Chelsea,3784,66,6,Low,Dry,2534
17/08/2024 15:36,12145,London,Islington,3276,10,2,Low,Dry,6068
18/12/2024 16:06,11504,London,Islington,3223,83,6,High,Dry,1822
16/08/2024 16:04,13016,London,Islington,4795,50,2,Low,Wet,3012
30/03/2024 22:49,12560,London,Camden,2151,61,0,Low,Wet,7920
28/02/2024 14:11,19177,London,Camden,4066,22,1,Low,Snowy,4353
22/03/2024 15:14,19878,London,Kensington,1367,14,9,Low,Snowy,4749
19/06/2024 17:20,14326,London,Islington,3554,94,4,Low,Snowy,2239
29/12/2024 08:25,17806,London,Islington,4162,91,2,Low,Dry,3801
21/02/2024 05:49,17341,London,Chelsea,20,25,2,Low,Dry,5652
24/09/2024 17:56,18110,London,Chelsea,2897,26,2,Low,Damaged,5830
09/10/2024 05:36,13475,London,Camden,2301,81,6,Medium,Wet,4106
18/04/2024 18:54,9909,London,Southwark,1354,93,5,Medium,Dry,9448
11/08/2024 08:56,12299,London,Kensington,3757,60,7,Low,Dry,9146
04/08/2024 09:56,13407,London,Camden,4768,77,0,Medium,Dry,1084
25/11/2024 08:21,14105,London,Camden,4113,89,1,Low,Wet,8781
05/09/2024 03:11,11002,London,Southwark,1827,33,3,Medium,Damaged,9613
04/08/2024 11:44,15436,London,Kensington,2643,24,5,Low,Wet,1019
16/11/2024 01:15,18249,London,Camden,2225,21,5,Low,Snowy,275
19/08/2024 07:14,12438,London,Islington,4380,56,8,Low,Damaged,2158
08/11/2024 18:31,14764,London,Southwark,2618,-75,3,High,Wet,8049
05/01/2024 17:24,14362,London,Southwark,2453,40,6,Medium,Wet,1136
12/02/2024 15:22,19725,London,Islington,2125,38,3,Low,Snowy,9560
22/01/2024 16:57,11445,London,Islington,54,51,2,Medium,Dry,7279
05/08/2024 12:51,13139,London,Islington,2858,92,9,High,Damaged,1504
01/07/2024 19:09,9018,London,Chelsea,4366,32,5,Medium,Dry,6151
07/10/2024 09:13,16857,London,Chelsea,2650,87,6,Low,Wet,2559
31/07/2024 16:09,12306,London,Camden,2126,73,3,Low,Dry,5114
29/11/2024 17:09,17934,London,Kensington,1833,46,4,High,Dry,3934
24/04/2024 06:06,15033,London,Camden,2859,74,6,Low,Dry,2894
12/11/2024 11:33,13548,London,Chelsea,4049,29,6,Medium,Dry,8370
09/10/2024 02:01,11317,London,Southwark,3900,23,0,High,Dry,7214
27/08/2024 15:35,9054,London,Islington,3521,85,4,High,Damaged,6891
13/02/2024 17:17,10319,London,Islington,1078,55,4,High,Dry,5183
24/01/2024 01:44,13493,London,Camden,2853,43,2,High,Wet,9916
21/04/2024 23:35,12256,London,Islington,245,27,1,Low,Dry,2368
26/08/2024 08:25,14385,London,Chelsea,1579,26,7,Low,Snowy,9225
17/08/2024 12:03,13385,London,Camden,3410,49,0,High,Snowy,3222
15/02/2024 07:04,9205,London,Islington,4366,18,5,Low,Snowy,2220
14/03/2024 10:36,15206,London,Islington,2572,43,1,High,Dry,1050
30/10/2024 15:02,13146,London,Chelsea,752,60,4,Low,Dry,5445
17/10/2024 04:09,10609,London,Southwark,2827,19,7,Low,Dry,4998
11/09/2024 02:39,19845,London,Islington,4812,72,7,Low,Wet,4183
21/05/2024 03:24,11133,London,Islington,3977,69,6,Medium,Dry,3910
07/01/2024 13:13,11222,London,Kensington,4355,55,7,High,Snowy,8957
19/03/2024 05:14,14748,London,Southwark,1713,48,9,Low,Dry,8867
12/06/2024 20:36,18311,London,Kensington,973,62,7,Low,Damaged,544
25/05/2024 11:13,10851,London,Islington,914,62,1,Low,Dry,782
08/01/2024 20:24,17910,London,Chelsea,4431,58,6,Low,Wet,3279
06/09/2024 07:25,18169,London,Islington,2852,61,6,Low,Damaged,1832
22/06/2024 00:58,11691,London,Chelsea,3458,37,5,High,Dry,9278
14/09/2024 21:16,14286,London,Islington,3688,11,6,Low,Wet,9229
08/11/2024 21:41,12185,London,Kensington,4929,14,6,Low,Damaged,4557
27/04/2024 10:54,19302,London,Islington,1533,23,7,Low,Snowy,9320
09/04/2024 15:56,14001,London,Kensington,400,48,8,High,Dry,9760
10/11/2024 00:51,9777,London,Islington,2210,85,6,Low,Dry,4509
13/12/2024 03:47,11070,London,Camden,2595,64,6,Low,Dry,799
03/12/2024 10:18,13505,London,Chelsea,3913,61,5,Low,Snowy,2465
11/11/2024 11:39,16251,London,Islington,1279,42,0,Low,Dry,834
29/03/2024 12:21,13453,London,Islington,2107,34,6,Low,Snowy,5103
09/07/2024 01:43,15083,London,Kensington,2976,89,9,Low,Damaged,6530
22/10/2024 03:35,9332,London,Islington,139,43,0,Medium,Damaged,5154
23/07/2024 12:35,17419,London,Camden,3386,14,8,Low,Snowy,7028
17/12/2024 03:09,12435,London,Southwark,4721,22,0,High,Damaged,979
15/11/2024 10:44,18835,London,Chelsea,3281,70,2,High,Snowy,5851
13/05/2024 20:08,16878,London,Camden,960,73,7,Low,Dry,5941
02/12/2024 05:46,14662,London,Islington,3214,58,5,Medium,Dry,6253
19/05/2024 21:23,15989,London,Islington,3060,79,9,Low,Dry,1172
19/07/2024 16:18,11036,London,Chelsea,3723,61,6,High,Snowy,5212
02/04/2024 11:27,9140,London,Southwark,957,14,0,High,Dry,3933
04/01/2024 22:33,13916,London,Kensington,1487,42,0,Low,Dry,9670
16/03/2024 17:43,10364,London,Camden,898,10,8,Low,Dry,7854
22/09/2024 03:45,10194,London,Southwark,3823,26,3,Medium,Damaged,5595
21/07/2024 07:48,10213,London,Islington,15,68,8,High,Dry,3076
05/03/2024 22:51,17064,London,Southwark,4679,45,1,Medium,Damaged,6546
12/11/2024 12:44,10429,London,Kensington,1291,76,0,High,Wet,2821
16/11/2024 21:19,15811,London,Southwark,3387,46,8,Low,Dry,8971
06/02/2024 03:38,18565,London,Southwark,802,30,6,Medium,Dry,8423
22/02/2024 15:08,10659,London,Camden,432,57,5,Low,Damaged,477
01/10/2024 09:49,19283,London,Islington,4915,82,2,Medium,Wet,7533
30/11/2024 10:55,12770,London,Kensington,4228,75,2,Low,Damaged,7607
17/10/2024 14:33,14337,London,Islington,3769,67,5,High,Dry,7263
27/07/2024 16:36,14140,London,Camden,3378,72,4,Medium,Dry,2386
10/10/2024 03:20,12967,London,Camden,4293,68,3,High,Snowy,3091
18/10/2024 19:31,18989,London,Chelsea,2616,46,1,Medium,Dry,7751
25/01/2024 07:41,18678,London,Islington,3120,78,4,Low,Dry,1899
17/12/2024 17:22,10558,London,Camden,3120,55,7,Low,Snowy,8499
12/04/2024 19:16,18849,London,Kensington,664,35,1,Medium,Wet,9539
01/08/2024 21:38,13677,London,Camden,1998,-31,7,High,Dry,2047
04/10/2024 23:48,16450,London,Kensington,4729,78,9,High,Wet,714
21/04/2024 02:05,16772,London,Islington,1117,59,3,Low,Dry,9857
02/01/2024 05:17,12507,London,Kensington,217,88,9,Low,Wet,1667
16/10/2024 03:07,9462,London,Camden,4106,74,4,High,Wet,9141
19/05/2024 00:04,15395,London,Camden,128,64,8,Low,Wet,919
06/02/2024 07:34,16555,London,Chelsea,3839,-88,1,Low,Dry,559
27/01/2024 06:56,15981,London,Islington,558,43,3,Low,Dry,3245
14/08/2024 14:01,10606,London,Southwark,1915,82,0,Medium,Wet,6062
09/11/2024 22:50,17198,London,Southwark,2526,71,3,Low,Dry,1423
09/08/2024 10:33,15974,London,Islington,1445,-47,1,Medium,Wet,4839
07/03/2024 18:19,10754,London,Islington,2220,36,6,Low,Damaged,4210
17/01/2024 12:20,13129,London,Chelsea,3081,96,7,Low,Damaged,6994
09/05/2024 09:05,11424,London,Chelsea,217,16,9,Low,Damaged,4480
25/02/2024 22:59,15631,London,Camden,2496,62,2,Low,Dry,5094
18/09/2024 21:47,16418,London,Islington,3635,64,9,Medium,Dry,5811
23/04/2024 00:44,16450,London,Islington,390,51,1,Medium,Wet,1917
12/11/2024 09:45,19648,London,Southwark,4293,45,9,Low,Damaged,1667
04/07/2024 10:32,13942,London,Chelsea,3845,57,7,Low,Snowy,8925
09/02/2024 17:22,17204,London,Camden,4436,76,7,Low,Snowy,4068
31/10/2024 17:18,17570,London,Camden,4482,97,7,Low,Snowy,7247
23/07/2024 02:54,17423,London,Southwark,2666,-68,0,Low,Damaged,9050
18/10/2024 04:48,9264,London,Southwark,3201,-24,0,Medium,Dry,3941
11/05/2024 06:06,10027,London,Islington,2222,79,1,Low,Wet,2630
01/10/2024 16:51,12005,London,Islington,4332,75,3,Low,Snowy,1909
18/12/2024 17:42,13423,London,Islington,968,49,2,Medium,Dry,328
26/12/2024 10:54,17160,London,Camden,1551,53,0,Low,Damaged,1248
20/08/2024 03:15,13320,London,Southwark,42,11,2,Low,Dry,7539
10/01/2024 07:40,15326,London,Islington,735,49,5,Medium,Damaged,6205
20/08/2024 17:26,19836,London,Kensington,4060,18,6,Low,Dry,7890
21/02/2024 10:22,14665,London,Islington,220,33,3,Low,Snowy,4579
16/03/2024 00:59,12118,London,Southwark,2969,45,5,Low,Dry,3391
28/10/2024 12:29,13604,London,Chelsea,4733,32,1,Low,Dry,9230
13/02/2024 01:02,10183,London,Islington,3364,53,1,Low,Damaged,5898
04/12/2024 08:15,16314,London,Kensington,3620,10,7,Low,Snowy,1260
15/06/2024 15:32,12370,London,Chelsea,4854,93,2,Low,Wet,4768
13/06/2024 21:00,18079,London,Southwark,445,97,3,Low,Damaged,6021
19/05/2024 02:28,16762,London,Chelsea,1903,22,2,Low,Dry,7892
08/06/2024 00:40,9234,London,Islington,2257,18,0,High,Damaged,1265
23/02/2024 02:21,17077,London,Islington,45,-17,2,High,Snowy,4279
05/09/2024 16:49,13123,London,Kensington,55,91,4,Low,Dry,819
01/01/2024 04:16,15728,London,Islington,3210,84,1,High,Wet,5555
03/05/2024 23:28,14680,London,Chelsea,3850,45,9,Low,Wet,870
03/02/2024 22:52,10439,London,Southwark,593,82,4,Low,Dry,5902
12/12/2024 04:56,9729,London,Camden,331,19,5,Low,Snowy,9233
14/02/2024 16:46,16252,London,Islington,3358,16,2,Low,Wet,4001
17/03/2024 04:21,11241,London,Southwark,2465,37,7,Medium,Damaged,1960
20/04/2024 00:40,13971,London,Southwark,3465,49,9,Medium,Dry,9751
22/08/2024 16:18,13346,London,Islington,2697,65,7,Low,Dry,2009
07/11/2024 02:54,9912,London,Southwark,1095,87,5,Low,Dry,1336
31/07/2024 03:50,16927,London,Camden,2737,42,0,Low,Wet,7239
16/05/2024 10:14,13720,London,Kensington,890,95,6,High,Damaged,3684
20/10/2024 10:18,10153,London,Southwark,1085,66,1,Low,Dry,6278
09/06/2024 17:46,15651,London,Southwark,4781,17,2,High,Dry,3349
15/02/2024 14:15,14957,London,Islington,1590,67,5,High,Wet,858
09/03/2024 23:20,13200,London,Islington,3544,12,5,High,Wet,1225
28/04/2024 02:10,18013,London,Kensington,4710,65,5,Medium,Dry,3766
07/10/2024 14:12,13635,London,Chelsea,2637,50,0,Low,Dry,8647
17/10/2024 20:20,17232,London,Islington,656,88,8,Low,Snowy,577
24/08/2024 23:57,9178,London,Islington,4120,98,1,Low,Dry,3390
17/10/2024 05:22,9046,London,Camden,4948,53,1,High,Snowy,4548
30/12/2024 21:31,9991,London,Chelsea,1298,93,3,Medium,Snowy,8695
11/08/2024 18:59,18196,London,Camden,691,18,6,High,Snowy,3117
08/06/2024 13:27,19535,London,Kensington,1353,16,0,High,Dry,4178
21/11/2024 02:47,16999,London,Islington,2047,98,1,Medium,Wet,8538
18/07/2024 17:41,16176,London,Chelsea,3195,-29,9,Low,Wet,209
23/05/2024 18:19,12652,London,Islington,4399,31,0,High,Dry,5130
10/02/2024 10:34,12617,London,Islington,4542,81,2,Low,Snowy,6144
17/08/2024 22:07,15103,London,Chelsea,3115,64,4,Medium,Snowy,6222
30/12/2024 23:26,13913,London,Islington,1394,65,8,High,Dry,2613
21/06/2024 09:17,19969,London,Camden,3049,40,2,Low,Snowy,2234
25/05/2024 09:45,17080,London,Camden,2310,25,7,Low,Snowy,9763
20/01/2024 23:54,16848,London,Chelsea,1514,63,1,Low,Dry,9578
21/10/2024 08:17,17111,London,Chelsea,2888,19,5,High,Dry,3950
10/09/2024 20:39,9382,London,Islington,4416,35,9,High,Dry,332
24/09/2024 17:15,10541,London,Islington,746,33,9,Medium,Wet,4593
23/12/2024 21:24,19303,London,Islington,4534,60,4,Low,Wet,2459
14/03/2024 22:07,13401,London,Chelsea,946,60,6,Low,Wet,7519
01/03/2024 02:04,19879,London,Islington,4426,82,2,Medium,Damaged,5128
12/01/2024 01:21,17104,London,Southwark,2125,75,8,High,Dry,5786
12/08/2024 21:11,19365,London,Camden,194,74,7,High,Dry,805
18/11/2024 12:22,13410,London,Chelsea,2764,-26,7,Medium,Wet,4333
20/09/2024 12:52,12697,London,Islington,1318,80,0,Low,Dry,8056
09/12/2024 16:53,13838,London,Southwark,2119,-28,8,Low,Snowy,2148
10/04/2024 13:24,14680,London,Kensington,86,11,6,Medium,Damaged,250
24/07/2024 14:32,17949,London,Chelsea,4754,59,3,Low,Damaged,3520
23/05/2024 12:36,13368,London,Islington,1449,89,1,Low,Wet,5477
08/12/2024 09:02,13368,London,Chelsea,2626,36,3,High,Dry,9395
27/08/2024 20:26,11990,London,Chelsea,134,67,1,Low,Damaged,2390
14/08/2024 03:22,9325,London,Chelsea,1272,20,6,Low,Dry,6645
14/05/2024 18:18,12177,London,Chelsea,277,18,2,Low,Damaged,7984
09/03/2024 21:44,12743,London,Kensington,2356,24,3,High,Damaged,1730
26/02/2024 06:44,13013,London,Islington,1788,61,4,High,Dry,233
25/06/2024 08:06,12025,London,Kensington,438,85,2,Low,Dry,8627
18/08/2024 04:31,10339,London,Islington,1601,93,6,Low,Dry,778
22/03/2024 04:50,9890,London,Southwark,1354,20,6,Low,Wet,1045
09/09/2024 04:39,19100,London,Islington,4432,81,7,Low,Damaged,366
21/06/2024 15:27,19307,London,Camden,3438,21,0,High,Dry,3602
10/03/2024 02:16,12903,London,Kensington,1458,89,3,Medium,Damaged,9260
10/01/2024 11:51,10059,London,Southwark,1828,77,2,Low,Dry,7700
30/07/2024 20:28,11140,London,Camden,3614,97,7,High,Wet,3856
17/09/2024 21:26,13402,London,Islington,742,56,8,Low,Wet,2088
28/10/2024 02:33,14381,London,Chelsea,1345,78,2,Medium,Dry,5597
29/08/2024 03:01,13866,London,Chelsea,2665,34,4,Medium,Damaged,4937
09/10/2024 13:21,15045,London,Kensington,3760,19,7,Low,Snowy,2375
07/08/2024 01:30,9867,London,Kensington,1194,53,5,Low,Snowy,6652
24/02/2024 20:36,18850,London,Chelsea,4889,56,4,Low,Dry,673
16/05/2024 15:13,9941,London,Kensington,46,20,6,Low,Dry,4238
19/05/2024 04:20,17931,London,Southwark,336,65,8,Low,Damaged,2105
15/06/2024 16:03,13329,London,Chelsea,4144,83,4,Medium,Dry,3141
19/11/2024 20:40,19977,London,Southwark,1267,11,4,Low,Damaged,4621
01/08/2024 14:10,15423,London,Kensington,67,66,6,Medium,Dry,3917
15/02/2024 10:33,18329,London,Kensington,3306,39,7,High,Wet,5095
11/07/2024 12:22,16590,London,Chelsea,4184,39,8,Low,Dry,6728
20/07/2024 22:16,10022,London,Islington,4450,39,4,Low,Wet,1675
15/08/2024 12:34,10836,London,Camden,2808,39,7,Low,Dry,8004
27/02/2024 20:39,19003,London,Islington,4757,28,9,Medium,Wet,7409
17/07/2024 19:27,16835,London,Kensington,2963,97,3,Medium,Dry,7366
30/01/2024 13:50,11949,London,Chelsea,3807,77,1,Low,Wet,4075
01/01/2024 09:47,10904,London,Chelsea,3468,12,6,High,Dry,2400
24/05/2024 15:34,12723,London,Chelsea,293,71,1,Medium,Damaged,1380
17/09/2024 03:30,12304,London,Islington,1430,21,0,High,Dry,921
06/06/2024 06:30,13720,London,Camden,985,71,4,Low,Wet,5330
03/07/2024 22:21,13395,London,Islington,3056,22,7,Medium,Wet,6720
12/01/2024 18:11,13808,London,Camden,3306,61,9,Medium,Snowy,4656
30/01/2024 00:13,11734,London,Chelsea,4164,79,8,High,Dry,9663
03/10/2024 08:35,19658,London,Kensington,1987,89,0,Medium,Dry,2412
01/08/2024 17:46,16001,London,Chelsea,2020,68,1,High,Snowy,9195
17/01/2024 20:12,15563,London,Chelsea,4266,-99,4,High,Dry,4290
31/01/2024 19:01,18219,London,Southwark,4583,75,0,High,Snowy,1403
23/10/2024 12:03,18332,London,Southwark,3726,13,4,Low,Damaged,876
05/10/2024 21:14,13275,London,Kensington,1146,21,7,Low,Damaged,4138
29/05/2024 00:18,10191,London,Southwark,2,-22,7,Medium,Snowy,5570
26/09/2024 20:20,14401,London,Southwark,954,55,7,High,Damaged,5910
28/04/2024 08:03,15173,London,Southwark,2513,41,7,Low,Snowy,8179
31/08/2024 02:26,10503,London,Islington,3352,67,0,Medium,Dry,483
30/05/2024 20:57,17679,London,Camden,1187,97,7,High,Snowy,1825
01/03/2024 06:17,13054,London,Kensington,128,55,7,High,Dry,6790
31/01/2024 12:40,18017,London,Islington,3189,89,7,High,Dry,7335
19/01/2024 04:56,10676,London,Islington,2211,64,4,High,Wet,9594
30/07/2024 08:12,10366,London,Chelsea,1253,96,2,Low,Wet,9265
22/08/2024 12:12,10279,London,Chelsea,4331,59,6,Medium,Dry,3583
02/01/2024 17:27,16659,London,Islington,858,10,2,Low,Wet,6953
22/03/2024 06:00,12429,London,Chelsea,4865,70,4,Low,Dry,8061
07/02/2024 18:36,15400,London,Chelsea,117,97,6,Low,Snowy,4561
03/08/2024 23:11,16418,London,Kensington,1576,62,9,Low,Wet,7353
28/09/2024 19:27,9164,London,Southwark,4548,96,6,High,Dry,3103
20/02/2024 10:10,13337,London,Islington,2561,25,5,Low,Wet,3562
30/11/2024 11:15,15767,London,Kensington,1111,48,0,Low,Dry,1404
10/06/2024 23:03,14078,London,Chelsea,4998,65,1,Low,Wet,4361
11/01/2024 10:08,10365,London,Kensington,3224,37,8,Low,Wet,6332
14/10/2024 02:56,15132,London,Islington,703,35,6,High,Dry,8818
24/05/2024 06:46,10927,London,Islington,3611,21,9,Medium,Dry,3978
21/02/2024 15:38,15979,London,Kensington,487,24,8,Medium,Snowy,6624
22/08/2024 16:08,9284,London,Islington,3235,18,3,Medium,Damaged,7930
18/06/2024 02:29,13678,London,Camden,3888,29,5,Low,Damaged,4216
02/06/2024 09:23,9168,London,Camden,4589,45,6,Low,Snowy,4643
12/10/2024 21:01,17934,London,Camden,293,84,9,Low,Dry,2185
24/08/2024 13:57,17120,London,Kensington,3047,48,2,Low,Wet,4688
29/07/2024 12:11,15079,London,Camden,2316,40,0,High,Dry,4676
17/04/2024 21:46,13166,London,Kensington,4489,69,1,Low,Snowy,7464
02/08/2024 22:04,17185,London,Islington,4987,-26,2,High,Damaged,4111
25/05/2024 05:29,10323,London,Islington,1241,46,9,High,Snowy,2544
13/10/2024 03:23,19902,London,Kensington,777,65,5,Medium,Dry,8965
10/10/2024 02:18,17106,London,Islington,1145,92,7,Low,Dry,4530
01/01/2024 20:55,16649,London,Islington,944,28,8,Medium,Snowy,5838
04/11/2024 09:45,11984,London,Kensington,1589,77,9,Medium,Dry,3833
02/07/2024 21:29,16682,London,Chelsea,3009,80,2,Low,Damaged,2702
21/03/2024 18:45,16739,London,Chelsea,2661,92,2,Medium,Dry,8017
01/06/2024 11:58,12830,London,Southwark,3898,12,2,Medium,Dry,4976
19/07/2024 08:50,16754,London,Islington,1891,79,9,Low,Wet,3999
14/11/2024 17:33,13615,London,Islington,2258,14,0,Medium,Wet,1503
19/08/2024 22:04,19981,London,Southwark,1372,34,5,Medium,Dry,5203
21/10/2024 08:04,9689,London,Southwark,4083,59,8,Medium,Snowy,1028
22/11/2024 10:07,11494,London,Islington,4680,52,9,Medium,Dry,3545
11/06/2024 23:48,16260,London,Kensington,3970,62,8,Low,Wet,6142
26/05/2024 16:14,12591,London,Chelsea,3814,22,5,Low,Wet,768
11/05/2024 07:18,9538,London,Kensington,3532,60,1,Medium,Snowy,3851
07/10/2024 21:51,11929,London,Southwark,2108,34,8,Low,Damaged,3213
30/03/2024 00:46,15652,London,Southwark,2076,17,2,Medium,Damaged,9403
04/09/2024 14:00,11599,London,Camden,3338,87,3,High,Snowy,8708
04/02/2024 01:30,11632,London,Kensington,39,56,2,High,Wet,9944
01/04/2024 03:50,14102,London,Chelsea,4858,81,9,Medium,Snowy,679
12/06/2024 21:31,12343,London,Southwark,899,77,4,Low,Dry,1021
26/03/2024 17:16,14899,London,Kensington,81,33,9,High,Damaged,1904
01/03/2024 13:33,18069,London,Kensington,2444,58,1,Low,Damaged,5341
13/06/2024 13:23,15555,London,Chelsea,2823,21,3,Low,Wet,7570
29/05/2024 15:00,15479,London,Islington,1961,30,2,Medium,Damaged,6477
22/08/2024 17:43,9563,London,Chelsea,3098,28,3,Medium,Wet,5042
17/02/2024 01:35,19982,London,Islington,49,39,6,Medium,Wet,302
23/12/2024 23:47,16005,London,Southwark,1001,86,0,High,Dry,9777
30/11/2024 00:14,12475,London,Islington,2593,38,0,Low,Damaged,2870
17/12/2024 18:31,16398,London,Kensington,1219,29,3,Medium,Wet,9437
28/05/2024 12:10,9349,London,Kensington,136,68,6,High,Dry,6752
19/02/2024 02:33,19107,London,Chelsea,1891,96,5,Medium,Dry,9559
29/10/2024 15:42,13029,London,Islington,4339,86,2,High,Dry,7808
01/07/2024 17:32,14422,London,Chelsea,2659,53,9,Low,Damaged,663
06/05/2024 03:31,18465,London,Chelsea,3471,48,9,Low,Wet,7772
20/07/2024 07:45,10967,London,Kensington,1376,65,2,High,Dry,8390
17/10/2024 08:54,12517,London,Islington,3124,40,0,Medium,Dry,2347
19/09/2024 05:45,15272,London,Chelsea,952,11,8,Low,Dry,1223
18/10/2024 22:00,9089,London,Kensington,1034,65,3,Low,Wet,6269
14/09/2024 17:22,10278,London,Camden,1768,82,0,Medium,Damaged,6758
07/02/2024 22:38,19209,London,Kensington,2824,90,2,Low,Dry,742
20/06/2024 13:03,11278,London,Islington,697,90,8,Medium,Wet,3258
03/05/2024 04:22,11113,London,Camden,2455,30,8,Medium,Dry,4204
17/07/2024 12:14,9785,London,Southwark,3415,47,1,High,Damaged,5022
20/03/2024 11:06,15937,London,Southwark,3890,27,3,Medium,Damaged,3143
19/02/2024 23:49,17978,London,Southwark,578,83,2,Low,Snowy,4786
25/06/2024 19:19,17338,London,Southwark,1468,14,0,High,Dry,2132
16/09/2024 21:03,15151,London,Camden,1354,55,0,High,Dry,268
21/05/2024 18:04,9948,London,Kensington,2871,63,1,High,Damaged,163
22/04/2024 13:44,15877,London,Southwark,4028,62,3,Low,Damaged,4125
01/01/2024 05:31,9976,London,Islington,4464,54,2,Low,Wet,6021
07/11/2024 21:48,15735,London,Islington,2444,14,2,Low,Damaged,1714
05/09/2024 08:28,10205,London,Chelsea,3904,77,9,Low,Snowy,2732
17/07/2024 14:23,9153,London,Kensington,846,69,9,Low,Dry,993
11/09/2024 11:31,17818,London,Chelsea,2119,16,2,Medium,Wet,8133
22/08/2024 23:13,19479,London,Islington,1429,17,6,Low,Wet,7563
28/03/2024 23:03,10546,London,Southwark,544,81,9,Medium,Dry,260
17/04/2024 12:45,9391,London,Islington,1455,65,8,Medium,Dry,9665
13/06/2024 13:33,9303,London,Southwark,4885,95,5,Low,Dry,2518
01/12/2024 13:22,12264,London,Islington,3683,20,1,Low,Wet,6216
24/04/2024 20:31,12554,London,Chelsea,4591,31,8,Low,Snowy,7230
25/10/2024 14:29,19252,London,Kensington,280,62,2,Low,Dry,4254
17/01/2024 05:17,12738,London,Camden,3761,70,1,Low,Damaged,5104
01/03/2024 04:47,12734,London,Islington,4917,41,1,Medium,Dry,380
04/10/2024 18:02,10041,London,Kensington,527,69,3,Low,Dry,6271
04/08/2024 03:55,14561,London,Kensington,2237,50,8,Low,Wet,3742
04/05/2024 08:15,9868,London,Islington,2678,20,8,High,Damaged,8565
12/10/2024 18:37,19214,London,Chelsea,3321,62,2,Low,Damaged,1758
06/01/2024 15:04,11378,London,Camden,1775,70,7,Low,Snowy,942
05/02/2024 19:34,13541,London,Islington,2456,13,0,Low,Snowy,1455
18/05/2024 04:27,9444,London,Southwark,930,52,9,Low,Dry,7273
16/01/2024 13:01,11986,London,Islington,1174,56,5,Low,Damaged,2224
13/01/2024 22:57,19635,London,Chelsea,868,82,9,Medium,Damaged,4429
13/01/2024 04:18,17532,London,Islington,278,55,5,High,Dry,7361
21/08/2024 18:29,16572,London,Islington,3139,71,6,Low,Damaged,1529
03/07/2024 14:28,17769,London,Kensington,1092,94,3,High,Snowy,9458
14/08/2024 15:20,9310,London,Southwark,1215,39,7,Low,Wet,7168
17/04/2024 19:29,9879,London,Islington,1021,27,9,High,Wet,6156
25/11/2024 23:29,13345,London,Islington,1442,31,5,Low,Damaged,3243
29/06/2024 00:30,15352,London,Southwark,2489,17,3,Medium,Wet,9838
07/09/2024 00:20,10953,London,Southwark,3636,-61,8,High,Damaged,6319
04/08/2024 05:04,17224,London,Islington,4734,73,3,Low,Dry,4854
22/02/2024 13:56,15252,London,Islington,2157,94,2,Low,Dry,2507
03/01/2024 19:10,9305,London,Camden,2235,87,1,Low,Dry,9794
27/11/2024 11:44,12243,London,Southwark,349,26,8,Medium,Damaged,935
07/10/2024 04:44,16773,London,Southwark,4172,10,9,Low,Wet,5382
18/06/2024 05:37,16201,London,Southwark,1338,13,4,Medium,Dry,4326
03/04/2024 21:41,16819,London,Kensington,1948,51,1,Medium,Damaged,7997
13/11/2024 13:44,16411,London,Islington,4062,27,8,Medium,Wet,225
01/11/2024 15:35,9556,London,Kensington,1618,89,0,Low,Snowy,2481
12/10/2024 12:41,13941,London,Islington,3654,35,6,Low,Wet,9862
04/01/2024 03:13,16562,London,Kensington,3508,71,9,Low,Wet,7286
17/07/2024 04:39,15367,London,Southwark,3226,60,2,High,Wet,1441
05/03/2024 21:42,12674,London,Southwark,756,85,1,Medium,Dry,3457
10/06/2024 08:51,15762,London,Chelsea,4779,76,2,High,Wet,5211
12/02/2024 05:20,12471,London,Islington,532,59,4,Low,Dry,3124
27/03/2024 20:04,15877,London,Kensington,991,99,7,Low,Damaged,1645
30/07/2024 13:05,10607,London,Islington,2970,63,1,Medium,Wet,9063
29/12/2024 02:33,13838,London,Camden,2584,34,5,High,Snowy,3167
20/12/2024 23:56,17346,London,Islington,3359,-17,8,Low,Snowy,3688
28/11/2024 18:01,18365,London,Islington,3156,39,0,Low,Wet,137
15/06/2024 04:49,10521,London,Southwark,3511,89,2,Low,Damaged,9664
02/01/2024 19:27,14104,London,Islington,2760,91,5,Low,Snowy,9150
13/04/2024 17:43,13086,London,Islington,4984,22,3,Medium,Dry,3719
09/03/2024 09:34,13928,London,Chelsea,3963,45,3,High,Dry,2893
03/12/2024 14:49,15094,London,Camden,4001,78,8,Low,Dry,8935
16/10/2024 22:55,17225,London,Southwark,566,79,5,High,Snowy,598
01/11/2024 09:30,16246,London,Kensington,2791,71,7,Low,Dry,7592
11/10/2024 16:53,18945,London,Kensington,1503,94,3,Low,Wet,7118
07/12/2024 04:32,17917,London,Islington,4598,44,3,Medium,Wet,7090
19/09/2024 15:56,18342,London,Southwark,2129,34,1,Low,Damaged,3339
10/06/2024 23:59,12138,London,Islington,1936,38,8,Low,Wet,7209
18/02/2024 10:52,12094,London,Chelsea,4359,40,3,Low,Wet,9699
04/09/2024 13:35,14243,London,Chelsea,4627,73,3,Low,Dry,903
20/12/2024 17:53,12859,London,Islington,2439,56,6,Low,Dry,1996
25/09/2024 14:47,12542,London,Islington,3333,45,0,Low,Dry,3880
23/08/2024 08:14,13973,London,Southwark,2333,34,8,Low,Snowy,4752
19/08/2024 19:57,19151,London,Kensington,333,34,1,Medium,Dry,5478
08/02/2024 23:45,10196,London,Chelsea,4884,30,6,Medium,Dry,3589
17/01/2024 17:07,16867,London,Camden,1289,79,1,Low,Wet,723
17/08/2024 13:17,14964,London,Islington,1659,62,4,Medium,Wet,1442
28/07/2024 20:02,16117,London,Southwark,519,52,9,Medium,Wet,1272
10/08/2024 11:50,17590,London,Camden,1693,79,3,Low,Dry,2247
11/06/2024 11:45,16170,London,Southwark,4243,44,1,High,Wet,2322
09/02/2024 21:33,9782,London,Islington,1309,48,3,Low,Dry,5066
03/08/2024 07:18,11660,London,Islington,943,83,9,Low,Dry,6562
28/06/2024 05:57,18045,London,Kensington,1328,28,8,Low,Dry,3514
14/04/2024 20:34,12400,London,Islington,436,33,4,Low,Damaged,8628
04/10/2024 16:30,19017,London,Islington,3132,51,0,Low,Snowy,6642
23/02/2024 07:58,17820,London,Islington,2258,85,0,High,Dry,3971
24/08/2024 14:42,12547,London,Islington,452,50,1,High,Dry,5791
10/10/2024 08:34,14403,London,Islington,2767,83,3,High,Wet,5936
06/12/2024 18:42,10228,London,Southwark,1664,17,9,Low,Dry,3207
22/07/2024 16:42,18689,London,Islington,2728,10,8,Low,Snowy,6238
27/11/2024 13:24,17509,London,Southwark,792,56,5,Low,Damaged,4860
17/09/2024 05:37,15823,London,Southwark,3100,21,7,Low,Damaged,7868
24/05/2024 00:32,10486,London,Kensington,1027,71,4,High,Damaged,1916
20/02/2024 14:54,19228,London,Chelsea,503,32,1,Low,Wet,8673
27/08/2024 20:58,15139,London,Islington,1220,64,2,High,Dry,475
01/06/2024 00:21,13214,London,Chelsea,1343,31,5,Low,Wet,5703
04/10/2024 01:28,12118,London,Islington,3162,36,5,Medium,Dry,9273
08/04/2024 18:32,9994,London,Southwark,1644,62,4,Low,Wet,6330
26/11/2024 17:50,15421,London,Chelsea,460,42,5,Medium,Dry,5327
11/01/2024 02:27,13244,London,Southwark,4029,33,4,Low,Damaged,2008
11/07/2024 19:46,13820,London,Islington,4397,76,0,Medium,Dry,3713
23/02/2024 22:41,10183,London,Camden,1170,81,9,Low,Dry,6501
15/06/2024 05:35,14122,London,Southwark,3231,38,4,Low,Snowy,2120
06/02/2024 12:08,13751,London,Islington,376,46,3,Low,Damaged,8993
06/03/2024 04:11,13607,London,Camden,4433,61,7,Medium,Damaged,1284
08/10/2024 17:05,16328,London,Islington,4264,87,6,Low,Dry,9424
04/11/2024 14:30,10625,London,Camden,3868,98,4,Low,Dry,1541
28/02/2024 12:48,18353,London,Southwark,4351,82,5,Low,Dry,618
29/07/2024 14:29,19088,London,Chelsea,2747,89,0,Low,Damaged,858
05/11/2024 19:39,16634,London,Southwark,4877,53,7,Low,Wet,5422
12/02/2024 12:20,18526,London,Camden,4804,42,7,Medium,Dry,6850
24/05/2024 02:49,11437,London,Chelsea,1075,34,5,Low,Dry,286
25/10/2024 18:37,14365,London,Chelsea,1832,74,9,Medium,Snowy,8193
20/04/2024 16:25,13874,London,Camden,1147,48,9,High,Dry,5042
02/07/2024 22:43,10193,London,Kensington,527,67,5,Medium,Wet,9853
23/11/2024 22:41,18819,London,Islington,2737,26,6,Low,Damaged,9924
27/06/2024 21:16,12066,London,Islington,4516,27,6,Low,Snowy,7043
18/02/2024 13:31,12210,London,Islington,468,23,1,High,Snowy,8106
24/08/2024 01:24,10951,London,Chelsea,1167,85,3,Low,Dry,9592
12/10/2024 17:55,13581,London,Kensington,1329,35,4,Medium,Snowy,2577
30/04/2024 11:53,18302,London,Southwark,4036,66,7,Low,Damaged,6425
29/11/2024 13:46,17360,London,Chelsea,4856,66,6,Medium,Snowy,1863
20/07/2024 01:28,12597,London,Chelsea,3144,94,4,High,Snowy,257
25/02/2024 01:53,19732,London,Islington,4533,59,0,Low,Dry,9349
31/10/2024 19:11,16765,London,Islington,6,11,0,High,Dry,927
12/08/2024 00:21,12173,London,Islington,887,89,6,Low,Snowy,5101
17/02/2024 17:39,14643,London,Kensington,1875,41,7,Low,Dry,4217
21/01/2024 09:33,9907,London,Kensington,1374,15,6,High,Dry,3475
12/05/2024 22:18,17822,London,Islington,1325,59,8,Medium,Wet,1518
23/10/2024 12:11,19434,London,Islington,4487,28,9,High,Wet,5828
28/11/2024 21:14,11548,London,Southwark,1654,11,3,High,Dry,8115
07/09/2024 05:20,15257,London,Camden,3517,73,4,Low,Dry,970
25/02/2024 07:47,12220,London,Southwark,1601,80,9,High,Dry,8942
06/06/2024 11:39,14052,London,Islington,3570,22,7,Low,Dry,8518
16/03/2024 00:52,12748,London,Southwark,4634,83,7,Low,Wet,3422
25/10/2024 07:41,12204,London,Southwark,1147,21,3,Low,Wet,4122
08/03/2024 06:01,17331,London,Islington,1761,93,8,Medium,Wet,1370
18/03/2024 07:05,17334,London,Kensington,3897,70,9,Low,Wet,2734
24/06/2024 06:19,16417,London,Islington,742,96,8,Medium,Damaged,2633
15/12/2024 12:32,16545,London,Southwark,4554,95,3,High,Damaged,4296
04/06/2024 12:55,14796,London,Kensington,2813,64,0,Medium,Snowy,9300
04/04/2024 13:10,15624,London,Southwark,41,38,2,Medium,Snowy,8761
02/11/2024 16:54,10940,London,Camden,874,37,8,Medium,Dry,4927
31/08/2024 21:54,16889,London,Camden,3588,20,9,Medium,Wet,1470
25/10/2024 19:05,19046,London,Camden,4806,81,4,High,Damaged,1408
30/05/2024 08:47,19843,London,Camden,2905,85,9,Low,Dry,1985
18/02/2024 02:22,14401,London,Islington,3519,71,7,Low,Snowy,5031
17/06/2024 12:49,19436,London,Chelsea,3632,35,1,High,Damaged,1176
28/08/2024 03:55,15029,London,Kensington,192,38,7,Low,Damaged,1654
22/09/2024 19:32,16483,London,Chelsea,2041,98,1,High,Dry,9197
19/02/2024 06:59,18173,London,Islington,3724,63,5,High,Damaged,9186
16/07/2024 11:42,18833,London,Islington,1720,72,3,Low,Dry,7417
23/06/2024 05:18,17448,London,Islington,4773,16,4,Low,Damaged,1007
05/10/2024 16:56,12831,London,Islington,1159,15,2,Medium,Dry,5384
21/05/2024 15:43,16280,London,Kensington,2725,86,4,Low,Dry,3624
24/02/2024 18:53,16119,London,Islington,4091,57,7,High,Snowy,1291
09/05/2024 17:40,17707,London,Kensington,71,65,1,Medium,Dry,2201
13/04/2024 20:27,16028,London,Southwark,3267,81,2,Low,Wet,2085
07/10/2024 14:12,16750,London,Islington,3315,51,7,Low,Damaged,542
12/05/2024 05:55,16065,London,Islington,60,36,1,High,Snowy,9360
27/07/2024 22:37,13688,London,Chelsea,6,47,6,High,Wet,5565
12/07/2024 15:05,10526,London,Southwark,3443,36,0,High,Snowy,427
14/04/2024 00:58,14963,London,Camden,2650,58,2,Low,Dry,3294
02/05/2024 21:50,17037,London,Islington,1178,92,1,Medium,Snowy,6671
25/05/2024 04:14,11135,London,Kensington,1117,92,8,High,Dry,2023
14/09/2024 05:27,11486,London,Kensington,4204,21,2,Low,Dry,1289
11/05/2024 05:43,17774,London,Kensington,852,45,6,High,Damaged,3800
20/09/2024 00:24,19480,London,Chelsea,1996,24,8,High,Dry,3669
13/05/2024 10:14,13252,London,Southwark,1921,75,4,Medium,Wet,6449
25/04/2024 04:57,19358,London,Camden,3680,70,8,Low,Snowy,3205
03/04/2024 04:30,18644,London,Islington,2643,11,4,High,Snowy,3181
06/02/2024 14:25,15115,London,Islington,2494,62,6,Low,Dry,7148
11/08/2024 11:24,11113,London,Chelsea,3601,-46,4,High,Damaged,9986
14/12/2024 02:58,11665,London,Kensington,3430,70,9,Low,Snowy,6318
10/01/2024 17:26,13001,London,Kensington,2706,30,9,Low,Damaged,5414
13/07/2024 20:46,9983,London,Islington,4744,53,3,Low,Snowy,7570
05/02/2024 22:53,10588,London,Islington,1084,58,6,Low,Dry,8388
02/07/2024 16:19,15620,London,Chelsea,4140,76,2,High,Dry,9808
04/02/2024 18:35,17869,London,Islington,4252,73,8,Medium,Wet,9946
05/10/2024 11:36,15854,London,Islington,3390,81,2,Medium,Damaged,9292
22/10/2024 08:36,12241,London,Camden,4689,71,5,High,Dry,792
29/06/2024 14:23,10687,London,Camden,978,53,4,Low,Dry,2398
10/10/2024 23:32,15332,London,Islington,62,94,3,Medium,Damaged,7731
01/10/2024 03:37,12884,London,Camden,3236,22,3,Low,Wet,608
11/05/2024 07:13,13787,London,Islington,4687,74,5,Low,Wet,7453
10/10/2024 15:47,10885,London,Islington,2173,60,7,Medium,Dry,165
30/12/2024 17:01,13089,London,Camden,4639,-15,2,Low,Dry,8880
19/05/2024 00:11,17730,London,Islington,2502,34,8,Low,Snowy,9121
08/02/2024 06:22,11682,London,Islington,771,-15,8,Low,Damaged,8209
09/09/2024 03:29,19289,London,Islington,2150,20,6,High,Wet,9575
13/02/2024 21:21,14678,London,Chelsea,2762,-44,6,Medium,Snowy,1920
24/03/2024 20:35,18114,London,Islington,3468,27,8,Low,Dry,2795
12/02/2024 09:43,13615,London,Islington,4789,88,6,Low,Dry,4002
09/08/2024 05:42,19782,London,Chelsea,3608,12,2,High,Dry,4788
11/11/2024 03:03,19876,London,Southwark,3235,57,8,Low,Dry,7048
04/06/2024 21:12,17423,London,Camden,1897,79,2,Medium,Dry,3328
02/08/2024 20:49,10385,London,Chelsea,1535,99,8,Medium,Wet,5298
06/09/2024 02:45,14737,London,Kensington,1806,81,4,Medium,Damaged,7395
08/02/2024 17:57,15153,London,Islington,866,82,0,Low,Snowy,2413
07/05/2024 00:23,12320,London,Southwark,3272,38,4,High,Damaged,2360
13/11/2024 23:53,17786,London,Southwark,2434,50,7,Medium,Damaged,1931
19/11/2024 10:54,15026,London,Chelsea,3322,50,2,High,Snowy,4838
30/04/2024 15:03,10371,London,Islington,119,90,3,Medium,Dry,2715
27/02/2024 13:54,12185,London,Islington,2453,16,9,Low,Snowy,413
01/08/2024 21:06,13633,London,Southwark,3946,60,7,Low,Wet,7224
29/10/2024 00:47,12644,London,Chelsea,3531,56,9,Low,Damaged,7458
08/07/2024 10:32,14294,London,Islington,1644,62,1,Medium,Dry,8090
09/12/2024 15:59,12104,London,Islington,4426,66,9,Low,Damaged,1301
11/03/2024 09:55,16812,London,Kensington,2958,41,5,Medium,Snowy,3973
16/04/2024 07:25,14691,London,Chelsea,2223,91,6,Low,Dry,5914
05/06/2024 20:05,9763,London,Kensington,4937,26,8,Low,Snowy,2656
29/10/2024 02:13,15787,London,Southwark,3117,45,7,Low,Snowy,9665
20/02/2024 16:10,12890,London,Chelsea,3888,44,3,High,Wet,9995
31/07/2024 04:39,13049,London,Chelsea,879,76,0,Low,Dry,5000
01/09/2024 22:21,13838,London,Camden,3362,57,4,High,Snowy,3839
18/11/2024 11:57,15974,London,Southwark,1169,92,4,High,Dry,6670
08/03/2024 15:20,13744,London,Camden,3987,49,1,Low,Snowy,3422
10/01/2024 04:29,15505,London,Islington,317,15,8,High,Dry,681
14/04/2024 23:15,12209,London,Kensington,1698,83,3,Low,Wet,7612
19/07/2024 09:05,15586,London,Chelsea,3709,24,5,Low,Snowy,3404
19/07/2024 18:30,11322,London,Islington,4532,12,1,Medium,Damaged,3868
22/10/2024 07:40,10098,London,Islington,1155,47,5,Low,Wet,838
06/05/2024 03:45,13581,London,Chelsea,2430,33,9,Low,Dry,700
31/05/2024 02:24,18666,London,Camden,3663,54,1,High,Damaged,5350
08/03/2024 19:01,14172,London,Islington,2867,49,2,High,Dry,6046
17/07/2024 17:22,10402,London,Islington,2728,35,6,High,Damaged,7804
03/12/2024 02:06,19762,London,Islington,677,86,7,Low,Dry,2140
28/10/2024 08:30,12768,London,Kensington,3674,45,4,Medium,Snowy,9743
23/03/2024 09:41,19176,London,Islington,1287,29,0,Low,Snowy,2396
17/06/2024 05:58,11666,London,Islington,3374,37,0,Low,Dry,7634
17/12/2024 03:57,15789,London,Southwark,4610,78,5,Medium,Wet,1253
10/06/2024 09:08,19640,London,Southwark,2728,43,0,Low,Wet,9093
15/06/2024 13:04,12527,London,Camden,3549,95,7,Low,Dry,7433
20/06/2024 05:26,19917,London,Islington,252,12,7,Low,Dry,2472
22/12/2024 05:19,16741,London,Islington,3550,23,4,Low,Dry,8951
01/02/2024 10:21,10818,London,Chelsea,1707,54,2,Low,Damaged,9576
03/07/2024 07:32,17207,London,Kensington,2709,64,0,Low,Damaged,9139
15/02/2024 01:54,12381,London,Southwark,2541,28,8,Low,Dry,6791
28/04/2024 04:38,9239,London,Southwark,3353,92,9,Medium,Damaged,1374
25/05/2024 04:07,14443,London,Southwark,1858,89,3,Medium,Dry,1636
17/12/2024 03:18,9714,London,Chelsea,2509,58,2,Low,Dry,2560
13/02/2024 04:59,13644,London,Kensington,2959,35,5,Medium,Dry,6228
29/01/2024 06:22,18540,London,Islington,3124,86,9,Low,Wet,6034
13/08/2024 01:51,12902,London,Camden,710,19,1,Medium,Wet,1703
13/04/2024 00:37,13006,London,Camden,4717,58,5,Medium,Damaged,8735
10/02/2024 14:53,11952,London,Camden,494,18,3,Low,Dry,4002
23/06/2024 09:11,9423,London,Southwark,4595,28,7,High,Snowy,6540
23/05/2024 23:32,9851,London,Chelsea,4483,-15,1,High,Dry,2622
11/02/2024 08:39,10839,London,Islington,2836,79,7,Medium,Dry,4486
12/02/2024 11:40,11015,London,Chelsea,639,27,4,Low,Damaged,5437
02/02/2024 15:22,14051,London,Islington,1929,90,9,Low,Dry,5447
23/06/2024 17:51,14900,London,Chelsea,4977,43,1,High,Dry,8674
20/06/2024 17:15,16781,London,Southwark,4870,78,6,Medium,Wet,3103
27/11/2024 02:38,19684,London,Southwark,4992,37,1,Low,Damaged,2472
01/12/2024 00:12,18251,London,Kensington,2800,18,3,Low,Snowy,9283
15/04/2024 21:06,19323,London,Islington,3954,22,8,Medium,Dry,5363
24/12/2024 22:16,11302,London,Kensington,368,39,8,Medium,Wet,3850
26/02/2024 15:37,11861,London,Islington,59,70,9,High,Dry,7332
08/06/2024 03:37,9545,London,Kensington,1281,57,2,Low,Damaged,6789
09/04/2024 08:19,9998,London,Camden,4916,99,7,Medium,Dry,4973
29/02/2024 03:27,17195,London,Southwark,1368,44,7,Low,Damaged,4291
04/03/2024 10:49,14385,London,Kensington,3554,48,6,Medium,Dry,4756
15/05/2024 05:32,12558,London,Islington,2906,96,7,Medium,Snowy,5133
20/02/2024 02:21,11412,London,Kensington,3386,17,9,Medium,Damaged,5630
18/07/2024 11:31,11373,London,Camden,1856,58,8,Low,Dry,9450
29/03/2024 11:37,10697,London,Chelsea,2005,91,5,Medium,Wet,150
08/05/2024 02:00,15561,London,Chelsea,3239,90,2,High,Damaged,3138
01/06/2024 01:41,11691,London,Chelsea,2832,97,6,Medium,Snowy,9925
19/09/2024 07:22,17679,London,Chelsea,2567,68,3,Medium,Dry,146
01/01/2024 12:08,12062,London,Islington,2874,76,4,Low,Dry,7484
26/07/2024 00:00,18462,London,Islington,3435,21,0,High,Dry,267
09/10/2024 14:56,14363,London,Southwark,1796,82,5,High,Snowy,2017
29/12/2024 18:22,11342,London,Islington,4914,42,0,Low,Snowy,7774
06/10/2024 04:43,10601,London,Islington,2655,89,6,Low,Wet,8230
30/08/2024 06:38,9897,London,Islington,4761,54,1,Low,Damaged,1183
28/01/2024 20:17,18915,London,Chelsea,382,71,2,Medium,Dry,7568
17/10/2024 16:21,11200,London,Islington,4265,80,3,Low,Wet,5936
04/02/2024 19:06,18755,London,Islington,3757,49,5,Medium,Wet,7550
14/05/2024 23:16,18614,London,Kensington,2877,38,1,High,Dry,6976
25/05/2024 07:31,18272,London,Kensington,411,15,2,Low,Wet,8979
29/07/2024 01:43,10363,London,Islington,756,44,9,Low,Snowy,3585
10/11/2024 06:17,17766,London,Southwark,4124,36,3,Low,Wet,3280
19/01/2024 05:53,9862,London,Islington,3349,64,0,High,Damaged,4814
16/03/2024 05:37,18229,London,Southwark,3696,45,8,Low,Dry,5139
30/11/2024 16:27,16982,London,Islington,577,81,8,Low,Dry,9786
21/02/2024 09:27,12228,London,Islington,4510,60,4,Low,Damaged,4157
12/07/2024 06:52,17375,London,Camden,4450,49,3,High,Wet,1149
16/07/2024 05:51,10456,London,Southwark,4359,38,5,Medium,Wet,7065
13/07/2024 10:19,15310,London,Camden,2387,47,5,High,Dry,8734
22/12/2024 05:03,9911,London,Islington,3187,15,3,Low,Wet,7098
04/01/2024 21:19,13862,London,Camden,4367,-33,9,Medium,Dry,9863
10/12/2024 01:49,15066,London,Islington,4573,16,0,Low,Dry,2179
16/03/2024 05:34,13085,London,Islington,3136,32,0,Low,Wet,4846
07/07/2024 00:41,9754,London,Islington,2285,56,7,Low,Dry,404
10/05/2024 11:35,15362,London,Camden,2298,89,3,Medium,Snowy,9949
20/08/2024 18:31,13885,London,Islington,2596,68,9,High,Wet,5681
22/11/2024 14:32,15822,London,Kensington,449,67,1,High,Dry,2692
22/10/2024 17:49,12690,London,Islington,4179,67,3,Low,Snowy,460
27/06/2024 16:50,17618,London,Camden,1300,22,3,High,Damaged,7789
16/05/2024 06:50,15303,London,Islington,2628,50,7,Medium,Wet,4474
02/11/2024 14:29,16590,London,Chelsea,3490,47,5,Medium,Dry,4757
22/01/2024 13:38,11415,London,Kensington,3692,56,8,Low,Dry,136
18/07/2024 23:20,19675,London,Kensington,1972,73,9,High,Dry,302
31/10/2024 22:05,19842,London,Southwark,4816,89,5,Medium,Damaged,9133
11/06/2024 10:22,17936,London,Islington,115,57,9,Medium,Dry,394
29/03/2024 21:29,9540,London,Southwark,584,70,4,Low,Wet,3835
01/03/2024 08:36,15033,London,Islington,3902,67,7,High,Snowy,9251
14/11/2024 15:57,9500,London,Islington,3015,43,0,Medium,Snowy,7068
01/01/2024 09:33,13498,London,Camden,2870,76,5,Low,Dry,5082
16/02/2024 09:53,16877,London,Islington,679,39,5,Low,Dry,5939
27/01/2024 08:25,10115,London,Islington,3186,27,2,Medium,Wet,2196
09/02/2024 20:07,14319,London,Camden,3034,99,7,Low,Dry,7096
12/09/2024 04:45,15921,London,Southwark,901,88,5,Low,Snowy,8940
13/12/2024 06:29,18334,London,Kensington,2180,52,9,Low,Wet,4042
27/10/2024 02:25,18878,London,Southwark,66,35,6,Low,Wet,9458
27/03/2024 17:12,16573,London,Chelsea,4887,46,9,Low,Wet,8128
04/02/2024 00:33,9927,London,Chelsea,4218,55,8,Low,Snowy,5083
04/09/2024 08:25,14995,London,Islington,4909,20,1,Low,Snowy,9252
31/03/2024 18:34,9766,London,Islington,1743,18,3,Low,Damaged,6841
17/04/2024 10:56,17194,London,Camden,4563,36,0,Low,Wet,1699
11/09/2024 10:01,13936,London,Southwark,2512,-39,6,High,Snowy,4341
01/11/2024 07:03,19115,London,Islington,3499,38,7,Low,Snowy,9549
06/10/2024 19:54,12504,London,Islington,4329,45,7,High,Wet,3096
21/06/2024 03:05,14461,London,Chelsea,337,24,1,Low,Snowy,683
28/07/2024 09:25,9122,London,Islington,922,97,9,Low,Damaged,9428
20/12/2024 19:58,17483,London,Islington,662,83,7,High,Dry,4614
13/07/2024 10:54,17982,London,Kensington,3142,72,5,Medium,Dry,8544
01/10/2024 14:30,15578,London,Chelsea,968,-74,6,Low,Dry,8457
31/05/2024 20:21,9346,London,Chelsea,2095,31,1,Low,Snowy,3527
20/08/2024 05:18,10989,London,Islington,1104,54,0,Low,Snowy,6812
18/01/2024 19:55,15468,London,Southwark,81,90,5,Low,Damaged,5671
04/10/2024 23:48,11937,London,Islington,2216,25,7,Low,Wet,5513
25/05/2024 05:57,18313,London,Islington,862,88,2,Low,Snowy,7753
20/04/2024 12:13,9192,London,Islington,4502,49,4,Low,Wet,9421
17/02/2024 15:52,14599,London,Islington,1068,64,4,High,Damaged,1991
12/11/2024 09:57,10950,London,Islington,2382,92,1,Low,Dry,5762
25/03/2024 04:26,17769,London,Camden,204,41,2,Medium,Snowy,4874
11/10/2024 00:17,13600,London,Camden,3287,62,1,High,Dry,8607
08/03/2024 14:32,16015,London,Kensington,1376,50,5,Low,Snowy,8322
02/04/2024 03:01,19677,London,Kensington,3785,15,1,High,Snowy,7702
01/12/2024 14:11,12982,London,Chelsea,1508,58,8,High,Snowy,4921
15/12/2024 03:25,18441,London,Chelsea,2206,88,0,Low,Dry,8217
10/12/2024 16:07,17077,London,Islington,3073,42,0,Medium,Dry,8843
04/12/2024 13:09,17182,London,Southwark,896,44,1,Low,Wet,5434
10/02/2024 18:29,13022,London,Southwark,2925,35,9,High,Wet,3137
30/12/2024 02:51,10190,London,Islington,2095,81,6,Low,Dry,965
12/02/2024 16:38,10954,London,Islington,2716,59,9,High,Damaged,2255
23/08/2024 19:52,9546,London,Camden,3653,29,2,High,Wet,7950
15/03/2024 23:42,15882,London,Kensington,4786,43,0,High,Dry,8222
17/07/2024 14:35,19993,London,Chelsea,1911,61,1,Low,Wet,2908
20/02/2024 14:40,12381,London,Chelsea,3392,55,3,High,Dry,5295
27/05/2024 17:04,17988,London,Kensington,3853,68,1,Low,Dry,4846
11/07/2024 07:55,13501,London,Islington,2658,68,7,Low,Snowy,2143
24/08/2024 16:25,13733,London,Islington,1082,72,3,High,Dry,6053
13/04/2024 13:25,13389,London,Islington,2860,97,4,Medium,Wet,2323
14/06/2024 08:19,15512,London,Southwark,3692,70,1,Low,Snowy,381
27/07/2024 00:50,18588,London,Islington,4966,-96,9,Low,Snowy,252
18/11/2024 14:18,11826,London,Chelsea,282,65,8,High,Dry,6809
29/05/2024 06:57,15965,London,Southwark,1896,93,3,High,Dry,6633
26/03/2024 06:14,10353,London,Camden,2382,99,7,Low,Damaged,1603
29/03/2024 10:36,19073,London,Chelsea,3824,31,3,Low,Damaged,373
26/09/2024 18:26,13743,London,Camden,2758,24,3,Low,Wet,260
17/08/2024 09:05,15117,London,Kensington,4471,85,4,Low,Wet,8115
04/10/2024 12:26,9522,London,Islington,2555,19,3,Low,Wet,6458
14/02/2024 12:38,19796,London,Camden,2168,96,0,Low,Wet,8304
11/12/2024 21:19,11333,London,Southwark,3327,38,2,High,Dry,8750
02/06/2024 06:51,13029,London,Islington,2078,51,6,Low,Dry,3904
31/10/2024 17:19,9157,London,Camden,1175,12,6,High,Wet,5287
07/02/2024 04:45,15346,London,Camden,814,31,4,High,Dry,4926
12/08/2024 10:46,10223,London,Southwark,2905,62,3,Low,Damaged,7849
22/01/2024 20:45,10440,London,Southwark,3335,66,7,Low,Wet,3548
23/03/2024 18:14,18867,London,Kensington,2167,78,6,Low,Dry,1167
20/02/2024 01:27,9371,London,Chelsea,3033,91,2,High,Wet,279
14/12/2024 23:17,15402,London,Southwark,2165,37,0,Low,Damaged,9844
16/06/2024 05:52,18340,London,Camden,4115,73,8,Medium,Damaged,5735
23/12/2024 14:56,12804,London,Islington,320,26,3,Low,Wet,5715
02/07/2024 07:39,14028,London,Islington,2080,41,2,Medium,Dry,8827
06/09/2024 06:15,15826,London,Chelsea,2850,82,9,Low,Dry,3654
11/10/2024 06:16,19931,London,Southwark,991,44,3,Low,Wet,5913
04/04/2024 03:07,19470,London,Islington,4024,30,7,Low,Damaged,5016
28/01/2024 04:22,13809,London,Kensington,1558,14,7,Low,Snowy,7169
28/11/2024 15:37,14511,London,Islington,1395,92,6,High,Wet,3399
22/05/2024 06:54,18188,London,Islington,1047,30,3,Medium,Snowy,6491
24/03/2024 03:22,16762,London,Islington,1009,52,7,Low,Dry,2097
13/11/2024 19:33,19389,London,Southwark,3593,56,0,Low,Snowy,2550
16/01/2024 08:25,14965,London,Islington,4052,75,8,Medium,Dry,5757
27/11/2024 10:51,17710,London,Chelsea,4972,56,1,Low,Damaged,7926
15/10/2024 16:37,15357,London,Chelsea,2213,23,9,Medium,Dry,2460
30/05/2024 02:46,10254,London,Islington,2280,72,1,Medium,Wet,8607
12/11/2024 17:55,12925,London,Islington,3396,71,7,Low,Dry,7694
08/10/2024 12:14,11584,London,Islington,4873,69,8,Low,Snowy,2414
30/06/2024 10:09,18895,London,Camden,2782,33,0,Medium,Dry,2721
19/08/2024 23:28,10485,London,Camden,1919,34,7,Low,Wet,1506
21/12/2024 07:31,13682,London,Islington,1516,60,9,High,Dry,1370
24/08/2024 11:24,9047,London,Southwark,2535,47,9,Low,Dry,6955
27/12/2024 09:58,18651,London,Southwark,4474,78,4,Low,Wet,2223
23/10/2024 01:40,14510,London,Chelsea,3656,83,1,Low,Dry,7588
17/03/2024 07:59,19677,London,Islington,4332,77,9,High,Dry,1532
24/09/2024 03:59,16119,London,Camden,314,46,2,High,Dry,2952
22/11/2024 08:02,12095,London,Camden,987,86,0,Low,Dry,9652
21/01/2024 01:54,13383,London,Southwark,2169,44,7,Low,Dry,6710
25/04/2024 19:00,15717,London,Islington,3176,18,5,High,Dry,5650
26/06/2024 05:49,9261,London,Chelsea,504,61,0,Low,Dry,3441
30/01/2024 00:54,10874,London,Islington,2256,47,9,Low,Wet,7327
02/02/2024 05:56,11956,London,Islington,1964,25,3,Low,Damaged,7714
01/11/2024 00:10,14256,London,Kensington,37,54,1,High,Wet,9647
05/09/2024 19:44,17958,London,Islington,3797,38,6,High,Dry,4861
18/12/2024 18:05,9985,London,Chelsea,80,56,2,High,Dry,6443
21/06/2024 23:02,13412,London,Camden,870,20,9,Low,Wet,5555
10/12/2024 11:48,18994,London,Camden,1828,95,0,Medium,Dry,5229
27/02/2024 01:09,13467,London,Southwark,1861,47,9,Low,Dry,3902
13/11/2024 19:44,18065,London,Camden,2175,69,5,Low,Damaged,2415
23/05/2024 09:21,10663,London,Islington,4868,23,0,Low,Dry,3097
19/01/2024 03:14,17124,London,Chelsea,2487,91,9,High,Damaged,5704
21/06/2024 01:10,12699,London,Kensington,2402,42,4,Low,Wet,8409
20/03/2024 01:40,12377,London,Camden,1735,16,3,High,Snowy,3057
01/05/2024 09:35,9219,London,Islington,673,70,0,Low,Damaged,1836
07/07/2024 00:56,18933,London,Kensington,1202,32,5,Low,Wet,5447
30/12/2024 23:05,16793,London,Islington,4478,-17,9,Low,Wet,8545
03/06/2024 11:18,14057,London,Islington,3809,70,2,Low,Damaged,3926
10/01/2024 22:30,13810,London,Islington,1015,17,3,Medium,Wet,1520
14/04/2024 00:14,13939,London,Chelsea,1852,32,7,Low,Dry,325
17/01/2024 05:37,12653,London,Islington,1092,-92,2,Low,Damaged,2360
31/05/2024 22:26,10919,London,Camden,3527,53,5,Low,Dry,8596
13/09/2024 19:21,13719,London,Chelsea,2812,51,8,High,Snowy,145
18/01/2024 23:50,11856,London,Islington,3548,20,5,Low,Dry,4105
25/09/2024 17:42,19756,London,Chelsea,817,48,8,High,Wet,3941
28/02/2024 14:46,14386,London,Chelsea,1190,22,3,Low,Dry,5486
04/04/2024 08:06,15402,London,Camden,3008,27,4,Medium,Dry,4818
12/04/2024 10:17,12749,London,Southwark,4858,23,1,High,Dry,572
13/06/2024 20:20,17982,London,Chelsea,3162,16,9,High,Snowy,8153
08/09/2024 11:18,11867,London,Chelsea,3583,44,8,Low,Wet,1180
22/05/2024 01:45,10540,London,Chelsea,2277,86,1,Medium,Damaged,2584
07/02/2024 02:19,19075,London,Camden,1918,36,4,Low,Dry,9753
01/05/2024 19:55,16158,London,Southwark,2127,51,9,Medium,Wet,4370
25/10/2024 02:48,10339,London,Islington,3566,66,4,Medium,Dry,6514
15/08/2024 13:52,11652,London,Chelsea,4322,44,7,Medium,Damaged,1865
03/08/2024 03:12,19607,London,Southwark,471,46,5,Low,Dry,2349
07/11/2024 13:09,16207,London,Islington,2510,58,1,High,Wet,7713
25/08/2024 12:22,15557,London,Southwark,1534,73,0,Low,Dry,2658
23/01/2024 23:13,18763,London,Kensington,3832,61,5,Medium,Dry,7382
21/07/2024 00:25,15271,London,Islington,2370,75,2,Low,Damaged,7702
04/12/2024 13:20,15873,London,Islington,3931,47,2,Low,Dry,8730
27/10/2024 03:16,14623,London,Southwark,3101,75,6,Low,Dry,4174
04/09/2024 16:32,13182,London,Kensington,1564,68,4,Low,Damaged,9188
30/03/2024 04:13,19934,London,Chelsea,3340,24,6,Medium,Snowy,8429
25/04/2024 10:11,9770,London,Southwark,4625,28,7,Medium,Damaged,2556
14/01/2024 18:46,11328,London,Islington,663,29,1,Medium,Dry,4427
09/09/2024 14:12,13047,London,Camden,1903,62,8,Medium,Snowy,8509
27/06/2024 23:40,19284,London,Islington,4463,73,2,High,Dry,9404
21/12/2024 05:41,11239,London,Chelsea,2529,12,2,Low,Damaged,6083
24/02/2024 19:31,17282,London,Kensington,1885,46,2,Low,Wet,8603
08/09/2024 02:26,11709,London,Camden,4371,49,3,Low,Wet,6500
25/10/2024 19:52,10824,London,Islington,3798,39,1,High,Dry,7735
15/05/2024 23:12,12892,London,Islington,4497,69,0,High,Damaged,3947
29/01/2024 18:49,16541,London,Kensington,318,38,1,Low,Dry,7063
27/08/2024 08:12,10937,London,Islington,2406,52,3,Low,Snowy,8606
12/04/2024 01:53,10350,London,Camden,1508,63,1,Low,Dry,7752
28/12/2024 15:51,16318,London,Chelsea,3690,41,5,Low,Snowy,7897
18/05/2024 18:10,13027,London,Islington,723,25,5,High,Snowy,4298
26/04/2024 06:23,12229,London,Kensington,263,83,5,Low,Damaged,133
29/02/2024 16:26,16461,London,Southwark,331,79,7,Low,Dry,8488
22/06/2024 11:21,13831,London,Kensington,1439,62,5,Low,Snowy,9055
09/12/2024 15:55,18593,London,Chelsea,3286,61,5,Low,Damaged,4456
29/11/2024 23:08,15157,London,Southwark,711,90,4,Low,Dry,8703
09/04/2024 21:54,14154,London,Kensington,1253,52,6,Low,Snowy,2678
13/05/2024 18:29,13707,London,Camden,3147,43,4,Low,Dry,8026
20/12/2024 01:11,13766,London,Islington,3553,14,5,High,Dry,6350
25/04/2024 16:42,16953,London,Camden,3082,14,7,High,Dry,9096
05/11/2024 17:02,17416,London,Islington,2314,84,9,High,Dry,2475
02/06/2024 01:29,14219,London,Islington,155,47,4,Low,Wet,332
10/06/2024 14:18,11087,London,Camden,3320,18,6,High,Dry,651
03/06/2024 23:28,14968,London,Islington,152,-81,8,High,Snowy,5681
13/01/2024 16:04,13601,London,Camden,3722,43,9,Low,Snowy,3202
05/03/2024 04:31,15196,London,Islington,1569,49,8,Low,Dry,6661
26/03/2024 20:26,12579,London,Kensington,2827,78,8,Low,Wet,8113
07/05/2024 18:46,13334,London,Islington,4712,34,6,Low,Snowy,1655
17/10/2024 21:35,15580,London,Camden,1352,97,7,Low,Wet,4705
26/12/2024 07:15,15481,London,Islington,1329,63,2,Low,Dry,1898
14/10/2024 04:00,12807,London,Chelsea,3479,64,1,Medium,Dry,3989
28/04/2024 06:06,16286,London,Kensington,4135,18,1,Low,Wet,5279
20/04/2024 15:19,11372,London,Chelsea,850,61,4,Medium,Wet,6906
26/06/2024 23:18,14200,London,Islington,4934,40,0,High,Dry,8158
09/04/2024 00:51,16747,London,Islington,4317,90,9,Low,Dry,2179
13/06/2024 12:23,13890,London,Islington,2344,72,5,Low,Dry,1999
23/11/2024 00:27,15795,London,Camden,2151,31,6,Low,Dry,619
15/12/2024 16:26,14615,London,Camden,4276,67,0,High,Dry,3301
08/11/2024 05:34,18812,London,Southwark,331,87,1,Low,Dry,3403
13/06/2024 08:50,13142,London,Islington,663,24,3,High,Dry,4570
21/10/2024 12:51,17540,London,Chelsea,3204,62,3,Low,Snowy,1164
03/01/2024 00:04,15887,London,Islington,4898,25,5,Low,Wet,5619
09/03/2024 00:56,11540,London,Southwark,3731,49,4,Low,Snowy,2725
19/05/2024 15:17,10306,London,Kensington,3837,15,2,High,Dry,3735
14/10/2024 06:39,9472,London,Camden,1420,33,6,Medium,Snowy,3250
12/06/2024 03:08,13220,London,Kensington,1336,83,7,Low,Dry,5960
07/09/2024 09:46,15160,London,Southwark,2397,70,3,Low,Wet,3202
07/01/2024 07:33,14368,London,Islington,4760,31,9,Low,Snowy,8540
28/02/2024 10:38,10504,London,Kensington,3396,33,5,Medium,Dry,206
16/04/2024 02:31,11834,London,Camden,3825,56,1,Medium,Dry,5391
08/11/2024 06:30,9502,London,Camden,2480,35,6,Low,Dry,9601
08/11/2024 20:52,13356,London,Chelsea,4186,72,1,High,Dry,4167
14/09/2024 17:59,14628,London,Camden,837,66,6,Low,Dry,7400
03/05/2024 03:50,11712,London,Southwark,1973,31,0,High,Damaged,8170
08/05/2024 23:31,16584,London,Camden,2404,39,7,Medium,Dry,1069
16/04/2024 13:36,11832,London,Islington,1463,45,3,Low,Snowy,3664
19/04/2024 13:18,9163,London,Camden,2226,65,7,Low,Dry,1510
17/07/2024 19:26,12931,London,Camden,1868,42,2,Low,Dry,9256
12/10/2024 02:12,16426,London,Camden,1610,41,4,High,Snowy,147
29/08/2024 09:52,18106,London,Islington,3203,35,5,Medium,Damaged,4953
19/04/2024 20:44,19684,London,Chelsea,3093,82,9,Low,Dry,858
03/02/2024 04:16,12379,London,Chelsea,737,96,1,Low,Dry,5467
13/07/2024 07:11,18846,London,Camden,459,99,8,Medium,Damaged,5335
25/06/2024 20:18,16103,London,Islington,4389,25,2,Low,Dry,6506
18/07/2024 15:09,16667,London,Islington,1108,10,7,Low,Damaged,4630
12/12/2024 05:14,18580,London,Southwark,465,28,3,Low,Damaged,2954
11/09/2024 17:20,17944,London,Southwark,3705,62,4,Medium,Snowy,3339
07/10/2024 20:20,16608,London,Camden,1257,92,9,Low,Snowy,9546
01/11/2024 11:44,11443,London,Islington,701,71,1,Medium,Dry,5633
13/10/2024 11:23,18550,London,Camden,2830,91,3,Medium,Damaged,4599
15/11/2024 17:27,17308,London,Islington,153,88,8,Medium,Dry,5410
27/05/2024 06:18,11456,London,Kensington,4096,82,0,Medium,Damaged,2759
23/06/2024 19:12,19831,London,Southwark,1549,40,2,Low,Dry,8699
11/01/2024 00:06,9242,London,Islington,4125,58,6,Low,Dry,273
08/03/2024 06:03,11770,London,Kensington,4894,18,8,Low,Dry,9543
11/01/2024 20:58,9380,London,Islington,3303,84,2,Medium,Damaged,159
10/02/2024 23:15,18922,London,Islington,4350,79,3,Low,Damaged,6605
15/10/2024 10:16,11416,London,Chelsea,3390,24,1,Medium,Dry,8381
01/01/2024 19:57,12623,London,Kensington,111,20,8,High,Dry,8891
28/06/2024 11:20,14847,London,Camden,3094,91,1,Low,Dry,888
01/06/2024 02:08,15782,London,Islington,4459,70,9,Low,Dry,7412
01/09/2024 21:41,19454,London,Islington,4500,-35,1,Low,Wet,7893
16/04/2024 22:39,14032,London,Islington,441,57,1,Low,Dry,6758
23/06/2024 08:29,18310,London,Islington,1174,97,5,Low,Snowy,6513
14/06/2024 19:13,12351,London,Chelsea,2947,51,0,Medium,Dry,7290
04/10/2024 21:10,9036,London,Islington,868,99,3,High,Snowy,3393
15/05/2024 15:48,11531,London,Southwark,933,42,1,Low,Damaged,8356
30/04/2024 21:32,13194,London,Islington,1238,47,0,Low,Wet,7967
11/12/2024 14:09,18572,London,Southwark,1547,78,4,Medium,Damaged,4887
30/04/2024 11:13,18469,London,Kensington,2578,98,1,High,Dry,8287
07/05/2024 14:43,16756,London,Islington,225,33,2,High,Dry,8474
09/02/2024 00:13,19638,London,Chelsea,1547,33,4,Medium,Dry,4584
28/03/2024 02:46,15455,London,Islington,853,77,9,Medium,Wet,7465
18/04/2024 13:43,19125,London,Southwark,152,29,8,Low,Snowy,4042
15/08/2024 01:52,10708,London,Southwark,4569,37,7,Low,Dry,9282
10/03/2024 08:19,13023,London,Chelsea,1033,27,2,Low,Damaged,2482
31/05/2024 00:14,16819,London,Kensington,2996,35,7,Low,Dry,7571
30/10/2024 02:57,12953,London,Islington,3808,81,5,Low,Dry,6457
02/03/2024 04:18,13787,London,Islington,4548,27,5,High,Snowy,4284
01/02/2024 06:20,17197,London,Camden,4000,79,1,Low,Snowy,8470
08/11/2024 19:03,15617,London,Chelsea,4367,53,7,Low,Snowy,4870
05/11/2024 05:34,12263,London,Camden,88,71,4,Low,Snowy,4955
17/09/2024 07:00,10894,London,Chelsea,2101,95,1,Medium,Dry,3385
08/07/2024 11:08,18141,London,Camden,1712,48,7,Low,Dry,7632
22/03/2024 15:59,9282,London,Kensington,2045,75,1,Low,Wet,6317
29/09/2024 14:25,11930,London,Islington,510,57,6,Low,Dry,1037
01/04/2024 06:31,16611,London,Islington,3732,84,7,High,Wet,399
19/08/2024 21:16,12006,London,Islington,2891,32,0,Medium,Snowy,3504
06/09/2024 15:15,19985,London,Chelsea,4260,39,9,Medium,Wet,8492
18/09/2024 02:16,19385,London,Camden,1363,82,2,High,Snowy,1903
04/01/2024 00:39,11941,London,Chelsea,2499,43,3,Low,Damaged,6443
03/11/2024 09:32,14441,London,Kensington,1410,55,9,Low,Wet,8586
11/07/2024 17:44,13857,London,Chelsea,3519,56,2,Low,Snowy,6833
13/08/2024 04:56,17771,London,Chelsea,1976,31,0,Low,Dry,260
23/09/2024 06:16,10076,London,Islington,90,67,1,Low,Wet,9970
31/03/2024 09:22,10519,London,Islington,4719,17,9,Medium,Snowy,6985
13/10/2024 20:14,18259,London,Islington,3232,97,3,Low,Dry,9067
19/01/2024 05:45,15787,London,Southwark,1498,25,3,Medium,Dry,3457
29/04/2024 18:36,19720,London,Chelsea,3408,56,7,Low,Snowy,311
29/01/2024 16:31,9231,London,Islington,2266,94,4,Low,Dry,4871
19/08/2024 19:53,9990,London,Camden,621,90,1,Medium,Wet,6891
26/05/2024 22:42,18709,London,Islington,4981,90,0,Low,Dry,7290
20/08/2024 06:09,12301,London,Islington,919,85,3,Low,Damaged,5783
25/02/2024 19:16,17865,London,Camden,1196,35,4,Low,Dry,4126
31/08/2024 01:37,19403,London,Islington,2166,74,3,Medium,Damaged,351
19/06/2024 06:42,11786,London,Islington,1449,56,7,Low,Wet,286
23/06/2024 15:16,19862,London,Southwark,3941,58,6,High,Snowy,8358
11/01/2024 04:15,9907,London,Islington,2061,49,3,Low,Damaged,1154
18/12/2024 05:23,14123,London,Chelsea,3449,82,0,Medium,Wet,4003
15/09/2024 21:01,9130,London,Kensington,3158,78,8,High,Snowy,3850
30/04/2024 03:34,17870,London,Chelsea,3125,35,8,High,Dry,3707
09/06/2024 20:58,15789,London,Camden,2620,81,8,Low,Snowy,6476
28/05/2024 04:26,17314,London,Chelsea,1015,88,5,Low,Dry,5763
24/10/2024 19:14,19886,London,Islington,195,16,8,Low,Dry,5393
03/04/2024 09:48,17511,London,Kensington,1927,28,1,Medium,Dry,4494
03/10/2024 03:18,11545,London,Islington,3692,90,1,Low,Wet,1315
30/07/2024 06:20,19120,London,Islington,4482,63,1,Low,Dry,3242
25/10/2024 22:11,17804,London,Chelsea,1353,79,1,Low,Dry,8278
03/10/2024 13:18,11209,London,Kensington,1057,83,8,Medium,Snowy,1523
20/08/2024 16:29,11897,London,Islington,3496,74,2,Low,Wet,4955
27/10/2024 11:33,15626,London,Camden,1752,70,9,High,Dry,6996
15/11/2024 21:30,10713,London,Camden,1459,91,1,Low,Dry,9774
20/06/2024 17:14,15058,London,Kensington,4929,88,4,High,Snowy,1479
08/02/2024 18:52,12400,London,Chelsea,2100,59,1,Low,Damaged,1717
24/09/2024 10:45,13332,London,Kensington,847,78,1,High,Dry,3479
30/03/2024 20:46,12299,London,Southwark,1901,65,0,Low,Dry,1842
05/06/2024 20:06,14209,London,Chelsea,2796,58,6,Low,Snowy,1126
07/08/2024 17:56,16696,London,Kensington,3904,50,3,Low,Snowy,1796
27/08/2024 06:18,17965,London,Islington,1102,34,5,Low,Snowy,6736
23/12/2024 12:39,13463,London,Camden,2119,49,3,High,Dry,4405
09/12/2024 17:54,17789,London,Islington,1658,45,7,High,Dry,5994
10/09/2024 15:21,9633,London,Southwark,3041,88,5,Low,Damaged,845
03/08/2024 19:03,12055,London,Southwark,2630,87,1,High,Snowy,5169
02/11/2024 05:22,18272,London,Southwark,2844,23,7,Medium,Damaged,418
15/09/2024 06:23,12033,London,Islington,126,77,3,Medium,Dry,7924
27/10/2024 09:31,14271,London,Chelsea,1118,14,6,Medium,Dry,3454
27/07/2024 16:41,14646,London,Islington,4321,31,4,Low,Damaged,1651
14/09/2024 17:48,9785,London,Chelsea,1620,75,2,Low,Dry,5114
10/12/2024 09:34,11348,London,Islington,748,28,8,Medium,Wet,4610
13/07/2024 06:23,14121,London,Camden,3373,45,5,Low,Dry,7612
21/09/2024 09:45,13028,London,Islington,2833,52,9,Low,Snowy,1524
28/08/2024 15:23,10046,London,Southwark,2006,92,8,Medium,Dry,2708
15/05/2024 08:09,17837,London,Southwark,787,23,8,Low,Wet,5900
06/09/2024 04:14,19035,London,Chelsea,2331,67,1,High,Snowy,6053
07/12/2024 03:41,18081,London,Chelsea,1967,87,8,Medium,Wet,2919
30/03/2024 07:25,19046,London,Chelsea,3587,24,7,Medium,Dry,6353
02/08/2024 15:46,19251,London,Southwark,3126,40,0,Low,Snowy,2326
08/04/2024 10:33,15623,London,Camden,2712,41,5,Low,Dry,5894
07/07/2024 15:58,9382,London,Chelsea,2262,38,6,Low,Dry,1879
14/03/2024 15:16,11339,London,Islington,508,39,7,Medium,Wet,6076
12/12/2024 22:09,18435,London,Kensington,1077,37,1,Medium,Snowy,3552
03/05/2024 11:14,15139,London,Kensington,3773,67,2,Low,Snowy,402
30/03/2024 20:03,18464,London,Chelsea,3421,14,8,Medium,Dry,4027
04/08/2024 15:08,14043,London,Islington,48,46,6,High,Snowy,1673
07/03/2024 05:42,13467,London,Islington,4273,18,8,Medium,Dry,8115
29/02/2024 22:02,9024,London,Chelsea,720,37,7,High,Snowy,3612
17/01/2024 12:28,9392,London,Southwark,758,25,3,Low,Snowy,4710
30/04/2024 18:56,17147,London,Kensington,2432,77,3,Medium,Damaged,883
31/03/2024 02:00,11819,London,Southwark,3811,85,2,Low,Damaged,9818
22/03/2024 20:33,12415,London,Islington,388,62,0,Low,Damaged,2042
16/05/2024 06:35,15753,London,Camden,1818,73,8,Low,Wet,6705
21/07/2024 04:57,10557,London,Islington,1498,95,7,Low,Snowy,2427
24/03/2024 14:18,13817,London,Islington,2132,11,0,Low,Damaged,1928
18/12/2024 23:27,9300,London,Islington,350,28,6,High,Dry,9204
02/12/2024 00:04,19054,London,Islington,408,90,9,Medium,Dry,9482
08/02/2024 20:36,9978,London,Islington,3868,98,2,Low,Damaged,3392
07/07/2024 05:06,10977,London,Islington,791,84,3,Medium,Wet,5093
11/05/2024 04:12,15250,London,Chelsea,3863,31,0,Low,Dry,9807
21/12/2024 20:50,13461,London,Camden,3624,24,5,High,Wet,8166
29/07/2024 23:15,17950,London,Islington,875,33,5,High,Wet,1495
27/08/2024 23:30,11387,London,Kensington,3871,62,0,High,Damaged,318
08/04/2024 05:54,10445,London,Chelsea,1331,20,0,High,Damaged,5293
16/11/2024 14:08,15603,London,Camden,1602,22,2,Medium,Dry,4999
20/02/2024 15:28,12359,London,Southwark,2912,21,9,Low,Wet,7833
09/06/2024 03:48,17093,London,Islington,677,82,0,High,Damaged,1594
08/10/2024 09:29,11369,London,Chelsea,4114,26,5,Medium,Dry,2956
19/09/2024 03:18,16917,London,Southwark,432,35,3,Low,Wet,6149
07/08/2024 07:32,13356,London,Southwark,3125,77,9,Low,Snowy,2227
23/05/2024 19:08,14468,London,Kensington,3781,92,4,Low,Wet,5070
26/04/2024 22:38,13683,London,Islington,4622,17,0,Low,Snowy,5834
04/07/2024 18:47,18909,London,Kensington,785,10,8,Medium,Snowy,6653
10/05/2024 23:54,18089,London,Chelsea,1145,52,5,Medium,Wet,3235
01/11/2024 10:44,10015,London,Chelsea,2382,98,8,High,Damaged,3065
21/12/2024 22:54,11337,London,Chelsea,372,37,7,Medium,Dry,6223
21/10/2024 15:09,19304,London,Islington,2243,25,2,Low,Dry,8835
03/03/2024 02:37,18788,London,Southwark,3531,31,7,Low,Damaged,3100
22/07/2024 01:01,17223,London,Islington,2261,80,6,High,Dry,8606
12/05/2024 05:48,19735,London,Southwark,3689,83,7,Low,Damaged,7430
09/06/2024 07:03,10547,London,Chelsea,4705,49,8,Low,Damaged,8531
15/08/2024 17:54,14973,London,Camden,4916,20,6,Medium,Snowy,7498
30/05/2024 04:24,16891,London,Islington,3397,20,9,Low,Dry,5670
12/10/2024 15:59,12007,London,Islington,3382,36,7,Low,Dry,9382
29/03/2024 03:10,18772,London,Camden,4485,22,7,Medium,Dry,2191
04/08/2024 15:13,11247,London,Kensington,3427,69,9,Medium,Dry,1443
03/05/2024 09:57,19571,London,Islington,1339,84,2,High,Wet,8439
15/10/2024 09:49,9063,London,Islington,1806,70,4,Medium,Snowy,3838
18/02/2024 12:06,13601,London,Southwark,3711,77,3,Medium,Damaged,7917
17/03/2024 18:39,17124,London,Kensington,1034,20,0,Low,Damaged,5083
17/01/2024 07:36,11097,London,Islington,4326,98,0,Low,Snowy,8068
10/08/2024 10:57,11277,London,Chelsea,2997,51,2,High,Dry,7099
31/07/2024 21:50,9103,London,Chelsea,2578,95,2,Low,Dry,977
14/08/2024 14:05,12350,London,Chelsea,3417,66,4,Low,Dry,3094
15/09/2024 11:10,13894,London,Southwark,1691,87,8,Low,Wet,7570
20/10/2024 10:43,18568,London,Islington,359,74,0,Medium,Dry,2789
29/09/2024 16:40,18300,London,Islington,2993,69,8,Medium,Dry,5059
14/12/2024 23:19,19637,London,Kensington,1627,20,6,Low,Dry,2759
12/03/2024 15:21,12039,London,Islington,3368,45,1,High,Damaged,4443
18/02/2024 11:59,15614,London,Chelsea,1664,35,4,Low,Snowy,8033
23/08/2024 16:13,12945,London,Chelsea,3813,44,4,High,Dry,2537
09/01/2024 18:58,18931,London,Islington,1993,90,6,Medium,Snowy,2079
03/11/2024 10:42,9188,London,Chelsea,4290,41,3,Medium,Damaged,470
20/10/2024 07:38,18641,London,Camden,1513,45,2,High,Snowy,988
18/05/2024 20:53,9251,London,Islington,4331,65,6,Low,Damaged,1591
02/01/2024 15:59,12824,London,Chelsea,3499,18,0,Medium,Wet,7822
29/07/2024 10:21,15348,London,Islington,3913,18,7,High,Wet,8857
10/06/2024 00:27,19744,London,Islington,1372,38,2,High,Damaged,4003
09/10/2024 23:58,11799,London,Islington,922,14,5,Medium,Snowy,7885
01/08/2024 13:24,15356,London,Camden,4290,43,2,Medium,Wet,2417
15/09/2024 16:45,16687,London,Southwark,125,75,7,High,Damaged,3976
18/09/2024 05:17,19885,London,Kensington,4672,15,1,Medium,Snowy,179
24/06/2024 03:36,16736,London,Southwark,3808,29,7,High,Snowy,1698
04/08/2024 22:23,10568,London,Chelsea,1627,90,6,Low,Damaged,4430
04/02/2024 10:07,9808,London,Camden,730,32,1,Medium,Dry,6001
28/11/2024 22:15,15210,London,Chelsea,3375,84,7,Low,Dry,869
21/02/2024 14:07,19046,London,Islington,3025,91,3,Medium,Damaged,2247
16/07/2024 23:35,15738,London,Southwark,3738,19,5,Low,Dry,4355
12/09/2024 20:46,16249,London,Chelsea,99,41,9,Low,Wet,5189
19/09/2024 23:28,9041,London,Islington,1197,19,7,Medium,Dry,9093
15/02/2024 19:02,19021,London,Camden,611,94,3,Medium,Dry,1651
21/05/2024 19:13,18284,London,Chelsea,2143,52,5,Low,Dry,7494
05/08/2024 08:13,14589,London,Islington,2176,80,7,Medium,Dry,1603
22/06/2024 10:09,11816,London,Southwark,1716,69,8,Low,Damaged,9703
10/10/2024 00:38,18535,London,Camden,2044,39,7,Low,Dry,9973
04/11/2024 18:05,15975,London,Kensington,2045,59,7,Medium,Snowy,3357
22/09/2024 08:22,13672,London,Kensington,1243,46,6,Low,Snowy,3608
02/09/2024 19:12,13705,London,Islington,888,35,4,High,Wet,3301
31/05/2024 10:27,17560,London,Islington,1260,21,2,Low,Wet,1947
17/01/2024 11:48,16977,London,Chelsea,4247,32,7,Low,Dry,2889
02/11/2024 14:51,19857,London,Kensington,4727,95,6,Medium,Dry,818
04/11/2024 12:56,17298,London,Camden,4633,10,5,Medium,Snowy,8182
17/10/2024 10:03,19238,London,Kensington,241,41,1,High,Damaged,1586
24/01/2024 06:47,10662,London,Southwark,1474,33,3,Low,Dry,6113
06/10/2024 16:18,19441,London,Islington,611,99,9,High,Snowy,7318
03/02/2024 16:33,12166,London,Kensington,1960,20,1,High,Snowy,6252
13/04/2024 07:09,13674,London,Camden,4681,22,0,Medium,Dry,6611
14/12/2024 06:36,18305,London,Southwark,742,29,8,High,Snowy,8854
14/07/2024 12:53,15105,London,Camden,4398,58,7,Low,Dry,6035
24/07/2024 06:56,11370,London,Camden,2832,76,7,Low,Snowy,2242
19/09/2024 12:16,14881,London,Kensington,3776,52,5,High,Dry,535
12/11/2024 02:37,9950,London,Camden,3583,78,4,Low,Dry,8504
17/12/2024 01:41,11725,London,Islington,9,21,5,Low,Snowy,4960
20/03/2024 23:56,12961,London,Camden,2144,25,3,Medium,Dry,9634
21/09/2024 09:14,9841,London,Camden,469,67,2,Medium,Wet,9509
30/06/2024 05:52,17765,London,Kensington,4238,50,4,Low,Damaged,629
21/07/2024 21:35,10137,London,Chelsea,4622,83,1,Low,Wet,8789
23/01/2024 12:37,11919,London,Chelsea,73,48,5,Low,Damaged,2664
13/09/2024 13:17,14581,London,Kensington,3254,73,3,High,Wet,3879
31/03/2024 21:53,11373,London,Islington,749,12,5,Medium,Snowy,2477
23/03/2024 08:27,9013,London,Kensington,3634,37,3,High,Dry,8555
14/10/2024 13:04,16791,London,Southwark,1732,67,4,Medium,Damaged,6940
01/05/2024 04:15,18291,London,Camden,3425,12,3,Low,Damaged,688
10/12/2024 07:22,13970,London,Kensington,4253,45,8,Low,Dry,3962
29/03/2024 07:02,10322,London,Islington,4029,68,8,Medium,Dry,9842
26/05/2024 01:29,19690,London,Southwark,2376,48,0,Low,Dry,3109
16/10/2024 05:41,11203,London,Kensington,2702,12,1,Low,Damaged,8820
07/04/2024 09:39,15235,London,Camden,4705,69,8,Medium,Wet,8160
12/10/2024 10:59,19193,London,Islington,965,47,6,Medium,Dry,2506
20/12/2024 22:53,17795,London,Islington,3336,63,4,Low,Damaged,8205
04/07/2024 04:08,15072,London,Kensington,678,50,4,High,Snowy,3345
10/08/2024 15:00,16750,London,Camden,2103,43,3,Low,Dry,9961
19/11/2024 18:05,11407,London,Chelsea,4940,62,0,High,Damaged,5865
13/10/2024 03:56,10769,London,Islington,1411,43,9,High,Damaged,674
14/03/2024 19:24,17652,London,Chelsea,3039,65,6,Medium,Wet,765
06/05/2024 05:45,14814,London,Southwark,923,46,7,Medium,Dry,4549
09/05/2024 06:28,17960,London,Camden,364,83,5,Low,Snowy,5876
17/04/2024 07:06,16717,London,Camden,4846,75,4,Low,Damaged,8181
15/10/2024 21:48,16102,London,Kensington,1837,57,2,Low,Dry,6044
16/01/2024 05:24,12965,London,Islington,2187,-91,7,Low,Dry,6080
03/03/2024 11:39,19923,London,Islington,1257,-67,9,High,Dry,8805
11/07/2024 23:22,19615,London,Camden,1207,23,0,Low,Dry,8600
03/07/2024 08:37,12323,London,Islington,822,76,7,Medium,Dry,9918
02/08/2024 14:10,13417,London,Camden,4807,84,4,High,Dry,7607
13/02/2024 07:10,13280,London,Southwark,1602,87,2,Low,Damaged,7027
04/03/2024 20:54,12071,London,Camden,1330,69,9,Low,Snowy,8127
07/03/2024 05:21,17169,London,Chelsea,2829,66,5,Medium,Snowy,7578
11/02/2024 03:32,10635,London,Camden,1662,47,0,Medium,Dry,2291
17/05/2024 05:16,12935,London,Camden,4812,18,8,Low,Dry,2065
16/08/2024 19:12,10207,London,Chelsea,3733,21,6,Low,Wet,3704
06/01/2024 00:07,9808,London,Islington,819,59,4,Medium,Dry,9347
17/03/2024 20:54,11275,London,Islington,4346,57,1,Low,Snowy,1676
22/07/2024 06:08,15553,London,Chelsea,888,41,9,Low,Wet,3890
30/09/2024 10:48,14547,London,Southwark,4328,25,6,Low,Damaged,5689
22/07/2024 10:24,11296,London,Kensington,3419,34,4,High,Snowy,5530
29/06/2024 05:18,19638,London,Islington,3121,75,4,Low,Wet,2207
03/02/2024 17:11,10058,London,Kensington,2573,63,3,Medium,Dry,9033
17/05/2024 11:56,14773,London,Kensington,2649,53,8,High,Dry,8649
22/05/2024 01:57,10509,London,Chelsea,4207,36,2,Medium,Dry,2036
07/01/2024 14:35,11615,London,Islington,3275,66,1,High,Dry,1166
30/05/2024 18:11,10612,London,Southwark,451,73,1,Low,Snowy,1658
19/06/2024 02:56,17969,London,Chelsea,1133,45,8,Medium,Dry,234
12/09/2024 16:22,9570,London,Islington,912,81,5,High,Dry,1527
25/01/2024 01:28,14899,London,Camden,2222,42,2,Low,Snowy,701
31/08/2024 07:22,12433,London,Kensington,2579,78,9,Medium,Dry,5920
24/09/2024 05:29,9262,London,Southwark,778,41,8,Medium,Snowy,2657
16/08/2024 15:58,9599,London,Islington,4059,26,3,High,Wet,3335
15/06/2024 22:46,18832,London,Southwark,3237,61,9,Medium,Damaged,7896
03/12/2024 06:59,15808,London,Islington,3417,62,9,Low,Dry,3422
30/04/2024 22:09,19216,London,Kensington,3048,96,9,Low,Dry,9734
15/07/2024 09:20,12462,London,Camden,4847,74,7,Low,Snowy,8721
13/09/2024 19:15,16425,London,Kensington,582,79,8,Low,Damaged,7767
06/06/2024 00:09,11789,London,Islington,4904,24,2,Medium,Dry,4270
13/12/2024 06:34,10405,London,Southwark,4784,98,2,Low,Snowy,8033
14/02/2024 17:04,14297,London,Kensington,2979,99,3,High,Dry,3320
08/11/2024 15:31,15911,London,Southwark,4989,53,5,Low,Snowy,3381
17/08/2024 07:57,13287,London,Islington,3791,87,4,Low,Damaged,7623
27/01/2024 08:16,11731,London,Camden,1557,54,3,High,Snowy,8509
31/07/2024 02:25,18421,London,Islington,4912,51,5,Low,Dry,6785
16/10/2024 20:46,13075,London,Islington,4883,62,9,High,Dry,2974
14/09/2024 02:07,9922,London,Chelsea,3043,83,8,Low,Snowy,8424
01/12/2024 04:59,14023,London,Islington,4746,39,2,Low,Dry,2168
08/10/2024 02:03,11142,London,Chelsea,454,55,0,Medium,Wet,4914
06/07/2024 16:10,12528,London,Islington,1288,78,4,Medium,Snowy,1192
10/09/2024 09:59,13449,London,Islington,1874,47,3,Medium,Dry,3286
19/10/2024 04:31,12798,London,Chelsea,4865,70,2,Low,Dry,4205
09/08/2024 08:55,13058,London,Chelsea,587,15,7,Low,Dry,7179
26/05/2024 17:03,13665,London,Kensington,1382,70,2,Low,Damaged,8253
14/01/2024 13:45,14379,London,Kensington,1866,98,8,High,Wet,4736
05/03/2024 16:33,14351,London,Islington,783,45,3,Low,Dry,4224
08/03/2024 04:45,18945,London,Islington,2878,96,9,High,Dry,5844
22/01/2024 11:07,13379,London,Camden,4353,12,5,Medium,Damaged,6410
10/02/2024 03:03,13570,London,Islington,4148,77,5,Low,Wet,5671
20/11/2024 22:36,13521,London,Southwark,2667,51,3,Low,Dry,7140
03/09/2024 15:37,15567,London,Islington,2933,72,3,Low,Damaged,382
08/09/2024 22:07,14967,London,Chelsea,789,70,6,Medium,Damaged,9354
21/06/2024 23:17,11598,London,Camden,3279,91,9,High,Dry,8739
24/03/2024 04:18,15619,London,Islington,3312,-18,6,Low,Dry,7709
23/07/2024 09:14,10235,London,Southwark,2730,85,3,Low,Snowy,6917
25/03/2024 23:03,11375,London,Chelsea,1982,56,9,High,Dry,1274
11/07/2024 15:17,19259,London,Islington,2827,98,1,Low,Dry,9895
02/04/2024 06:52,9208,London,Chelsea,36,20,1,Low,Damaged,1431
20/06/2024 03:07,19988,London,Chelsea,694,77,0,Medium,Wet,4314
13/02/2024 06:35,12710,London,Islington,3325,85,7,Low,Dry,397
09/11/2024 08:11,9402,London,Chelsea,2057,40,5,High,Dry,4227
14/11/2024 11:23,11253,London,Chelsea,4378,27,0,Medium,Dry,6205
27/10/2024 10:46,16204,London,Kensington,3452,44,8,Medium,Dry,1174
07/06/2024 02:21,16212,London,Islington,1546,77,8,Medium,Damaged,4241
21/07/2024 16:59,14605,London,Camden,2420,24,8,Low,Snowy,6692
27/07/2024 08:29,14986,London,Chelsea,558,80,0,Medium,Damaged,1870
21/03/2024 07:04,17329,London,Camden,466,53,7,Medium,Damaged,5778
01/10/2024 16:33,18567,London,Southwark,4780,38,9,High,Wet,6474
10/09/2024 02:02,19838,London,Islington,2421,78,8,Low,Damaged,625
21/08/2024 21:32,11362,London,Camden,3477,88,2,Low,Dry,9648
28/01/2024 01:13,18870,London,Islington,192,38,5,Low,Dry,1046
24/11/2024 05:10,19903,London,Kensington,1690,52,5,Medium,Damaged,2108
11/02/2024 22:30,11994,London,Kensington,4338,96,2,High,Dry,3108
04/09/2024 02:41,16224,London,Islington,3219,77,5,Low,Damaged,4918
04/03/2024 17:13,14222,London,Islington,4014,72,2,Low,Snowy,2943
15/07/2024 02:16,11332,London,Camden,59,42,2,Medium,Snowy,1829
07/02/2024 02:10,18883,London,Camden,751,38,8,Medium,Wet,4062
17/06/2024 15:52,14104,London,Islington,2225,57,8,Low,Dry,4550
25/11/2024 15:36,15283,London,Southwark,3406,17,7,Medium,Snowy,8512
08/12/2024 06:35,13115,London,Southwark,1032,65,5,High,Dry,5439
14/07/2024 05:27,9494,London,Islington,2783,55,8,Low,Dry,8923
23/01/2024 01:31,19289,London,Chelsea,3547,55,5,High,Dry,1275
26/04/2024 15:40,16769,London,Southwark,3785,95,6,Low,Dry,1967
02/04/2024 12:18,14597,London,Islington,3684,25,9,Low,Dry,5511
03/02/2024 09:49,14344,London,Chelsea,339,80,4,Low,Snowy,9497
04/04/2024 00:44,12577,London,Kensington,831,88,9,Medium,Wet,9432
18/01/2024 04:24,13481,London,Southwark,4520,87,5,Low,Snowy,7499
13/03/2024 15:04,14156,London,Islington,3922,50,4,High,Dry,817
06/02/2024 17:07,13816,London,Kensington,3861,26,1,Medium,Damaged,1804
14/05/2024 07:16,17144,London,Southwark,4302,33,8,Medium,Snowy,9855
22/05/2024 12:04,9656,London,Camden,3142,97,0,High,Snowy,5161
15/10/2024 15:55,14010,London,Southwark,2787,20,8,Low,Dry,8206
22/01/2024 11:33,16698,London,Southwark,4680,44,5,Low,Damaged,8742
09/11/2024 07:34,17449,London,Camden,857,82,9,Medium,Dry,3445
14/01/2024 02:33,10949,London,Kensington,3215,60,2,High,Snowy,6751
15/05/2024 20:14,16170,London,Kensington,4531,40,0,High,Damaged,8612
17/05/2024 15:17,11224,London,Kensington,3524,25,1,Medium,Snowy,1925
06/04/2024 04:49,17392,London,Southwark,2041,81,8,Medium,Wet,5575
13/12/2024 10:22,10075,London,Southwark,3919,34,6,Low,Dry,6863
18/10/2024 04:06,13642,London,Kensington,2800,77,7,Medium,Dry,2468
13/05/2024 11:17,19728,London,Islington,2446,79,9,Low,Snowy,2206
07/02/2024 14:39,16238,London,Southwark,2630,79,2,Medium,Dry,7107
22/06/2024 02:47,14751,London,Islington,278,77,2,Low,Dry,7112
18/03/2024 17:23,14305,London,Chelsea,4433,36,8,Low,Damaged,2912
12/10/2024 07:38,13520,London,Chelsea,1960,88,0,Medium,Damaged,8898
17/01/2024 22:05,15198,London,Islington,2384,96,6,High,Dry,5421
20/12/2024 06:33,17054,London,Islington,2536,42,9,High,Dry,817
16/09/2024 10:41,15350,London,Chelsea,2725,42,6,Medium,Damaged,7724
07/06/2024 23:51,15105,London,Islington,3976,-49,2,High,Damaged,8560
15/10/2024 04:38,13623,London,Islington,14,36,3,Low,Dry,4004
15/07/2024 02:03,13760,London,Islington,2355,43,3,Low,Dry,6106
12/04/2024 11:51,15392,London,Chelsea,3992,71,5,Low,Dry,521
13/06/2024 00:00,10044,London,Camden,4237,11,2,Medium,Damaged,6696
02/06/2024 00:31,18845,London,Camden,3840,99,3,Low,Damaged,7304
30/08/2024 21:33,13496,London,Islington,2450,78,5,High,Snowy,8009
31/01/2024 14:49,12079,London,Islington,2978,30,3,Low,Wet,5322
16/09/2024 18:29,11725,London,Islington,879,91,5,Low,Wet,6833
08/10/2024 16:43,17916,London,Chelsea,3500,20,8,High,Damaged,9747
14/09/2024 12:56,12331,London,Kensington,1051,99,0,Low,Dry,214
07/03/2024 10:01,10743,London,Islington,3714,51,3,Low,Dry,7332
15/04/2024 02:35,11585,London,Islington,415,63,1,High,Dry,4738
25/09/2024 01:16,13910,London,Kensington,1307,81,1,Low,Dry,7930
23/02/2024 14:26,15990,London,Islington,201,28,6,Low,Dry,8399
31/05/2024 17:47,9016,London,Camden,4129,86,3,Low,Dry,3495
25/09/2024 17:45,17097,London,Southwark,3691,26,3,High,Dry,7615
12/10/2024 00:43,12368,London,Camden,4303,-96,9,High,Damaged,6459
13/12/2024 23:04,19237,London,Islington,4740,58,0,Low,Dry,1909
10/03/2024 11:58,14436,London,Chelsea,2335,-71,2,High,Snowy,9607
10/12/2024 10:04,11638,London,Islington,2374,15,0,Low,Dry,5009
18/11/2024 06:46,10189,London,Islington,2795,54,9,High,Dry,2629
17/01/2024 18:28,14186,London,Islington,410,68,5,High,Damaged,3703
09/05/2024 17:17,16203,London,Kensington,3198,59,8,Low,Damaged,7239
19/12/2024 02:39,14410,London,Islington,548,67,2,Low,Dry,9531
15/11/2024 11:05,15942,London,Camden,1702,73,3,Medium,Snowy,1246
31/07/2024 14:18,15935,London,Kensington,1158,76,9,Low,Dry,8809
23/10/2024 09:42,9545,London,Camden,1940,-77,1,Medium,Dry,6400
03/04/2024 01:45,16044,London,Chelsea,3635,23,1,High,Damaged,5856
13/04/2024 04:42,12379,London,Southwark,386,30,1,Low,Damaged,1515
26/12/2024 11:00,13338,London,Southwark,893,22,1,High,Wet,8947
08/09/2024 15:11,19808,London,Chelsea,4191,21,5,Medium,Wet,8923
01/09/2024 04:32,10460,London,Chelsea,2485,47,5,High,Dry,8194
31/07/2024 10:12,16857,London,Camden,1830,18,7,Medium,Dry,2040
15/03/2024 13:24,18882,London,Southwark,390,88,5,Medium,Snowy,8582
05/02/2024 23:43,17118,London,Islington,222,83,1,Medium,Dry,8583
12/05/2024 02:43,16669,London,Islington,547,41,3,High,Dry,6925
18/11/2024 15:36,16277,London,Kensington,2243,41,6,Medium,Dry,6612
29/06/2024 13:47,13116,London,Southwark,891,46,1,Low,Wet,1767
17/07/2024 04:52,15683,London,Islington,4471,-80,8,High,Damaged,5798
06/12/2024 04:03,17964,London,Camden,4732,58,1,Medium,Damaged,8070
22/10/2024 13:09,11842,London,Islington,1331,40,8,High,Dry,1987
12/04/2024 04:47,12858,London,Islington,4425,19,9,Low,Wet,9639
10/12/2024 11:39,11012,London,Islington,3525,93,5,High,Snowy,2642
16/09/2024 13:08,14445,London,Camden,2563,68,5,Low,Dry,8996
01/09/2024 18:17,9043,London,Southwark,4430,31,0,Low,Snowy,6710
23/07/2024 17:31,18368,London,Kensington,2345,74,4,Low,Snowy,3715
07/01/2024 20:12,13183,London,Islington,3704,40,1,Low,Damaged,8059
31/05/2024 03:31,9652,London,Chelsea,2503,94,2,Low,Snowy,4754
08/02/2024 11:28,10286,London,Islington,3355,54,4,Low,Wet,1695
10/03/2024 19:00,10986,London,Islington,53,53,8,Low,Dry,2288
29/12/2024 06:48,18331,London,Southwark,154,65,4,Low,Dry,9454
06/03/2024 15:48,10843,London,Chelsea,1277,72,3,Low,Wet,7458
02/05/2024 01:33,9785,London,Kensington,937,94,9,Low,Dry,9647
09/09/2024 22:40,13971,London,Islington,3832,94,2,Low,Wet,6881
06/01/2024 07:36,10790,London,Chelsea,3348,96,4,High,Damaged,5024
11/10/2024 19:04,17869,London,Southwark,3008,35,2,Medium,Snowy,2976
26/01/2024 09:47,10776,London,Kensington,3843,58,6,Medium,Damaged,4042
06/12/2024 10:10,11917,London,Islington,3539,70,1,Low,Damaged,967
03/12/2024 11:20,19757,London,Southwark,3589,72,2,High,Damaged,8779
25/11/2024 02:13,13404,London,Southwark,3600,71,8,Low,Damaged,7051
04/05/2024 12:49,18937,London,Chelsea,900,30,8,High,Wet,9684
07/01/2024 22:29,10034,London,Kensington,3915,87,4,Low,Snowy,6760
27/10/2024 15:24,16886,London,Camden,987,27,2,High,Damaged,5490
06/04/2024 12:54,15245,London,Camden,4543,83,0,Medium,Dry,1801
21/02/2024 00:47,12700,London,Chelsea,1969,48,2,High,Snowy,2697
05/11/2024 10:12,10851,London,Islington,4681,86,1,Low,Damaged,3485
06/10/2024 15:16,12077,London,Islington,4197,41,7,Low,Dry,859
30/05/2024 23:00,14350,London,Camden,4731,83,4,Medium,Dry,1287
07/09/2024 01:25,10971,London,Southwark,4411,99,9,Low,Damaged,6973
02/11/2024 09:41,14122,London,Islington,2908,80,9,Low,Snowy,2482
22/05/2024 09:50,16361,London,Islington,640,95,2,Low,Dry,6564
23/05/2024 06:08,10599,London,Camden,3572,10,7,Low,Snowy,5417
24/11/2024 07:38,11825,London,Chelsea,3372,67,3,Low,Snowy,2699
23/08/2024 10:15,18348,London,Chelsea,3404,94,0,Low,Damaged,7807
01/10/2024 16:54,17723,London,Islington,3702,-51,0,High,Damaged,4460
07/04/2024 06:07,12895,London,Chelsea,2951,95,6,Low,Dry,1494
15/05/2024 06:39,17451,London,Kensington,4016,39,8,High,Dry,6635
22/03/2024 13:18,19953,London,Southwark,1997,84,0,High,Wet,4223
29/09/2024 16:10,13654,London,Kensington,2218,77,2,High,Wet,8438
10/05/2024 10:05,10269,London,Chelsea,1740,13,5,Medium,Damaged,9405
15/05/2024 22:16,17850,London,Southwark,850,14,8,Medium,Damaged,3067
19/08/2024 14:39,9788,London,Kensington,571,85,0,High,Dry,3972
27/03/2024 15:28,16502,London,Camden,2732,-17,4,Medium,Dry,3495
04/01/2024 16:09,10995,London,Camden,2411,20,5,High,Wet,5868
17/09/2024 18:21,12195,London,Islington,2975,14,7,Low,Dry,1895
12/09/2024 12:28,16374,London,Chelsea,3665,91,5,Low,Snowy,6407
04/10/2024 15:25,18286,London,Islington,2532,76,4,Medium,Dry,8663
30/08/2024 15:06,19822,London,Camden,274,55,8,Low,Snowy,8682
05/01/2024 23:53,12389,London,Southwark,1783,56,8,Low,Dry,439
15/02/2024 19:07,10779,London,Kensington,1643,63,3,High,Wet,7459
21/01/2024 13:57,19091,London,Islington,2489,54,7,Low,Wet,7233
20/02/2024 01:44,16790,London,Islington,3079,76,8,Low,Dry,5006
15/04/2024 06:46,11762,London,Islington,2148,36,3,High,Damaged,899
11/05/2024 01:04,16302,London,Camden,1786,82,1,High,Snowy,332
01/04/2024 21:09,13486,London,Islington,2464,57,6,Low,Dry,4467
11/01/2024 17:03,19868,London,Camden,2317,99,6,Low,Dry,4567
06/09/2024 21:10,12098,London,Islington,2016,15,6,High,Dry,2232
27/12/2024 03:30,16957,London,Islington,4036,67,7,High,Wet,3436
20/08/2024 12:56,15226,London,Islington,4046,98,8,Low,Dry,4106
02/12/2024 05:45,16934,London,Camden,699,66,2,High,Snowy,7686
24/03/2024 12:31,10570,London,Chelsea,984,13,4,Low,Dry,4962
05/08/2024 08:46,15938,London,Kensington,4068,64,0,Low,Dry,3137
25/03/2024 22:04,11838,London,Islington,2667,51,5,Low,Dry,1007
08/03/2024 05:38,15637,London,Kensington,4627,44,4,Low,Snowy,8989
27/04/2024 20:45,10380,London,Chelsea,511,80,5,High,Dry,8741
24/03/2024 23:04,11809,London,Chelsea,3457,30,3,Medium,Wet,4539
29/12/2024 19:40,11436,London,Kensington,321,95,0,Medium,Wet,678
29/09/2024 21:22,12639,London,Camden,2638,27,4,Medium,Damaged,2301
15/09/2024 02:13,16370,London,Islington,1035,82,1,Low,Damaged,9719
22/11/2024 08:01,13087,London,Kensington,116,11,3,Low,Damaged,2535
25/06/2024 03:47,18615,London,Islington,310,95,5,High,Damaged,1428
11/09/2024 06:00,11457,London,Southwark,3266,53,4,Low,Snowy,8653
19/12/2024 08:10,18317,London,Camden,2828,52,8,Medium,Wet,1782
10/08/2024 03:18,11184,London,Camden,118,98,7,Low,Snowy,3904
28/05/2024 07:33,11603,London,Chelsea,913,79,8,Low,Snowy,7759
19/04/2024 17:59,9389,London,Islington,2947,15,3,High,Snowy,9055
15/03/2024 04:16,19567,London,Kensington,1807,42,5,Low,Damaged,1670
28/03/2024 22:03,18534,London,Islington,1590,57,0,Medium,Wet,553
03/03/2024 02:09,10901,London,Southwark,2211,60,4,Low,Damaged,2847
16/09/2024 02:42,14243,London,Southwark,1922,34,7,Low,Damaged,1948
08/05/2024 14:57,13294,London,Islington,4836,40,1,Low,Snowy,2767
28/05/2024 09:38,13076,London,Southwark,2971,76,4,Low,Snowy,4974
20/03/2024 06:07,9028,London,Chelsea,3712,22,4,Medium,Dry,1989
27/02/2024 03:14,15065,London,Camden,4499,11,3,Medium,Wet,4906
04/04/2024 21:08,9984,London,Islington,2547,12,2,Medium,Wet,6033
26/01/2024 16:47,17593,London,Southwark,4409,39,1,High,Dry,4127
06/09/2024 17:27,19183,London,Islington,2,39,1,Low,Dry,7761
21/06/2024 05:29,16795,London,Kensington,3891,44,9,High,Damaged,1035
04/05/2024 19:22,15344,London,Chelsea,2254,80,5,Low,Damaged,1658
16/09/2024 03:57,16256,London,Southwark,2784,59,4,Low,Wet,8948
27/01/2024 01:58,16979,London,Camden,3352,31,1,Low,Snowy,2471
08/08/2024 23:36,14916,London,Islington,3120,90,7,Low,Wet,3761
14/05/2024 18:55,10419,London,Islington,816,58,3,High,Damaged,7345
01/03/2024 18:58,17036,London,Islington,3940,35,7,Low,Snowy,2126
23/11/2024 22:31,19742,London,Southwark,3101,54,8,Low,Wet,3754
17/07/2024 09:46,19726,London,Chelsea,2845,57,5,Low,Snowy,9989
12/01/2024 18:02,15678,London,Kensington,1795,14,2,Low,Snowy,6432
06/05/2024 20:23,18009,London,Kensington,4031,91,5,High,Wet,1966
13/11/2024 17:31,15100,London,Southwark,3117,41,1,Low,Snowy,9620
21/08/2024 13:37,12661,London,Kensington,1392,38,4,Medium,Dry,2778
18/05/2024 05:41,15095,London,Kensington,1891,14,0,Low,Dry,2234
05/11/2024 06:26,9911,London,Chelsea,1859,77,1,Medium,Dry,2830
25/06/2024 05:45,18594,London,Chelsea,643,94,6,Medium,Snowy,3840
21/04/2024 05:07,19316,London,Islington,4751,10,0,Low,Wet,4350
29/05/2024 12:20,13324,London,Camden,891,12,9,Medium,Damaged,1409
30/03/2024 15:15,9574,London,Kensington,209,45,9,Low,Damaged,5828
15/07/2024 23:27,19929,London,Islington,279,84,4,Low,Dry,7500
04/02/2024 10:36,18376,London,Camden,3150,36,1,Low,Wet,4082
12/08/2024 14:48,17234,London,Southwark,209,33,3,Medium,Snowy,6108
21/11/2024 17:16,18559,London,Southwark,3421,72,3,Low,Wet,6495
04/12/2024 20:53,19493,London,Southwark,357,41,3,High,Wet,5397
14/01/2024 19:10,19920,London,Chelsea,4694,68,6,Low,Dry,459
26/04/2024 04:44,16848,London,Islington,4567,11,9,Medium,Dry,3619
08/09/2024 11:46,14226,London,Kensington,4376,63,5,High,Dry,4952
20/09/2024 06:30,9738,London,Islington,3397,61,2,Low,Dry,9841
18/03/2024 20:57,15569,London,Kensington,3487,74,3,Low,Dry,9910
06/01/2024 01:28,17115,London,Kensington,4805,73,1,Low,Dry,9764
22/02/2024 16:00,13284,London,Southwark,1521,95,7,High,Snowy,3205
08/03/2024 02:20,15079,London,Chelsea,4856,38,1,Medium,Snowy,6626
12/08/2024 07:31,9168,London,Islington,3164,94,6,Medium,Dry,6462
26/04/2024 11:38,16409,London,Camden,4516,16,7,Medium,Dry,5893
16/09/2024 16:02,15831,London,Camden,1635,48,9,High,Dry,3666
18/07/2024 03:43,11744,London,Kensington,1370,23,8,High,Snowy,4035
11/02/2024 17:08,14836,London,Islington,4224,83,1,Low,Damaged,2154
29/10/2024 07:07,15336,London,Chelsea,2828,57,8,Low,Wet,4796
10/01/2024 00:52,14814,London,Southwark,1452,87,3,Low,Damaged,7529
07/11/2024 06:36,19362,London,Islington,1853,95,0,High,Wet,8264
01/08/2024 16:55,19174,London,Islington,4684,27,8,Low,Damaged,3470
10/04/2024 21:32,16951,London,Islington,4759,43,3,Medium,Snowy,2531
25/09/2024 10:42,14929,London,Camden,2502,-12,5,Low,Dry,360
17/12/2024 18:54,11438,London,Southwark,4686,95,0,Low,Dry,2405
15/08/2024 21:56,14300,London,Camden,4807,31,2,High,Wet,5976
13/02/2024 12:40,9246,London,Chelsea,1400,98,7,Low,Wet,618
21/04/2024 18:01,19915,London,Islington,533,27,2,High,Dry,5768
17/12/2024 20:24,12088,London,Chelsea,2665,39,0,Low,Dry,1363
10/05/2024 09:25,12729,London,Camden,4536,-21,2,Low,Damaged,360
25/05/2024 08:33,18705,London,Chelsea,1984,30,0,High,Damaged,3073
16/11/2024 02:00,18038,London,Camden,4527,75,5,Low,Dry,6828
06/06/2024 10:37,11353,London,Camden,1755,49,1,Medium,Dry,478
17/11/2024 18:55,12839,London,Islington,3425,81,0,Medium,Dry,4385
27/04/2024 06:30,15533,London,Kensington,4988,18,9,Low,Wet,9662
08/02/2024 14:58,11688,London,Camden,1206,55,6,Medium,Dry,4719
26/11/2024 18:46,19826,London,Southwark,945,19,1,Medium,Snowy,5039
30/04/2024 00:21,17224,London,Kensington,2251,92,7,Low,Dry,6660
15/09/2024 20:57,13752,London,Southwark,2339,85,4,Low,Dry,5474
08/02/2024 15:18,18498,London,Islington,3697,41,4,Medium,Wet,216
08/12/2024 01:11,18781,London,Kensington,1511,33,3,Low,Snowy,6597
23/11/2024 23:33,9043,London,Camden,4746,19,6,High,Snowy,5315
05/05/2024 16:36,9880,London,Southwark,1004,20,5,Medium,Dry,1274
23/09/2024 15:24,12446,London,Chelsea,4305,96,5,Medium,Snowy,5742
16/01/2024 05:19,17497,London,Southwark,835,48,4,High,Wet,3785
07/12/2024 09:39,17052,London,Camden,995,90,6,Low,Wet,1826
14/06/2024 22:02,12968,London,Kensington,2043,-38,0,Low,Snowy,2175
19/12/2024 07:21,16961,London,Camden,2405,30,5,Low,Dry,1069
24/09/2024 12:43,13244,London,Camden,2930,39,1,Low,Damaged,8781
27/02/2024 15:16,19225,London,Southwark,1038,75,3,High,Wet,8740
19/06/2024 03:01,9235,London,Kensington,4201,49,5,Low,Dry,1193
12/10/2024 15:03,10866,London,Kensington,1943,82,7,High,Wet,4810
06/01/2024 16:03,10998,London,Camden,4849,45,2,High,Dry,6784
19/02/2024 10:39,18485,London,Chelsea,482,83,7,Medium,Damaged,2320
26/12/2024 10:41,19402,London,Kensington,4285,61,6,High,Damaged,9893
01/09/2024 13:17,10828,London,Camden,1460,25,4,Low,Dry,2448
17/11/2024 22:11,17502,London,Islington,4189,93,9,Low,Wet,4547
15/12/2024 04:27,9085,London,Islington,2733,41,7,Low,Damaged,5147
28/03/2024 05:04,9849,London,Islington,2678,17,6,Medium,Damaged,1545
19/06/2024 01:29,9702,London,Islington,112,20,1,Medium,Damaged,7535
16/03/2024 14:31,17640,London,Camden,2423,16,3,Low,Dry,5273
24/01/2024 03:27,19868,London,Kensington,3049,23,8,Medium,Dry,9399
14/08/2024 07:35,17019,London,Islington,3187,68,1,High,Damaged,5707
26/09/2024 10:09,9505,London,Chelsea,260,11,9,Low,Dry,507
25/07/2024 08:59,11118,London,Islington,3481,79,8,High,Wet,5452
28/01/2024 02:10,13107,London,Camden,32,88,8,Low,Dry,9075
27/04/2024 10:34,9653,London,Camden,3995,91,8,Low,Snowy,9684
25/02/2024 00:20,18128,London,Southwark,3951,40,4,Medium,Wet,5623
03/11/2024 04:41,9729,London,Kensington,1953,72,4,Low,Damaged,9192
30/03/2024 11:34,9646,London,Camden,3444,99,9,Medium,Dry,4189
01/10/2024 12:45,15484,London,Southwark,4277,58,0,High,Snowy,2435
16/05/2024 06:19,18662,London,Southwark,4827,30,8,Low,Dry,7959
21/05/2024 11:06,13947,London,Kensington,1416,53,2,High,Snowy,8190
20/04/2024 20:26,15560,London,Islington,277,96,7,Low,Dry,4394
10/06/2024 21:44,13696,London,Camden,2924,82,4,Low,Wet,3624
30/08/2024 02:20,11649,London,Southwark,803,36,0,Low,Dry,8807
03/02/2024 15:14,9833,London,Kensington,4304,43,2,Low,Damaged,9925
07/03/2024 16:04,17055,London,Chelsea,4736,34,2,Medium,Damaged,8079
24/07/2024 09:44,10629,London,Kensington,1321,37,2,Low,Dry,9073
12/02/2024 03:33,11402,London,Kensington,795,54,7,High,Snowy,2642
23/09/2024 14:22,9521,London,Camden,3596,55,3,Medium,Damaged,9978
07/05/2024 20:09,11828,London,Kensington,3677,90,3,Low,Damaged,7382
30/05/2024 12:01,16407,London,Chelsea,659,90,0,Low,Wet,7838
07/01/2024 14:22,11517,London,Kensington,343,34,2,Medium,Dry,1173
04/11/2024 14:49,13939,London,Southwark,1660,75,6,Medium,Dry,8075
08/08/2024 19:55,12932,London,Chelsea,2679,-38,7,High,Snowy,2358
09/07/2024 10:30,15196,London,Islington,1171,99,3,Low,Dry,704
13/10/2024 16:35,18005,London,Chelsea,4011,82,9,Low,Damaged,7128
16/03/2024 10:25,19855,London,Camden,1887,12,8,Low,Snowy,6000
04/04/2024 20:21,14478,London,Kensington,4988,13,0,High,Dry,1856
06/07/2024 02:31,11791,London,Kensington,2588,53,7,High,Damaged,4995
21/05/2024 12:42,16020,London,Southwark,3927,24,7,Low,Dry,8385
22/09/2024 08:36,14266,London,Islington,3772,79,6,Medium,Damaged,8293
09/09/2024 00:41,16072,London,Islington,1084,45,4,Low,Wet,9425
26/01/2024 13:01,10374,London,Islington,3100,77,0,Medium,Dry,5499
25/02/2024 19:06,12643,London,Islington,3436,80,6,Medium,Wet,8248
09/05/2024 01:02,17757,London,Islington,2354,52,7,Medium,Damaged,832
23/08/2024 06:38,10588,London,Southwark,2791,24,3,Low,Wet,6622
25/07/2024 02:53,11351,London,Camden,1118,16,7,Low,Snowy,9287
17/09/2024 10:34,16581,London,Chelsea,3645,28,8,Low,Damaged,7534
10/07/2024 20:30,10704,London,Southwark,888,28,1,High,Dry,7855
23/06/2024 08:55,10837,London,Camden,1671,25,0,Low,Dry,8020
25/03/2024 22:12,9042,London,Southwark,3880,87,6,Low,Dry,9380
29/05/2024 17:01,17948,London,Islington,4453,33,6,High,Damaged,4611
04/01/2024 13:46,15407,London,Islington,4917,65,1,Medium,Snowy,2073
19/11/2024 05:09,11766,London,Islington,2344,37,2,Low,Snowy,5518
19/07/2024 12:16,11107,London,Southwark,780,29,1,Medium,Wet,1156
21/03/2024 00:38,16494,London,Kensington,3595,43,7,Medium,Wet,588
23/09/2024 14:48,13195,London,Islington,4318,46,7,Low,Dry,2574
27/08/2024 17:13,12597,London,Chelsea,2548,35,0,Low,Snowy,2553
12/05/2024 11:46,15541,London,Camden,4792,71,3,High,Dry,8142
19/10/2024 17:10,13918,London,Islington,30,22,9,Medium,Dry,374
07/11/2024 13:51,10867,London,Chelsea,294,45,6,Low,Dry,8543
07/11/2024 20:27,13354,London,Camden,4713,87,6,Low,Snowy,4151
11/12/2024 06:44,13265,London,Islington,1634,41,6,Low,Damaged,815
18/01/2024 07:11,12186,London,Chelsea,1109,83,7,Medium,Dry,1032
27/03/2024 17:30,15295,London,Camden,4788,30,1,Low,Damaged,8995
21/06/2024 05:47,10840,London,Camden,3096,18,2,Low,Damaged,3841
09/03/2024 02:32,16707,London,Kensington,4021,14,2,Low,Dry,3517
30/08/2024 19:22,13930,London,Southwark,1818,10,3,Low,Wet,367
11/08/2024 17:05,10019,London,Kensington,2702,57,3,High,Dry,9070
19/02/2024 08:12,17870,London,Islington,1943,99,6,High,Wet,2213
25/04/2024 16:03,11275,London,Kensington,1582,47,3,Low,Damaged,4123
31/05/2024 20:14,15946,London,Islington,4220,37,2,High,Wet,2390
29/01/2024 18:02,18124,London,Camden,2368,77,9,High,Dry,8148
20/02/2024 01:10,18371,London,Southwark,74,88,9,Low,Dry,7539
14/09/2024 01:35,14903,London,Southwark,1132,27,8,Medium,Snowy,6273
06/09/2024 04:27,17306,London,Kensington,519,33,8,High,Snowy,9473
27/12/2024 02:59,16349,London,Southwark,2653,30,8,Medium,Wet,8359
21/09/2024 17:22,12052,London,Chelsea,4843,22,7,High,Damaged,6381
12/02/2024 01:15,13961,London,Southwark,234,62,0,Low,Dry,914
22/12/2024 19:15,12991,London,Kensington,1091,47,8,High,Wet,2873
31/07/2024 23:16,12944,London,Islington,2061,88,3,Medium,Dry,3957
18/11/2024 17:40,17522,London,Islington,1930,68,6,High,Snowy,6670
18/06/2024 10:00,9272,London,Islington,2125,72,2,Low,Damaged,3324
18/03/2024 14:06,14485,London,Southwark,3607,17,5,High,Dry,4846
22/10/2024 15:12,17253,London,Southwark,4332,33,1,High,Snowy,7840
12/11/2024 16:56,14585,London,Camden,617,98,5,Low,Wet,3536
04/11/2024 19:05,14905,London,Southwark,884,92,6,Low,Wet,2776
21/09/2024 07:45,9465,London,Islington,3838,78,9,High,Damaged,3563
18/11/2024 14:44,19756,London,Islington,3927,38,0,High,Damaged,3469
19/06/2024 12:22,16604,London,Kensington,4798,90,9,Low,Dry,4530
04/12/2024 19:27,17474,London,Islington,284,23,7,Medium,Wet,8002
03/02/2024 20:39,10475,London,Chelsea,1678,88,4,Low,Dry,2872
17/01/2024 21:27,15389,London,Camden,621,59,4,Medium,Dry,9309
21/03/2024 15:07,13534,London,Islington,4153,32,7,High,Snowy,115
03/01/2024 23:11,16216,London,Camden,569,63,0,Medium,Snowy,7568
10/05/2024 17:12,13268,London,Kensington,3708,98,3,Low,Damaged,971
15/11/2024 09:23,15184,London,Islington,314,51,5,Medium,Damaged,2866
18/12/2024 16:37,11238,London,Chelsea,2962,74,6,High,Wet,2023
19/09/2024 00:43,14534,London,Camden,272,94,9,Low,Dry,2496
02/06/2024 07:08,17353,London,Chelsea,3170,23,2,Low,Dry,2309
10/08/2024 02:39,13922,London,Chelsea,263,75,3,Medium,Dry,7748
12/02/2024 10:21,12096,London,Camden,1701,45,0,Medium,Dry,7719
24/01/2024 09:37,18756,London,Southwark,1958,96,0,Low,Snowy,7626
07/01/2024 06:17,12318,London,Islington,1734,69,5,Low,Damaged,8902
11/09/2024 08:23,14556,London,Kensington,3541,10,1,Low,Wet,4945
04/03/2024 05:45,11499,London,Kensington,361,46,1,Medium,Dry,8929
30/03/2024 11:21,9310,London,Islington,1538,26,9,Low,Damaged,2524
22/01/2024 16:15,10166,London,Southwark,571,42,2,Low,Damaged,4049
12/12/2024 14:21,12580,London,Chelsea,2448,64,9,Low,Snowy,4626
03/01/2024 17:01,11341,London,Islington,3354,-86,5,High,Snowy,4169
01/08/2024 04:34,13119,London,Kensington,717,89,1,Medium,Snowy,8767
22/05/2024 16:27,12857,London,Chelsea,4948,15,3,Low,Snowy,737
02/07/2024 19:17,19817,London,Camden,1219,95,4,Low,Dry,1757
24/11/2024 11:37,18743,London,Camden,4478,56,8,Low,Dry,7965
10/10/2024 17:06,16904,London,Camden,2904,16,1,High,Snowy,1733
02/12/2024 08:39,13713,London,Islington,2201,96,6,Low,Damaged,8479
18/02/2024 11:18,14848,London,Camden,1359,60,3,Low,Dry,9775
18/08/2024 02:59,14558,London,Islington,2902,31,6,High,Damaged,1943
08/04/2024 11:49,13202,London,Islington,3545,98,0,Low,Dry,2642
08/02/2024 19:35,13748,London,Islington,1415,15,0,Low,Wet,3247
17/01/2024 04:19,9769,London,Islington,2365,-92,2,Low,Dry,201
17/07/2024 14:43,10269,London,Islington,4607,33,6,Low,Snowy,4244
24/07/2024 22:49,9653,London,Islington,127,39,0,High,Wet,9613
21/05/2024 21:10,18649,London,Chelsea,1113,-97,6,Low,Damaged,6087
07/10/2024 09:31,10822,London,Kensington,2523,71,0,Low,Snowy,8785
30/11/2024 15:02,11371,London,Camden,3320,32,4,Low,Damaged,7135
20/04/2024 03:04,15719,London,Kensington,4115,93,8,High,Snowy,2971
28/07/2024 20:57,9570,London,Camden,2237,22,1,Low,Snowy,2516
07/12/2024 21:49,12413,London,Kensington,3465,75,4,Low,Dry,2907
17/10/2024 22:27,12671,London,Chelsea,2210,55,5,High,Damaged,8097
14/07/2024 14:37,16335,London,Islington,1496,85,0,Low,Dry,9321
25/04/2024 02:24,14029,London,Islington,399,68,6,Medium,Wet,6820
16/09/2024 13:35,17195,London,Islington,610,15,8,High,Wet,6866
17/07/2024 16:45,11189,London,Islington,1556,78,8,High,Damaged,4890
05/08/2024 11:47,19219,London,Camden,4338,29,9,Low,Snowy,1360
18/04/2024 22:10,15152,London,Islington,634,43,6,Low,Damaged,7423
09/10/2024 07:09,18952,London,Southwark,4743,14,5,High,Wet,4867
18/02/2024 08:26,17687,London,Kensington,2216,91,3,Low,Damaged,8339
21/04/2024 14:12,17191,London,Chelsea,1101,79,0,High,Dry,8367
28/12/2024 08:44,18230,London,Southwark,4993,50,9,Low,Snowy,6768
09/08/2024 11:32,12991,London,Southwark,3283,16,4,Low,Snowy,2374
23/10/2024 14:52,15657,London,Islington,321,55,4,Low,Snowy,8113
22/08/2024 01:20,9085,London,Islington,1969,19,0,Low,Dry,8696
11/06/2024 11:52,18412,London,Southwark,1271,93,1,Low,Damaged,5248
28/09/2024 11:44,18466,London,Southwark,1328,81,9,Medium,Damaged,9948
21/07/2024 12:43,14011,London,Southwark,2307,81,1,High,Wet,687
02/05/2024 04:50,11884,London,Islington,4638,20,8,Medium,Dry,5649
15/04/2024 18:23,11535,London,Kensington,3598,64,9,Low,Dry,6346
11/08/2024 21:24,11745,London,Kensington,4347,69,4,Medium,Dry,7821
07/02/2024 20:32,11977,London,Kensington,209,25,3,Medium,Dry,6103
26/03/2024 12:55,13019,London,Camden,991,17,9,Low,Dry,3648
04/11/2024 01:59,10874,London,Chelsea,1000,-32,9,Low,Snowy,9795
17/10/2024 08:16,9375,London,Islington,4376,28,6,Low,Wet,7765
07/09/2024 06:21,19127,London,Islington,3847,83,5,Medium,Dry,4503
12/03/2024 15:38,15918,London,Islington,4415,64,6,Low,Snowy,1632
12/10/2024 19:12,16774,London,Camden,4690,57,7,Low,Dry,8516
06/09/2024 16:23,14686,London,Camden,1446,31,1,Low,Dry,6112
12/11/2024 21:46,10786,London,Islington,3450,15,7,Medium,Wet,1874
26/11/2024 11:10,12581,London,Islington,872,70,5,Medium,Snowy,7072
16/02/2024 05:08,10234,London,Islington,948,55,5,Low,Snowy,9267
19/12/2024 18:45,12826,London,Chelsea,1584,53,1,Medium,Wet,4469
16/04/2024 18:54,17677,London,Kensington,4470,-16,8,Low,Dry,4903
19/06/2024 20:03,12046,London,Camden,1526,64,3,Medium,Wet,1313
19/12/2024 17:31,15775,London,Islington,3042,95,9,High,Damaged,2647
15/12/2024 13:14,15648,London,Southwark,843,92,4,Low,Dry,9411
18/07/2024 21:52,10715,London,Chelsea,1911,83,7,High,Snowy,6332
20/05/2024 10:13,11987,London,Chelsea,1085,16,9,High,Damaged,4945
14/02/2024 01:29,11147,London,Southwark,1523,89,8,Medium,Dry,2152
21/03/2024 20:27,11049,London,Camden,2231,96,3,Medium,Wet,8805
18/08/2024 06:27,16103,London,Kensington,13,98,9,Medium,Dry,4161
15/01/2024 01:42,15005,London,Southwark,4126,69,6,Low,Wet,9558
07/07/2024 05:30,15673,London,Camden,4094,73,4,Low,Damaged,4568
12/04/2024 13:58,11658,London,Islington,3542,77,9,High,Snowy,5026
06/05/2024 05:26,15260,London,Southwark,1817,32,6,High,Dry,3644
10/09/2024 08:52,12779,London,Kensington,3323,96,4,High,Dry,8107
18/05/2024 21:54,17797,London,Camden,4692,59,2,High,Dry,7803
23/07/2024 23:38,10350,London,Camden,4152,70,6,Medium,Snowy,1230
15/02/2024 18:21,13063,London,Islington,2501,16,9,Low,Snowy,4792
11/04/2024 08:10,9583,London,Islington,3670,32,6,Low,Dry,539
28/05/2024 07:31,10379,London,Islington,1760,-40,2,Low,Dry,6499
06/03/2024 19:09,19169,London,Chelsea,4034,91,0,High,Dry,6379
13/12/2024 01:19,11319,London,Kensington,431,31,3,Low,Dry,5148
24/06/2024 01:42,10158,London,Southwark,2773,37,4,High,Wet,2917
03/02/2024 18:13,13942,London,Islington,2301,58,6,High,Dry,6228
12/01/2024 00:28,14566,London,Islington,4069,13,6,Medium,Dry,9607
01/02/2024 06:22,11888,London,Kensington,4115,39,0,Medium,Dry,5801
11/08/2024 20:22,14825,London,Kensington,542,66,8,High,Damaged,8612
08/12/2024 00:12,14046,London,Islington,4122,85,1,Low,Snowy,1992
27/05/2024 12:30,18505,London,Islington,1098,13,4,Medium,Snowy,3125
19/05/2024 18:52,13876,London,Chelsea,4488,54,1,Low,Snowy,8273
13/09/2024 03:59,19921,London,Islington,736,28,2,Medium,Wet,4352
06/10/2024 23:35,10733,London,Islington,4617,74,3,Low,Wet,2585
02/08/2024 07:42,17288,London,Islington,3334,64,6,Low,Dry,2183
11/07/2024 21:52,9652,London,Camden,4931,69,9,Low,Dry,606
26/10/2024 23:56,17346,London,Southwark,227,33,3,High,Snowy,6457
28/02/2024 16:05,9567,London,Chelsea,2485,62,9,Low,Snowy,5994
10/02/2024 19:59,19146,London,Southwark,3386,91,7,Medium,Dry,7898
14/11/2024 21:02,13500,London,Islington,2413,82,1,Low,Dry,4099
28/03/2024 20:59,9128,London,Kensington,1391,27,8,Low,Damaged,3644
24/11/2024 14:38,11477,London,Kensington,1280,67,1,High,Wet,5314
29/03/2024 17:06,14397,London,Chelsea,4124,64,6,Low,Dry,7138
30/05/2024 07:55,13056,London,Southwark,1362,46,1,Medium,Wet,5051
02/06/2024 22:36,18172,London,Kensington,679,64,6,High,Dry,7376
26/09/2024 22:58,10140,London,Kensington,1306,28,3,Medium,Dry,6873
12/01/2024 06:12,14378,London,Islington,2365,-58,8,Medium,Snowy,4184
24/07/2024 04:14,19188,London,Islington,636,78,7,High,Dry,141
19/10/2024 09:38,13616,London,Islington,4440,63,5,High,Snowy,1179
27/04/2024 08:20,15693,London,Chelsea,1943,19,8,Low,Wet,2609
26/07/2024 14:21,15400,London,Kensington,1960,69,3,Low,Dry,3184
28/04/2024 12:50,15779,London,Chelsea,2090,70,5,High,Dry,7091
05/09/2024 22:47,11734,London,Chelsea,1553,90,5,Low,Dry,3809
07/02/2024 18:15,18480,London,Islington,3795,27,1,High,Snowy,4286
30/07/2024 10:36,17424,London,Camden,3697,73,6,Medium,Dry,7322
27/05/2024 13:24,14399,London,Islington,2049,81,3,High,Dry,3030
05/03/2024 17:45,9049,London,Southwark,2929,45,9,Medium,Dry,1869
28/07/2024 06:08,10677,London,Islington,2039,94,0,High,Damaged,4669
10/12/2024 15:05,11367,London,Islington,1196,55,4,Low,Wet,6692
14/11/2024 20:51,13450,London,Islington,2797,89,4,Low,Wet,226
19/05/2024 21:05,13890,London,Islington,2278,71,6,Low,Snowy,7071
21/03/2024 19:59,17037,London,Islington,4763,39,7,Low,Dry,3568
07/06/2024 12:28,9825,London,Chelsea,280,76,6,Low,Dry,6300
04/11/2024 00:35,15197,London,Chelsea,2655,83,5,Medium,Wet,9765
24/08/2024 12:24,10709,London,Kensington,2946,83,2,Low,Wet,3093
16/05/2024 02:26,18892,London,Chelsea,2090,65,6,Medium,Damaged,942
03/02/2024 22:12,11523,London,Camden,2447,76,9,Medium,Dry,9336
28/10/2024 02:03,9165,London,Chelsea,101,43,1,Low,Dry,4628
07/09/2024 08:21,19980,London,Kensington,3778,33,5,Medium,Snowy,5698
10/01/2024 09:19,18371,London,Islington,4637,21,8,Low,Dry,6196
09/11/2024 14:35,19996,London,Chelsea,4410,70,5,High,Wet,2069
12/12/2024 00:59,15561,London,Kensington,4466,33,3,High,Dry,8901
21/09/2024 10:02,12350,London,Camden,375,68,6,Low,Snowy,3920
02/06/2024 21:57,19916,London,Islington,3259,72,7,Medium,Snowy,1530
18/09/2024 02:37,9614,London,Islington,4328,42,6,High,Dry,3752
22/06/2024 04:58,14303,London,Islington,2307,99,4,High,Dry,1741
08/05/2024 15:15,14394,London,Islington,4500,20,4,Low,Wet,8320
27/03/2024 10:42,14833,London,Islington,3569,33,1,Low,Damaged,9104
28/10/2024 09:48,11386,London,Camden,4586,26,0,Low,Snowy,8791
25/11/2024 21:47,9317,London,Southwark,4437,90,1,Medium,Wet,5367
28/05/2024 09:33,12410,London,Islington,2940,86,4,Low,Wet,5430
21/01/2024 01:11,14824,London,Kensington,334,95,5,Medium,Wet,6033
14/04/2024 06:52,11418,London,Southwark,1435,99,6,Medium,Dry,5681
03/07/2024 19:22,12602,London,Islington,3637,47,8,High,Dry,5682
05/03/2024 11:14,15862,London,Camden,3807,31,8,Low,Snowy,2810
16/03/2024 04:15,16257,London,Islington,3787,47,7,High,Damaged,5639
02/10/2024 08:56,10617,London,Chelsea,3740,45,4,High,Snowy,5306
11/03/2024 10:39,14853,London,Southwark,455,67,9,Medium,Dry,695
21/05/2024 10:37,12869,London,Chelsea,2127,44,7,Medium,Wet,2234
27/08/2024 16:03,17716,London,Camden,1935,21,8,Medium,Snowy,4713
02/08/2024 09:50,15847,London,Southwark,2225,52,9,Medium,Wet,863
02/05/2024 05:10,19954,London,Southwark,4866,79,8,Medium,Dry,4451
19/04/2024 17:42,9616,London,Chelsea,3771,79,8,Low,Wet,895
21/02/2024 14:54,14637,London,Chelsea,4310,61,5,Medium,Wet,9605
21/09/2024 10:26,13703,London,Islington,3860,95,0,High,Dry,5245
14/01/2024 03:02,13308,London,Chelsea,4440,55,9,Low,Dry,6740
01/07/2024 08:34,12113,London,Islington,3035,29,4,Low,Wet,6253
24/01/2024 03:46,17939,London,Islington,4743,88,2,High,Dry,4867
14/07/2024 14:34,17928,London,Chelsea,3706,23,6,Low,Wet,4771
21/10/2024 16:54,17531,London,Kensington,3119,97,8,High,Snowy,3975
07/05/2024 23:36,14949,London,Chelsea,3969,93,3,Low,Wet,904
19/06/2024 18:43,10558,London,Islington,3088,17,7,Low,Dry,5844
25/02/2024 01:22,13283,London,Islington,613,10,4,Low,Wet,9565
07/10/2024 16:16,14621,London,Islington,1278,31,4,Low,Damaged,1358
07/08/2024 02:13,16357,London,Camden,4914,91,6,Low,Dry,6681
10/01/2024 15:13,17624,London,Kensington,752,42,1,Medium,Dry,3989
03/06/2024 07:00,12757,London,Kensington,1209,95,7,High,Dry,5614
29/05/2024 15:31,19277,London,Islington,4933,16,7,Low,Damaged,8635
30/04/2024 04:13,18059,London,Southwark,3580,67,1,Low,Damaged,2430
04/10/2024 04:53,15937,London,Kensington,2752,38,7,Low,Wet,8773
30/03/2024 15:42,14708,London,Camden,4662,56,0,High,Snowy,9154
04/01/2024 16:51,18024,London,Southwark,639,13,8,Low,Dry,6170
11/10/2024 03:54,10952,London,Islington,264,25,7,Low,Dry,837
13/09/2024 00:57,18847,London,Islington,12,36,9,Low,Snowy,464
18/12/2024 06:11,17039,London,Kensington,1484,34,9,Low,Dry,3860
19/07/2024 01:17,18772,London,Islington,946,20,0,Low,Dry,1130
12/02/2024 16:45,18984,London,Southwark,3331,79,5,Low,Dry,5071
20/08/2024 16:12,13615,London,Islington,1398,24,1,Medium,Damaged,2165
12/04/2024 23:18,12741,London,Islington,2242,25,3,High,Dry,6534
05/07/2024 00:51,13988,London,Camden,4255,13,8,Medium,Damaged,7196
23/02/2024 22:00,11991,London,Camden,4746,17,0,High,Dry,8774
18/03/2024 03:06,15673,London,Southwark,2983,26,0,Low,Dry,1525
19/06/2024 12:17,18235,London,Southwark,2556,23,8,Low,Dry,8622
24/09/2024 20:31,12313,London,Chelsea,4719,91,4,Medium,Wet,5435
25/04/2024 15:16,11907,London,Islington,300,72,9,Medium,Dry,942
22/10/2024 09:44,14773,London,Islington,4736,96,7,Low,Wet,3385
30/07/2024 02:17,15391,London,Southwark,4162,99,8,High,Dry,3632
09/11/2024 11:29,16847,London,Kensington,3709,66,8,High,Dry,446
02/05/2024 21:14,18127,London,Islington,2789,61,2,Low,Damaged,7436
15/08/2024 13:39,9455,London,Islington,1182,20,6,Medium,Dry,9676
10/11/2024 17:26,11832,London,Islington,605,69,7,Medium,Dry,2130
01/02/2024 12:56,16615,London,Islington,2686,79,3,Medium,Snowy,8660
01/03/2024 11:34,15472,London,Chelsea,1040,29,5,Low,Damaged,1577
13/08/2024 02:19,16156,London,Islington,3415,34,1,Low,Dry,2849
20/04/2024 21:12,10607,London,Kensington,2442,60,8,Medium,Snowy,3029
18/06/2024 03:39,18703,London,Islington,3126,93,3,Low,Wet,441
18/12/2024 19:01,16195,London,Islington,207,76,6,Low,Dry,1330
01/11/2024 22:17,14606,London,Chelsea,3150,42,6,Low,Dry,1087
25/03/2024 13:54,16820,London,Southwark,2064,67,4,Low,Dry,9296
08/09/2024 08:40,18025,London,Islington,4478,32,7,Low,Snowy,6113
29/11/2024 21:01,17657,London,Kensington,3675,82,6,High,Damaged,9040
12/05/2024 14:35,9593,London,Camden,1735,96,7,Low,Damaged,6183
24/08/2024 04:00,9087,London,Islington,2968,52,6,High,Dry,8078
15/10/2024 21:17,18202,London,Camden,4691,45,8,Low,Dry,7380
30/11/2024 14:47,15962,London,Islington,1339,54,6,High,Dry,7480
03/10/2024 21:10,13091,London,Islington,2515,35,3,Low,Snowy,4091
06/11/2024 10:37,11376,London,Southwark,1461,73,3,High,Snowy,353
21/09/2024 15:27,19671,London,Southwark,1566,45,4,Low,Dry,3075
03/04/2024 05:46,18039,London,Camden,1638,48,7,Low,Damaged,1155
28/10/2024 04:08,9515,London,Southwark,768,33,3,Low,Wet,372
15/07/2024 03:40,11258,London,Southwark,2978,54,9,Low,Wet,1016
04/02/2024 10:17,9875,London,Chelsea,1032,86,0,Medium,Damaged,690
26/07/2024 07:48,13925,London,Camden,2308,75,6,Medium,Snowy,6184
27/03/2024 21:00,15706,London,Islington,2539,18,2,Low,Damaged,3248
15/03/2024 11:38,13293,London,Kensington,906,26,9,Medium,Snowy,8918
05/05/2024 12:00,14655,London,Islington,1576,12,6,Medium,Damaged,4335
08/03/2024 12:35,11978,London,Southwark,1852,15,3,High,Dry,2794
22/11/2024 03:46,10133,London,Islington,33,52,1,High,Dry,7625
04/09/2024 03:15,9315,London,Islington,1958,31,5,Low,Damaged,997
21/06/2024 13:28,13449,London,Islington,1348,90,2,Medium,Snowy,5211
24/02/2024 12:12,18491,London,Southwark,1497,83,9,Low,Dry,1565
05/07/2024 22:32,11534,London,Chelsea,3013,14,2,High,Dry,5961
09/10/2024 13:38,14090,London,Islington,4941,28,7,Low,Dry,6063
20/07/2024 05:13,17025,London,Islington,2880,43,5,Low,Damaged,6994
07/03/2024 15:09,15154,London,Islington,2816,85,2,Low,Dry,1691
02/06/2024 02:48,14748,London,Camden,746,61,7,Low,Wet,3620
10/07/2024 08:11,15435,London,Southwark,1717,54,7,Low,Damaged,8047
01/04/2024 13:31,18077,London,Islington,1232,97,1,High,Snowy,3053
11/08/2024 16:14,16427,London,Chelsea,2171,78,0,Low,Damaged,8950
19/12/2024 05:15,9038,London,Southwark,2539,51,8,Low,Dry,9952
25/10/2024 02:34,14742,London,Chelsea,802,25,3,High,Dry,8667
30/05/2024 12:24,13369,London,Kensington,1129,15,5,High,Wet,9283
24/04/2024 08:14,17277,London,Camden,4285,72,0,Medium,Snowy,5770
28/11/2024 08:58,18231,London,Chelsea,244,48,6,High,Snowy,5003
22/06/2024 09:17,17119,London,Kensington,2498,23,9,Low,Wet,4853
28/04/2024 22:31,19501,London,Kensington,4046,73,3,Medium,Snowy,6039
29/01/2024 21:53,14465,London,Chelsea,710,90,1,Medium,Wet,3221
19/12/2024 16:02,11043,London,Southwark,3883,79,9,Low,Dry,9500
04/09/2024 11:09,16811,London,Chelsea,4346,38,7,Medium,Damaged,3649
28/11/2024 23:40,11977,London,Islington,1032,60,1,Medium,Snowy,7086
15/01/2024 15:50,11038,London,Islington,1928,76,7,Low,Dry,9624
11/06/2024 23:25,14326,London,Kensington,321,93,0,High,Wet,9436
22/07/2024 20:41,10496,London,Chelsea,3396,14,1,Low,Snowy,284
25/05/2024 09:29,14379,London,Southwark,121,68,1,Low,Damaged,4462
27/07/2024 12:54,17419,London,Islington,209,58,9,Medium,Dry,8989
19/09/2024 18:03,19930,London,Kensington,2304,76,3,Low,Wet,8369
23/03/2024 06:26,17447,London,Kensington,4970,32,4,Low,Snowy,6587
15/02/2024 01:14,11567,London,Chelsea,1212,85,6,Medium,Damaged,6121
25/12/2024 17:59,12240,London,Islington,4649,67,2,Low,Snowy,5771
21/11/2024 10:05,19239,London,Islington,405,72,3,Low,Dry,1802
15/01/2024 01:51,17994,London,Southwark,3837,76,1,Medium,Snowy,5736
25/05/2024 23:29,16631,London,Islington,1714,63,4,High,Dry,9488
29/03/2024 22:53,19098,London,Camden,4069,40,9,Low,Dry,1164
07/10/2024 06:39,14046,London,Southwark,517,30,3,High,Dry,574
01/12/2024 11:01,18436,London,Chelsea,3177,56,3,Medium,Snowy,2081
25/11/2024 08:25,14892,London,Southwark,4308,50,6,Low,Snowy,3801
04/08/2024 09:37,15727,London,Islington,3358,79,9,Low,Damaged,6991
06/12/2024 19:37,9209,London,Chelsea,4811,75,5,High,Wet,7166
17/07/2024 19:04,16635,London,Chelsea,2679,76,4,Medium,Snowy,8462
05/08/2024 13:26,10681,London,Kensington,695,88,2,Low,Damaged,4677
30/10/2024 00:52,14072,London,Kensington,161,48,2,High,Snowy,4437
02/03/2024 17:00,19900,London,Islington,4206,96,6,Low,Wet,3325
03/11/2024 14:19,16339,London,Southwark,2472,31,7,Low,Dry,8759
04/02/2024 06:29,14878,London,Camden,4063,21,5,Low,Snowy,1304
05/05/2024 02:28,12631,London,Chelsea,341,43,8,High,Dry,1870
22/09/2024 23:25,15941,London,Chelsea,580,85,8,Low,Wet,4820
26/01/2024 17:16,16416,London,Camden,3609,71,9,Low,Wet,9699
28/07/2024 14:26,15316,London,Islington,964,90,2,High,Snowy,7564
21/03/2024 06:02,13039,London,Camden,398,36,6,Low,Snowy,7576
07/12/2024 19:29,16890,London,Kensington,2700,55,0,Medium,Damaged,4536
25/11/2024 04:03,14709,London,Islington,1236,77,8,Low,Dry,3647
27/03/2024 01:11,10826,London,Chelsea,4955,74,4,Low,Dry,8833
09/04/2024 22:11,9607,London,Camden,4064,-57,9,Low,Dry,7307
24/05/2024 15:46,10802,London,Camden,1491,53,2,Medium,Dry,8923
14/09/2024 14:15,17298,London,Islington,3041,50,9,High,Dry,2021
11/10/2024 08:28,15469,London,Chelsea,2716,58,5,Medium,Damaged,6975
04/09/2024 09:41,11158,London,Chelsea,1441,85,0,Low,Dry,355
07/07/2024 02:19,9271,London,Kensington,4858,39,5,Low,Dry,8037
05/05/2024 02:31,19169,London,Camden,2372,71,4,Low,Wet,8778
19/12/2024 08:48,19385,London,Islington,4602,38,0,High,Dry,7678
25/02/2024 13:03,14722,London,Camden,3088,86,3,High,Wet,9414
14/11/2024 01:28,18165,London,Islington,3449,12,7,High,Damaged,9926
01/06/2024 12:00,9100,London,Chelsea,4270,93,8,Medium,Dry,335
01/04/2024 11:27,11445,London,Islington,2916,83,6,Medium,Wet,9876
17/11/2024 04:15,19997,London,Camden,983,39,5,High,Wet,3704
24/03/2024 13:41,13321,London,Camden,3102,67,3,High,Snowy,6314
11/05/2024 01:03,17490,London,Islington,806,75,2,Medium,Damaged,9606
18/05/2024 16:07,10600,London,Islington,1974,86,5,Low,Damaged,3240
06/05/2024 21:10,14332,London,Southwark,3528,60,3,Low,Wet,2294
10/04/2024 14:24,16988,London,Kensington,2157,59,9,Medium,Snowy,1895
22/09/2024 15:03,19899,London,Camden,1142,57,5,Low,Damaged,5490
19/03/2024 13:28,11194,London,Kensington,1522,76,6,Low,Snowy,7930
16/08/2024 02:27,9664,London,Camden,1460,69,8,Medium,Dry,2669
12/09/2024 19:44,14316,London,Islington,3594,75,7,Medium,Wet,1017
30/10/2024 07:23,18735,London,Camden,668,34,5,High,Wet,3798
31/03/2024 03:57,15142,London,Camden,3975,72,6,Medium,Dry,9367
18/05/2024 18:19,9676,London,Islington,4228,30,3,Medium,Dry,8292
04/04/2024 17:52,14577,London,Southwark,282,45,9,High,Damaged,3281
27/02/2024 16:03,17366,London,Islington,4369,62,0,High,Wet,9793
09/09/2024 05:58,19188,London,Islington,1271,80,9,Low,Snowy,2591
15/02/2024 08:08,11839,London,Kensington,2401,56,6,High,Dry,7569
26/08/2024 22:39,16854,London,Kensington,3114,37,4,Low,Dry,4551
02/06/2024 03:56,18759,London,Camden,1269,-40,3,Low,Damaged,1005
14/07/2024 11:24,15237,London,Camden,3321,31,3,Low,Dry,1689
18/07/2024 07:36,11656,London,Islington,4766,20,1,Low,Wet,6765
06/12/2024 12:40,14243,London,Chelsea,1540,17,1,Low,Dry,5429
01/05/2024 19:49,10461,London,Islington,559,27,4,High,Dry,2708
01/04/2024 21:22,11772,London,Southwark,64,10,6,Low,Dry,5964
15/03/2024 12:31,17130,London,Camden,3087,72,4,Medium,Wet,6313
06/12/2024 22:27,17052,London,Islington,2159,68,4,Low,Damaged,7417
26/10/2024 09:19,10266,London,Kensington,4195,27,6,Low,Damaged,9124
10/06/2024 20:52,18760,London,Islington,4813,93,8,High,Dry,8339
13/02/2024 13:51,11938,London,Camden,695,23,5,High,Snowy,235
22/08/2024 03:52,10700,London,Chelsea,1174,79,7,Low,Dry,8591
08/04/2024 10:11,17373,London,Camden,1832,68,3,Low,Wet,359
09/12/2024 04:50,18319,London,Islington,3259,50,9,Low,Damaged,5020
05/03/2024 19:11,18923,London,Islington,653,75,5,Low,Damaged,4101
05/02/2024 03:43,10082,London,Southwark,3578,69,5,High,Damaged,3329
19/09/2024 19:42,15662,London,Islington,4190,25,5,High,Dry,1693
02/08/2024 05:57,13402,London,Islington,3774,38,9,Low,Snowy,7789
22/12/2024 00:53,11908,London,Southwark,3157,28,0,Medium,Dry,8784
29/06/2024 12:26,10486,London,Islington,1123,53,6,Low,Dry,5526
18/10/2024 04:56,15850,London,Kensington,1044,84,3,Low,Dry,7750
13/07/2024 07:41,16686,London,Chelsea,953,98,7,Low,Snowy,2323
11/11/2024 09:49,16462,London,Camden,3791,86,7,Low,Wet,7351
29/03/2024 03:29,18026,London,Southwark,3250,34,4,Low,Dry,594
08/08/2024 01:54,13986,London,Islington,1556,74,8,Low,Wet,3020
27/01/2024 00:08,18634,London,Camden,3294,99,2,High,Dry,7445
09/02/2024 13:26,18967,London,Southwark,820,22,9,Medium,Wet,6666
22/08/2024 04:17,13432,London,Chelsea,2533,87,0,Low,Dry,9413
05/07/2024 13:51,9832,London,Southwark,2479,54,8,Low,Dry,4012
17/12/2024 03:26,14173,London,Camden,3442,89,3,High,Dry,246
20/09/2024 09:44,19747,London,Islington,2273,21,1,Low,Dry,8324
23/12/2024 22:42,11803,London,Camden,4238,69,5,Low,Wet,2639
01/12/2024 13:44,15214,London,Camden,3134,34,9,High,Dry,9556
30/12/2024 10:04,13538,London,Islington,3801,33,7,Low,Wet,3252
01/03/2024 02:55,12001,London,Chelsea,1506,79,1,Low,Dry,3932
27/06/2024 01:36,10111,London,Southwark,3373,80,4,Medium,Dry,3315
15/02/2024 07:28,14807,London,Kensington,2033,38,4,Medium,Damaged,7564
12/11/2024 04:36,16892,London,Camden,1691,64,6,Medium,Wet,5862
23/06/2024 00:59,15361,London,Kensington,4532,53,0,Low,Wet,106
05/08/2024 09:57,17945,London,Camden,2215,92,5,Medium,Snowy,437
25/01/2024 12:03,14867,London,Chelsea,604,98,3,High,Dry,6611
30/06/2024 22:35,14558,London,Southwark,2581,18,7,High,Dry,4671
16/04/2024 17:03,9785,London,Camden,3914,60,9,Low,Dry,2948
13/10/2024 03:54,12156,London,Islington,4505,35,9,Low,Dry,1238
27/05/2024 03:38,16340,London,Camden,3317,36,1,Low,Damaged,6862
25/06/2024 14:35,11503,London,Kensington,708,91,8,Medium,Damaged,6212
21/07/2024 17:41,15643,London,Islington,1719,83,9,Low,Damaged,4507
13/04/2024 01:19,17752,London,Chelsea,3861,10,0,Low,Dry,860
26/07/2024 10:29,13912,London,Southwark,3777,29,2,High,Damaged,6910
16/12/2024 00:25,15063,London,Southwark,387,85,3,Low,Dry,4847
17/11/2024 12:26,9271,London,Camden,4538,91,9,High,Damaged,1867
21/01/2024 09:14,16866,London,Kensington,980,32,8,High,Dry,3239
24/07/2024 17:24,19541,London,Chelsea,797,49,4,Low,Dry,7915
02/09/2024 19:56,13590,London,Camden,2683,59,3,Low,Damaged,7451
24/02/2024 19:00,14791,London,Kensington,4738,42,9,High,Dry,8663
25/08/2024 15:23,17207,London,Southwark,1413,29,8,Low,Wet,3030
17/05/2024 17:23,14727,London,Southwark,4011,14,4,Low,Snowy,3656
26/11/2024 08:26,19290,London,Camden,3101,98,9,Low,Wet,1135
20/03/2024 05:24,14657,London,Camden,4043,-42,5,Low,Dry,3005
07/01/2024 02:33,19006,London,Chelsea,280,30,1,Low,Dry,9986
14/06/2024 22:20,18220,London,Islington,3803,14,1,Low,Damaged,8818
09/07/2024 11:52,17770,London,Kensington,4789,93,1,Medium,Dry,5088
16/02/2024 22:42,14463,London,Southwark,1971,76,3,High,Snowy,7234
18/02/2024 13:02,10507,London,Islington,518,57,0,Low,Snowy,8124
09/10/2024 11:05,11509,London,Camden,1593,32,5,Medium,Dry,4606
22/11/2024 22:00,17152,London,Islington,2480,38,1,Low,Dry,1160
26/07/2024 19:55,11447,London,Kensington,4290,60,9,Low,Wet,2452
10/10/2024 20:59,17288,London,Southwark,2795,74,0,High,Dry,4174
20/04/2024 23:05,9063,London,Islington,3379,51,0,Low,Dry,4035
18/01/2024 08:38,16386,London,Camden,3648,99,7,Low,Wet,4474
22/04/2024 01:28,16306,London,Islington,1469,43,3,Low,Damaged,5052
19/12/2024 02:07,18317,London,Islington,1201,-97,5,Low,Dry,1960
02/03/2024 10:20,11054,London,Kensington,2174,68,8,Low,Snowy,2951
19/01/2024 20:34,12462,London,Chelsea,288,89,0,Low,Wet,7801
21/06/2024 19:15,17774,London,Chelsea,1919,11,0,Low,Wet,7164
10/05/2024 04:37,12654,London,Camden,3259,41,5,Low,Snowy,1232
29/01/2024 10:36,19875,London,Southwark,2461,80,5,High,Dry,2823
01/11/2024 17:17,10376,London,Islington,1079,46,5,Medium,Snowy,1029
16/11/2024 04:29,10830,London,Islington,4666,21,8,Low,Damaged,5975
25/01/2024 01:18,13784,London,Islington,721,58,3,Medium,Wet,7432
15/05/2024 16:00,12575,London,Southwark,2202,19,9,Medium,Dry,7585
11/10/2024 17:03,10965,London,Camden,2200,99,7,Low,Wet,970
13/11/2024 07:18,14742,London,Kensington,4460,48,6,Low,Dry,9795
04/03/2024 04:05,17008,London,Kensington,2563,11,8,Medium,Dry,4290
13/07/2024 15:30,9080,London,Southwark,2787,67,6,Low,Wet,5437
17/12/2024 19:27,10930,London,Islington,4067,42,1,Low,Dry,9359
16/06/2024 18:45,13784,London,Southwark,3893,71,1,Low,Wet,4049
19/09/2024 14:46,15948,London,Islington,4951,80,4,Low,Damaged,5712
06/04/2024 05:32,16199,London,Islington,4293,76,4,Low,Snowy,1216
16/09/2024 04:31,15325,London,Islington,4512,49,9,Low,Dry,8196
07/11/2024 18:23,19152,London,Islington,2973,48,9,High,Damaged,8995
03/10/2024 03:27,13910,London,Chelsea,2004,92,1,Medium,Dry,3807
09/09/2024 12:38,19796,London,Camden,4327,29,1,High,Wet,7815
23/03/2024 12:39,16134,London,Chelsea,2149,15,7,Medium,Snowy,3358
23/06/2024 04:00,12135,London,Islington,4741,86,7,High,Dry,8216
20/05/2024 08:26,19781,London,Camden,649,61,3,High,Dry,5151
21/05/2024 05:04,16685,London,Chelsea,2984,51,9,Medium,Snowy,6626
06/07/2024 17:08,9916,London,Camden,350,33,3,Low,Damaged,9806
27/06/2024 10:19,16334,London,Islington,4188,88,8,High,Dry,295
19/03/2024 03:41,12102,London,Islington,4551,11,5,Low,Dry,9871
28/01/2024 04:32,19761,London,Kensington,1778,13,5,High,Dry,1114
07/09/2024 07:57,9744,London,Islington,390,51,4,High,Dry,8118
03/08/2024 20:11,17965,London,Islington,1206,59,0,High,Dry,4086
21/10/2024 18:16,16995,London,Islington,1457,80,6,High,Dry,5529
28/05/2024 15:44,10066,London,Camden,4860,73,4,Medium,Dry,5125
23/12/2024 20:04,15126,London,Camden,1377,92,8,Low,Dry,8424
18/03/2024 05:28,15363,London,Kensington,193,80,1,Low,Snowy,650
15/02/2024 08:47,12572,London,Chelsea,1718,35,6,High,Damaged,3553
23/11/2024 03:41,14430,London,Southwark,3061,88,9,High,Dry,4739
01/04/2024 04:28,14290,London,Islington,4320,86,2,High,Snowy,9913
12/02/2024 17:33,15799,London,Camden,3475,28,1,High,Snowy,7862
14/12/2024 13:05,17427,London,Chelsea,4080,81,2,High,Snowy,6104
15/01/2024 22:08,13971,London,Southwark,2166,51,3,Low,Damaged,6831
07/03/2024 15:23,15051,London,Islington,1298,17,3,Low,Dry,1382
17/08/2024 23:06,13057,London,Kensington,152,98,5,Medium,Damaged,5183
26/10/2024 17:01,10432,London,Islington,580,26,1,Low,Wet,6254
31/05/2024 17:01,15646,London,Chelsea,4989,98,4,Medium,Snowy,7579
28/02/2024 01:47,12734,London,Islington,2947,57,2,Low,Dry,2523
13/02/2024 11:14,11586,London,Chelsea,4127,62,4,Low,Dry,1089
08/09/2024 20:17,17439,London,Islington,3439,94,4,High,Dry,2747
11/01/2024 06:45,15381,London,Islington,2941,25,9,High,Snowy,6472
01/12/2024 07:55,14773,London,Camden,1882,90,5,High,Dry,4892
29/05/2024 03:51,12026,London,Islington,3186,89,8,High,Dry,2121
06/02/2024 22:14,18918,London,Camden,2511,49,4,Low,Damaged,3976
03/05/2024 22:21,18491,London,Islington,1611,99,8,Medium,Dry,1295
02/12/2024 10:32,19524,London,Chelsea,316,82,8,Low,Wet,7765
29/05/2024 15:19,16738,London,Camden,1912,47,2,High,Dry,9553
02/07/2024 09:15,11347,London,Kensington,1261,66,8,High,Snowy,7824
01/07/2024 00:08,10475,London,Kensington,3161,79,2,Medium,Snowy,9219
02/02/2024 17:30,11064,London,Camden,465,57,4,Low,Damaged,5619
03/03/2024 15:11,17469,London,Camden,4577,68,5,Medium,Dry,7505
06/01/2024 04:48,17240,London,Southwark,215,77,2,Low,Damaged,3256
06/10/2024 09:12,12490,London,Southwark,4480,23,1,High,Dry,1288
16/09/2024 08:49,15563,London,Southwark,1445,93,2,Medium,Wet,3077
10/10/2024 03:27,10357,London,Kensington,1965,58,6,Medium,Damaged,4098
25/08/2024 16:20,19165,London,Kensington,1946,86,8,Low,Dry,6893
10/08/2024 20:12,18514,London,Kensington,4222,96,3,Medium,Dry,4329
24/09/2024 16:04,15047,London,Chelsea,4751,63,3,Low,Dry,7796
16/05/2024 04:32,14735,London,Camden,388,77,4,High,Dry,8622
15/06/2024 03:03,16785,London,Southwark,1727,-75,8,Low,Wet,6810
19/06/2024 02:48,11826,London,Chelsea,3406,84,8,Low,Dry,2486
12/08/2024 20:44,13210,London,Chelsea,1554,83,1,Low,Snowy,4527
02/01/2024 23:56,13148,London,Southwark,1074,61,0,Medium,Damaged,3423
07/06/2024 00:57,9916,London,Kensington,2631,43,0,Low,Dry,9372
14/03/2024 14:04,15096,London,Kensington,3368,59,9,Medium,Wet,6169
11/11/2024 13:01,16927,London,Southwark,875,31,6,High,Dry,4483
06/06/2024 02:50,9426,London,Kensington,1590,78,3,High,Dry,1778
08/02/2024 04:43,14173,London,Southwark,3691,50,5,Medium,Snowy,9486
23/09/2024 10:47,14451,London,Camden,4276,87,9,Medium,Dry,6137
04/09/2024 13:54,16508,London,Southwark,3956,77,8,Low,Dry,9459
05/09/2024 07:10,13096,London,Islington,3268,39,1,Low,Snowy,8027
08/05/2024 10:23,10625,London,Southwark,64,92,3,High,Snowy,3533
26/11/2024 03:01,17922,London,Camden,2779,37,3,Low,Dry,7541
08/03/2024 21:49,10514,London,Kensington,3472,64,3,Low,Wet,9315
19/09/2024 08:39,12461,London,Kensington,398,67,9,Medium,Dry,2965
06/05/2024 21:06,15743,London,Southwark,4081,47,4,Low,Wet,4524
11/04/2024 01:31,12187,London,Camden,542,34,3,Low,Dry,1928
03/04/2024 22:54,19872,London,Kensington,3365,55,0,Low,Wet,757
07/01/2024 05:21,13788,London,Chelsea,3968,33,7,Low,Dry,5025
12/11/2024 19:21,18030,London,Camden,2099,57,7,Low,Damaged,7692
21/10/2024 14:22,11334,London,Islington,4259,58,8,Low,Wet,1626
31/05/2024 19:26,13314,London,Islington,487,43,2,Low,Wet,2180
02/07/2024 12:54,16496,London,Chelsea,4944,42,1,High,Dry,693
21/07/2024 10:19,10341,London,Kensington,4456,65,8,Medium,Wet,7259
29/02/2024 16:34,10360,London,Camden,115,24,7,Low,Snowy,8824
23/01/2024 21:29,17678,London,Islington,4876,82,2,Medium,Dry,1253
04/06/2024 09:10,16417,London,Southwark,1756,96,0,Low,Snowy,8103
01/03/2024 22:29,12451,London,Islington,2312,49,5,Low,Dry,3857
17/10/2024 04:05,14577,London,Islington,4928,55,3,Low,Damaged,3314
18/04/2024 09:20,9220,London,Chelsea,169,53,7,Medium,Wet,7362
12/10/2024 04:44,10083,London,Chelsea,1704,38,4,Low,Dry,6166
10/04/2024 17:07,15469,London,Camden,3490,35,9,Low,Damaged,2694
29/01/2024 03:16,10592,London,Islington,3154,48,7,Low,Damaged,9813
30/04/2024 05:05,17599,London,Chelsea,3329,67,5,High,Damaged,8701
30/11/2024 15:37,15966,London,Southwark,1123,93,8,Low,Snowy,342
22/09/2024 02:58,19123,London,Camden,2561,44,0,Low,Snowy,1300
16/11/2024 21:32,10803,London,Islington,733,79,1,Low,Snowy,8812
10/05/2024 23:30,14659,London,Chelsea,3819,36,2,Low,Snowy,7569
17/05/2024 00:32,17318,London,Islington,1500,35,8,Medium,Dry,106
06/02/2024 22:26,17463,London,Southwark,3430,65,5,Medium,Snowy,9043
22/04/2024 21:28,15877,London,Islington,1570,38,8,High,Dry,6568
07/10/2024 11:28,10337,London,Camden,2759,36,3,Low,Damaged,5585
19/05/2024 11:03,11450,London,Chelsea,4122,85,8,Low,Damaged,9659
24/03/2024 00:12,17190,London,Islington,1018,64,0,High,Damaged,9987
29/08/2024 09:42,9051,London,Kensington,1989,19,8,Low,Dry,7870
17/06/2024 10:13,18693,London,Islington,2135,98,5,High,Dry,2973
23/09/2024 18:25,17915,London,Islington,3902,21,4,Low,Snowy,1502
15/09/2024 06:24,18289,London,Kensington,4293,74,0,Low,Snowy,685
25/03/2024 18:14,11691,London,Camden,4888,41,8,High,Dry,3644
09/09/2024 05:44,15428,London,Islington,4046,17,6,Low,Snowy,1280
27/03/2024 22:44,10716,London,Kensington,2472,99,1,Low,Snowy,1449
03/05/2024 16:10,13397,London,Chelsea,2391,43,3,Medium,Snowy,2634
02/04/2024 11:56,18942,London,Chelsea,2037,24,7,High,Wet,3210
08/11/2024 16:21,14729,London,Chelsea,2679,15,2,High,Wet,5774
17/10/2024 12:08,10522,London,Kensington,2404,61,9,Low,Dry,1779
30/05/2024 10:51,10097,London,Southwark,1279,78,8,High,Dry,8144
17/01/2024 22:33,10140,London,Kensington,518,58,2,Low,Snowy,1372
12/03/2024 12:47,15159,London,Islington,429,94,1,Low,Damaged,1619
06/06/2024 21:42,16778,London,Camden,2734,71,3,High,Dry,9505
24/10/2024 11:56,19138,London,Islington,3990,71,5,High,Damaged,3553
25/02/2024 18:21,9073,London,Islington,123,30,8,High,Snowy,3935
11/07/2024 02:18,19011,London,Camden,2347,59,8,Medium,Dry,5032
05/10/2024 06:00,11809,London,Southwark,4084,23,0,Low,Dry,1716
04/07/2024 12:24,13287,London,Kensington,3160,51,8,Low,Damaged,2882
26/07/2024 00:11,15657,London,Chelsea,3989,65,0,Low,Snowy,7042
26/11/2024 05:05,19987,London,Southwark,898,47,8,Medium,Snowy,3634
10/05/2024 11:54,18642,London,Kensington,4001,90,4,Low,Dry,8546
28/08/2024 16:46,19147,London,Chelsea,1175,99,1,Low,Damaged,3956
13/03/2024 22:56,17805,London,Kensington,1157,75,1,Low,Wet,7085
16/05/2024 04:23,18430,London,Islington,343,37,8,High,Snowy,4722
18/03/2024 21:10,11625,London,Kensington,807,48,9,Low,Snowy,8295
26/09/2024 22:43,11707,London,Camden,4457,25,9,Low,Wet,5188
15/04/2024 00:32,9782,London,Islington,4527,84,6,Medium,Damaged,6907
17/04/2024 06:21,13860,London,Kensington,2109,76,1,Low,Dry,1224
28/11/2024 05:55,13889,London,Kensington,3419,52,0,High,Snowy,4282
18/04/2024 02:19,13218,London,Chelsea,1198,36,1,Low,Damaged,768
09/09/2024 18:17,18307,London,Islington,4472,77,9,High,Dry,6047
22/03/2024 21:37,9773,London,Southwark,4612,21,5,Low,Wet,2074
26/12/2024 09:27,9123,London,Chelsea,1527,55,9,Low,Snowy,1211
18/06/2024 21:53,11455,London,Kensington,3961,44,2,High,Dry,8144
08/11/2024 15:44,9042,London,Chelsea,4091,66,7,Low,Snowy,3786
21/01/2024 06:15,14845,London,Islington,485,54,9,Low,Damaged,6216
23/03/2024 04:48,9820,London,Islington,2505,42,2,Low,Wet,5724
10/01/2024 09:03,12326,London,Chelsea,2196,93,3,High,Damaged,2378
24/07/2024 17:07,19640,London,Camden,1353,49,3,Low,Dry,3352
16/10/2024 22:32,18363,London,Southwark,2399,92,0,Low,Wet,4182
16/10/2024 09:29,16273,London,Islington,3209,63,3,Low,Damaged,5242
30/01/2024 18:57,10184,London,Kensington,1511,27,2,Low,Dry,1789
27/11/2024 01:14,12297,London,Islington,2864,71,3,Low,Dry,3257
27/07/2024 06:21,12150,London,Islington,2767,80,6,Low,Snowy,713
13/01/2024 10:56,19233,London,Chelsea,4699,31,7,High,Dry,1078
02/07/2024 01:24,9894,London,Southwark,1038,73,5,Medium,Snowy,1303
16/01/2024 10:28,18792,London,Southwark,4435,62,6,Low,Wet,7732
04/11/2024 09:52,13081,London,Kensington,2947,49,8,Medium,Dry,8044
15/04/2024 02:11,17358,London,Islington,2726,76,7,Low,Dry,9529
24/03/2024 05:20,11958,London,Kensington,1398,27,4,Low,Wet,6321
18/12/2024 06:32,15732,London,Islington,255,57,4,Low,Dry,6144
09/03/2024 03:30,16810,London,Kensington,3508,43,4,High,Damaged,6003
02/12/2024 11:47,13991,London,Islington,4349,98,5,Low,Snowy,2884
21/07/2024 23:28,19889,London,Islington,3195,47,8,Low,Dry,6369
27/09/2024 14:01,16623,London,Southwark,2095,-19,8,High,Snowy,8544
03/08/2024 10:24,14741,London,Camden,2930,88,2,High,Dry,347
27/10/2024 23:38,12006,London,Chelsea,3841,46,6,Low,Dry,1998
31/05/2024 09:54,19537,London,Islington,3487,96,9,Medium,Damaged,9541
18/05/2024 22:50,9579,London,Islington,4812,35,7,Low,Wet,4833
15/08/2024 11:17,16888,London,Chelsea,1900,28,5,Medium,Damaged,2441
21/07/2024 17:35,11336,London,Islington,1544,73,5,Low,Dry,1078
06/02/2024 13:06,9813,London,Islington,1616,39,6,Low,Snowy,5836
05/12/2024 18:41,12809,London,Southwark,2036,63,7,Medium,Wet,9857
18/10/2024 22:47,10669,London,Southwark,4444,73,0,Low,Dry,8109
09/11/2024 20:05,16840,London,Islington,1785,83,3,Low,Dry,2305
02/05/2024 01:03,14421,London,Islington,1839,18,3,Low,Wet,8501
11/09/2024 22:15,14595,London,Southwark,1426,12,9,Low,Wet,414
03/07/2024 14:18,10019,London,Islington,120,15,4,High,Dry,1431
05/05/2024 03:45,12163,London,Islington,4095,-44,3,Medium,Snowy,7504
14/03/2024 06:48,12988,London,Kensington,4294,79,1,Medium,Dry,8298
22/03/2024 04:51,14269,London,Southwark,443,76,7,Low,Damaged,3556
14/09/2024 14:11,13435,London,Southwark,1457,48,6,High,Dry,4293
25/06/2024 11:53,12469,London,Southwark,1056,88,9,Low,Dry,4672
15/09/2024 11:45,16134,London,Islington,2661,79,3,High,Dry,4907
21/01/2024 01:57,9436,London,Camden,526,-96,1,Low,Dry,3013
04/12/2024 20:39,11933,London,Chelsea,4697,64,9,Low,Damaged,9032
22/05/2024 07:02,18489,London,Southwark,3472,66,1,Low,Dry,5615
26/06/2024 14:51,14525,London,Kensington,3609,35,4,Medium,Dry,8693
24/06/2024 23:06,15148,London,Chelsea,1882,87,4,High,Damaged,4486
16/03/2024 04:46,19111,London,Islington,1784,59,1,Low,Snowy,3204
30/11/2024 12:48,14932,London,Camden,4219,51,6,Medium,Dry,4783
19/09/2024 00:26,12840,London,Islington,3898,-39,1,High,Damaged,2905
01/05/2024 05:24,18436,London,Islington,4538,39,5,High,Damaged,5711
30/11/2024 15:26,15200,London,Southwark,2749,39,3,Low,Dry,9641
12/11/2024 19:55,13262,London,Camden,4496,68,0,High,Wet,284
19/10/2024 22:23,19448,London,Chelsea,4843,26,2,Low,Snowy,1480
18/02/2024 23:09,9344,London,Islington,4359,70,3,Low,Snowy,9473
07/12/2024 16:15,18091,London,Islington,3157,13,7,High,Wet,2367
19/03/2024 12:02,18586,London,Islington,3268,26,0,Low,Dry,3538
02/01/2024 17:14,19792,London,Southwark,4653,36,7,Low,Damaged,8191
19/06/2024 04:42,17631,London,Southwark,4253,43,6,Low,Dry,6431
25/05/2024 01:19,9711,London,Camden,1355,21,7,Low,Snowy,1974
14/11/2024 02:41,9954,London,Southwark,376,-67,0,Medium,Snowy,8771
23/05/2024 17:49,15241,London,Islington,1485,14,1,Medium,Dry,7173
18/03/2024 07:17,9630,London,Kensington,1447,45,7,Low,Wet,2962
01/02/2024 03:37,12509,London,Islington,3036,42,0,Low,Dry,7729
07/08/2024 16:57,11838,London,Islington,3288,68,0,Low,Wet,1142
26/11/2024 09:48,14070,London,Islington,9,10,4,Low,Dry,8775
31/07/2024 09:13,16729,London,Kensington,259,27,0,High,Dry,9558
27/01/2024 18:14,15047,London,Chelsea,887,40,7,High,Dry,8772
27/06/2024 04:05,19212,London,Islington,202,39,9,Low,Snowy,1521
03/09/2024 11:32,11072,London,Southwark,4055,43,6,Medium,Dry,4062
26/12/2024 03:46,13733,London,Islington,3894,28,7,Low,Dry,8312
19/08/2024 08:50,14112,London,Camden,550,53,4,Medium,Damaged,850
12/12/2024 15:36,14324,London,Islington,1372,73,3,Low,Wet,1935
18/11/2024 15:24,11222,London,Chelsea,3083,41,5,Medium,Dry,2490
18/11/2024 22:47,15377,London,Islington,398,51,1,Medium,Damaged,1636
27/01/2024 21:59,10148,London,Kensington,3151,41,7,Low,Wet,9699
28/03/2024 15:19,12950,London,Kensington,1258,33,3,High,Wet,5791
21/01/2024 06:57,9467,London,Southwark,2369,67,6,Low,Wet,9334
13/07/2024 12:50,12472,London,Southwark,625,54,0,Medium,Damaged,8276
06/03/2024 03:48,12048,London,Chelsea,4117,50,9,Low,Damaged,6184
28/07/2024 07:58,13878,London,Kensington,3985,77,7,Low,Snowy,5518
29/10/2024 12:22,18045,London,Southwark,1424,27,9,Medium,Wet,1414
07/06/2024 09:23,17494,London,Camden,3069,57,1,Low,Damaged,3904
16/04/2024 11:31,15418,London,Islington,3051,45,7,Low,Dry,889
11/02/2024 10:53,14130,London,Islington,3947,54,1,Low,Wet,269
20/07/2024 14:46,11716,London,Islington,3196,92,4,Low,Damaged,1093
08/06/2024 08:54,14717,London,Chelsea,2245,25,7,Low,Dry,1141
09/06/2024 18:26,10522,London,Chelsea,4489,73,9,High,Dry,5086
29/01/2024 02:05,13768,London,Kensington,4396,58,7,High,Dry,3801
14/05/2024 06:09,19038,London,Southwark,4371,16,0,Low,Dry,8888
19/11/2024 01:28,19986,London,Islington,3226,30,7,High,Dry,7598
06/12/2024 07:28,19092,London,Southwark,3310,60,9,Low,Snowy,2368
25/11/2024 19:42,17146,London,Islington,4525,63,1,Low,Snowy,4716
10/09/2024 17:52,12683,London,Southwark,2966,80,8,Low,Snowy,3150
25/06/2024 04:24,11861,London,Kensington,4692,85,1,Medium,Damaged,6050
13/04/2024 15:17,12787,London,Kensington,1088,66,6,Medium,Snowy,3864
03/06/2024 07:30,16412,London,Camden,2408,16,9,Low,Wet,7760
28/06/2024 21:47,15211,London,Islington,191,96,1,Low,Dry,1996
12/04/2024 08:05,14460,London,Islington,2539,32,3,Low,Dry,3619
09/01/2024 23:33,18343,London,Chelsea,646,51,7,Low,Wet,9706
21/05/2024 19:02,16073,London,Camden,2147,70,3,Low,Snowy,7354
03/05/2024 04:19,13887,London,Islington,3465,10,8,Medium,Damaged,1439
04/12/2024 16:50,16679,London,Islington,2118,32,7,Medium,Dry,6518
26/08/2024 11:11,10612,London,Southwark,600,36,2,Low,Wet,1831
16/04/2024 13:17,11144,London,Islington,3173,-87,2,Low,Wet,6535
13/06/2024 21:35,14183,London,Kensington,2033,17,4,High,Dry,9623
25/05/2024 15:08,13074,London,Chelsea,585,62,8,Medium,Dry,6520
24/11/2024 13:53,19236,London,Islington,97,63,4,High,Snowy,9809
11/11/2024 04:59,11347,London,Kensington,4956,74,1,Medium,Dry,8681
16/06/2024 17:38,19486,London,Islington,2893,46,7,Medium,Dry,9879
20/09/2024 04:12,18870,London,Southwark,2783,21,9,Low,Damaged,2156
11/12/2024 08:47,18473,London,Islington,3019,58,2,Low,Damaged,6559
24/06/2024 05:05,13836,London,Islington,1849,11,8,High,Dry,3881
14/05/2024 23:56,12719,London,Southwark,1747,43,1,High,Wet,6556
28/09/2024 15:58,12800,London,Camden,1981,90,3,High,Dry,6733
27/03/2024 05:59,17499,London,Southwark,1122,31,7,Low,Dry,8594
28/04/2024 00:30,11133,London,Kensington,1841,98,1,Low,Dry,2496
25/11/2024 18:10,14224,London,Kensington,4586,28,9,Medium,Dry,2053
19/01/2024 00:55,9254,London,Southwark,1862,29,9,Low,Damaged,7992
05/09/2024 05:45,11862,London,Islington,303,77,3,Low,Dry,834
15/01/2024 04:17,9397,London,Southwark,4516,89,6,Low,Snowy,1101
23/02/2024 02:36,17193,London,Islington,3314,-89,4,Medium,Dry,6074
04/11/2024 08:18,19292,London,Camden,2968,85,8,Medium,Dry,8219
11/11/2024 13:43,12196,London,Islington,1406,86,7,High,Wet,4480
28/09/2024 11:13,18385,London,Islington,3849,74,9,Low,Snowy,2708
16/05/2024 04:28,18581,London,Southwark,2110,93,2,Low,Damaged,7987
23/06/2024 05:45,15017,London,Kensington,2259,46,9,Low,Damaged,3887
20/01/2024 10:34,9432,London,Islington,674,49,2,Low,Dry,3622
30/06/2024 04:38,16396,London,Chelsea,268,-43,9,High,Damaged,8693
25/07/2024 01:18,10079,London,Islington,1497,74,8,Low,Dry,7867
21/07/2024 18:32,10902,London,Islington,103,83,6,Low,Dry,3584
24/02/2024 09:51,17982,London,Chelsea,3765,32,2,High,Dry,1492
19/06/2024 22:33,10721,London,Islington,1523,95,4,High,Dry,2887
20/10/2024 16:24,16671,London,Southwark,4129,40,0,Low,Damaged,9655
14/02/2024 01:59,18643,London,Chelsea,3739,92,9,Low,Snowy,7493
13/08/2024 16:57,9572,London,Islington,4051,47,3,Low,Dry,7004
24/01/2024 22:41,12103,London,Islington,2710,54,5,Low,Dry,9367
06/08/2024 03:51,10194,London,Southwark,4355,37,0,High,Damaged,8279
22/04/2024 17:24,13428,London,Islington,704,63,1,Low,Dry,9009
02/01/2024 05:08,9453,London,Kensington,2159,62,7,Low,Dry,3659
16/04/2024 12:21,9196,London,Islington,4550,44,7,Low,Dry,1511
03/01/2024 15:07,13111,London,Kensington,3463,43,6,Medium,Snowy,7607
17/10/2024 22:18,18077,London,Islington,3513,74,2,Low,Snowy,1539
19/12/2024 22:34,13973,London,Kensington,3059,93,1,High,Snowy,9333
05/02/2024 13:49,10144,London,Southwark,2585,55,1,Low,Dry,1064
01/09/2024 23:53,15105,London,Camden,1874,39,8,Low,Damaged,3197
03/01/2024 17:30,18053,London,Kensington,2538,24,6,Low,Dry,5801
12/05/2024 21:54,10906,London,Islington,3654,73,5,Medium,Wet,3717
08/04/2024 23:06,10650,London,Chelsea,4400,88,9,Medium,Dry,2643
29/03/2024 03:44,13100,London,Camden,3940,26,7,Low,Damaged,7683
24/09/2024 15:00,13095,London,Kensington,2291,21,6,Low,Dry,7187
04/10/2024 12:53,11089,London,Chelsea,1888,20,3,High,Damaged,5398
23/01/2024 06:56,10062,London,Islington,205,28,0,High,Dry,434
06/03/2024 20:32,11059,London,Islington,166,94,8,Low,Dry,5608
05/12/2024 00:14,15972,London,Camden,271,56,7,Low,Dry,3216
22/02/2024 15:12,18041,London,Chelsea,3084,95,9,High,Wet,3428
05/02/2024 08:43,11425,London,Islington,974,86,3,High,Dry,1786
01/09/2024 10:35,12515,London,Islington,3722,92,2,Low,Damaged,6776
22/05/2024 15:40,9268,London,Chelsea,1880,21,9,High,Wet,2877
01/11/2024 11:29,19600,London,Islington,2794,56,0,High,Dry,6491
17/02/2024 20:08,10247,London,Kensington,2957,67,3,Low,Dry,2279
03/04/2024 20:02,14363,London,Islington,3038,48,9,High,Dry,4209
09/11/2024 23:35,18091,London,Chelsea,4713,55,5,High,Dry,5354
17/12/2024 16:03,18782,London,Islington,1388,15,4,Medium,Snowy,6537
29/07/2024 16:50,16164,London,Islington,2906,62,7,Low,Damaged,808
12/04/2024 11:34,10547,London,Islington,359,36,6,High,Snowy,6670
13/12/2024 10:16,17978,London,Islington,928,15,4,High,Damaged,5616
27/04/2024 16:03,14099,London,Camden,2900,30,6,Low,Dry,3028
09/11/2024 13:20,17222,London,Camden,655,81,5,Low,Wet,557
14/10/2024 06:54,14684,London,Kensington,1437,89,9,Low,Dry,6300
15/10/2024 13:43,9917,London,Chelsea,4585,20,4,Low,Damaged,5522
28/05/2024 19:03,14399,London,Southwark,129,89,1,High,Dry,8138
07/11/2024 12:45,18901,London,Camden,896,22,2,Low,Dry,993
30/08/2024 14:11,11874,London,Chelsea,2582,42,1,Medium,Snowy,9907
11/09/2024 11:21,18541,London,Islington,1000,23,5,Low,Damaged,9943
06/02/2024 03:37,11431,London,Kensington,671,85,3,Low,Snowy,5659
21/05/2024 15:50,9261,London,Islington,3001,12,5,Low,Wet,9467
08/07/2024 12:45,17723,London,Camden,3326,12,4,Medium,Wet,2253
19/01/2024 18:18,9525,London,Kensington,412,27,9,Low,Wet,5925
08/07/2024 18:13,13912,London,Islington,2493,75,4,Low,Dry,2749
10/07/2024 05:04,12068,London,Islington,2190,33,0,High,Wet,3263
18/05/2024 15:13,14228,London,Islington,51,53,3,Low,Dry,4653
10/02/2024 03:58,13974,London,Kensington,2794,58,6,Low,Dry,8563
16/10/2024 22:57,17974,London,Islington,2860,-18,6,Medium,Wet,1980
05/04/2024 17:34,12847,London,Kensington,1625,94,2,Low,Damaged,9097
12/05/2024 02:17,13376,London,Kensington,4340,83,3,Low,Dry,7714
11/05/2024 17:27,14351,London,Camden,4893,83,3,Low,Wet,9629
11/12/2024 13:31,15182,London,Southwark,1215,97,8,High,Dry,3299
26/08/2024 05:53,15477,London,Southwark,3507,18,8,Medium,Dry,1577
11/03/2024 06:25,10811,London,Islington,3823,13,4,Low,Dry,4801
11/07/2024 16:58,18708,London,Southwark,1847,-31,6,Low,Dry,2333
19/04/2024 08:53,11343,London,Islington,1958,66,5,Low,Damaged,5412
21/12/2024 16:44,15866,London,Kensington,2494,14,0,Low,Dry,5413
23/09/2024 07:41,11673,London,Southwark,4565,89,3,Low,Dry,2311
08/09/2024 20:30,18870,London,Southwark,4574,70,1,Medium,Damaged,2161
01/05/2024 10:13,10266,London,Chelsea,3663,77,6,Medium,Wet,9173
11/07/2024 05:01,11014,London,Islington,1378,30,7,Low,Wet,1524
05/10/2024 22:33,10694,London,Chelsea,2692,46,8,Medium,Dry,306
19/05/2024 11:04,15261,London,Kensington,2652,59,0,Medium,Dry,7436
26/05/2024 08:09,16206,London,Islington,482,88,7,High,Dry,9701
26/12/2024 18:51,14776,London,Southwark,4455,89,8,Low,Damaged,6433
07/04/2024 04:28,16654,London,Camden,1352,34,2,High,Wet,9236
14/11/2024 19:44,11243,London,Kensington,583,71,2,Low,Wet,720
05/11/2024 16:44,11964,London,Chelsea,1315,23,3,Medium,Wet,8460
31/03/2024 02:46,15532,London,Chelsea,4996,48,6,High,Dry,2239
24/07/2024 15:29,12699,London,Islington,3780,87,7,Medium,Wet,2200
07/05/2024 18:36,12476,London,Islington,266,54,1,Low,Snowy,8784
20/06/2024 15:01,18994,London,Kensington,4009,78,3,High,Dry,3120
10/04/2024 11:26,18139,London,Islington,2320,44,8,Medium,Dry,7782
23/09/2024 19:24,19434,London,Camden,696,48,8,Low,Dry,7653
10/09/2024 04:57,15718,London,Camden,4048,95,5,Medium,Dry,6998
01/03/2024 13:39,10960,London,Southwark,576,14,5,Low,Snowy,6599
29/11/2024 08:43,17565,London,Chelsea,3545,79,0,Low,Dry,4854
01/05/2024 05:08,15465,London,Islington,3956,17,3,Low,Damaged,739
31/10/2024 20:27,10467,London,Chelsea,34,18,9,Low,Snowy,7614
30/07/2024 05:53,9170,London,Southwark,1581,89,9,Low,Snowy,7708
10/07/2024 01:20,10343,London,Chelsea,420,27,9,High,Dry,8438
30/09/2024 18:52,12791,London,Islington,2780,94,8,High,Damaged,5297
23/11/2024 13:11,12343,London,Kensington,2911,62,0,Low,Snowy,3620
06/08/2024 22:05,9544,London,Southwark,717,26,7,Low,Snowy,5482
13/01/2024 05:46,14173,London,Southwark,4318,71,8,High,Wet,2310
08/12/2024 08:59,11632,London,Camden,1502,59,6,Low,Dry,7346
03/12/2024 10:57,17592,London,Islington,753,58,8,Medium,Damaged,8902
04/02/2024 21:34,14455,London,Islington,4706,37,1,Low,Damaged,3801
02/11/2024 12:03,12210,London,Chelsea,4646,16,4,Low,Dry,5354
22/04/2024 15:12,17380,London,Kensington,3029,71,8,Medium,Snowy,3589
24/06/2024 05:52,13305,London,Camden,2883,20,6,Low,Dry,4341
02/05/2024 22:00,16776,London,Camden,4639,22,8,Low,Snowy,1229
21/09/2024 18:06,9614,London,Islington,1247,62,6,High,Dry,5415
07/01/2024 15:46,9669,London,Islington,1891,61,4,Medium,Snowy,6479
28/07/2024 02:28,15773,London,Islington,2545,60,3,High,Dry,708
30/07/2024 21:45,13613,London,Kensington,2940,82,8,High,Dry,3430
28/10/2024 04:15,9698,London,Kensington,1711,51,2,Medium,Damaged,9044
19/01/2024 20:45,15489,London,Islington,4312,15,0,High,Snowy,5550
28/05/2024 19:49,14261,London,Islington,71,47,5,Low,Dry,6218
26/09/2024 02:06,12112,London,Islington,3156,68,1,Low,Dry,398
03/10/2024 20:32,10630,London,Islington,658,71,1,Low,Damaged,7221
09/05/2024 21:31,12727,London,Chelsea,1849,15,2,Low,Wet,8583
28/12/2024 13:35,10125,London,Camden,2036,13,1,Medium,Snowy,6306
12/03/2024 09:32,14372,London,Camden,2005,49,8,High,Snowy,1940
14/01/2024 08:29,18827,London,Islington,645,17,5,High,Wet,2442
22/01/2024 02:37,17360,London,Kensington,4968,-49,1,Medium,Snowy,1398
02/12/2024 12:58,11956,London,Islington,1825,75,8,Low,Damaged,4481
21/08/2024 01:16,15808,London,Camden,4957,91,0,Low,Dry,6673
28/06/2024 08:58,16487,London,Islington,4479,72,4,High,Wet,4768
22/06/2024 22:22,14701,London,Islington,4539,80,1,Low,Dry,9745
23/06/2024 05:43,10609,London,Islington,338,68,5,Low,Dry,7354
03/07/2024 01:47,16252,London,Kensington,4257,49,3,Medium,Damaged,4088
28/01/2024 22:02,10894,London,Islington,458,32,7,Low,Snowy,7428
15/11/2024 14:45,14302,London,Chelsea,2163,49,2,Medium,Damaged,4098
27/08/2024 11:34,14141,London,Kensington,2227,30,1,Low,Dry,734
18/03/2024 16:48,10035,London,Chelsea,2600,98,3,Medium,Wet,3438
01/10/2024 03:45,9666,London,Camden,4587,63,8,Low,Snowy,5593
14/09/2024 13:25,9648,London,Islington,4220,47,4,Medium,Dry,7637
17/10/2024 04:40,14774,London,Islington,1263,78,3,Low,Wet,7725
08/07/2024 05:39,13144,London,Islington,3925,38,1,Low,Snowy,8050
06/02/2024 06:15,11996,London,Southwark,2064,20,3,Medium,Wet,7140
05/07/2024 16:40,18040,London,Camden,39,22,2,High,Wet,5517
07/12/2024 00:01,14036,London,Kensington,3233,25,0,Medium,Dry,4198
11/11/2024 06:51,15813,London,Islington,4023,41,5,Low,Dry,3518
31/05/2024 13:05,11887,London,Kensington,3918,15,1,Medium,Dry,7974
26/08/2024 17:45,11181,London,Kensington,4750,92,6,Low,Snowy,4136
20/01/2024 16:32,17304,London,Camden,790,33,7,Low,Wet,7223
21/09/2024 13:25,15808,London,Islington,4099,61,2,High,Dry,9947
22/05/2024 08:03,13767,London,Camden,3404,40,6,High,Wet,6055
29/10/2024 15:45,16624,London,Kensington,1785,-12,9,Low,Wet,3391
12/03/2024 08:16,19668,London,Chelsea,277,46,5,Medium,Dry,6218
18/07/2024 09:43,10332,London,Camden,825,26,6,Low,Wet,9627
12/08/2024 11:29,16240,London,Chelsea,2155,58,1,High,Damaged,4525
03/07/2024 19:38,16191,London,Chelsea,2735,52,7,Medium,Snowy,7795
10/06/2024 14:46,11947,London,Islington,2204,36,9,High,Wet,689
07/06/2024 22:16,10552,London,Southwark,4472,54,2,High,Damaged,2548
19/08/2024 05:21,10523,London,Camden,1384,58,0,Low,Dry,2227
28/07/2024 01:13,12422,London,Camden,194,94,8,Low,Dry,8514
14/06/2024 16:47,19559,London,Southwark,1966,63,5,High,Snowy,8233
09/11/2024 16:31,17472,London,Islington,4211,62,6,Low,Dry,4675
02/07/2024 22:28,12101,London,Southwark,3144,50,2,Medium,Snowy,8587
02/03/2024 19:28,17966,London,Islington,2970,71,3,Low,Dry,7400
26/02/2024 02:38,18480,London,Southwark,576,67,0,Medium,Snowy,5843
09/02/2024 05:16,18130,London,Camden,3533,61,0,Low,Wet,5905
17/12/2024 01:01,12764,London,Chelsea,1489,76,9,Low,Damaged,5862
08/04/2024 04:34,11507,London,Islington,2714,96,6,High,Dry,8836
01/10/2024 23:58,9565,London,Islington,2984,85,2,Low,Wet,3890
03/04/2024 01:21,15817,London,Kensington,2884,79,0,Low,Dry,6746
03/08/2024 06:44,16620,London,Chelsea,1669,87,3,Medium,Dry,7930
21/08/2024 19:45,9464,London,Southwark,3862,34,9,High,Wet,1697
26/05/2024 01:10,19890,London,Southwark,3019,11,4,Low,Damaged,2189
04/01/2024 13:43,18685,London,Southwark,4055,41,6,High,Wet,5957
12/01/2024 09:48,12758,London,Camden,3870,12,9,Low,Damaged,1179
07/06/2024 16:56,19179,London,Kensington,1807,23,7,Low,Snowy,7901
07/09/2024 11:31,11557,London,Kensington,3219,77,4,Low,Damaged,2511
01/08/2024 12:57,16663,London,Chelsea,4668,87,9,Medium,Snowy,1655
27/12/2024 12:40,9507,London,Islington,4569,10,4,High,Dry,9956
13/04/2024 10:47,11024,London,Islington,3772,98,6,Medium,Dry,8655
26/10/2024 00:38,19391,London,Southwark,1427,57,0,High,Snowy,6338
14/11/2024 10:08,15249,London,Chelsea,3536,50,2,Medium,Dry,3842
05/09/2024 23:10,14463,London,Southwark,4294,17,7,Low,Snowy,8023
02/03/2024 11:41,9035,London,Kensington,917,63,0,High,Snowy,2326
18/10/2024 23:37,9781,London,Camden,3409,44,1,Low,Dry,6160
19/11/2024 21:59,17071,London,Kensington,4400,12,6,Low,Dry,4296
19/11/2024 08:14,12793,London,Camden,1836,78,4,Low,Wet,2894
29/06/2024 20:43,9593,London,Camden,4675,18,0,Low,Wet,9476
31/03/2024 09:44,14418,London,Kensington,3988,13,2,Low,Dry,4495
15/06/2024 12:06,15162,London,Camden,1192,71,1,Low,Dry,8549
09/04/2024 12:47,11842,London,Islington,1928,21,6,Medium,Dry,4137
04/05/2024 11:21,12571,London,Camden,4045,65,1,High,Dry,8247
20/11/2024 10:24,10069,London,Chelsea,4238,39,0,High,Snowy,8763
08/05/2024 16:34,14268,London,Islington,1127,38,9,Low,Damaged,7836
07/04/2024 00:07,13289,London,Islington,2131,99,8,High,Dry,9074
23/08/2024 17:25,13202,London,Islington,3841,47,6,Low,Dry,4031
24/12/2024 15:04,14893,London,Chelsea,3076,31,6,Low,Snowy,8495
02/11/2024 06:09,17220,London,Southwark,2104,27,7,Low,Dry,9631
04/03/2024 16:17,9001,London,Chelsea,2770,37,7,High,Damaged,8418
09/04/2024 14:35,15179,London,Islington,2802,27,5,Low,Snowy,7204
22/02/2024 12:45,19352,London,Southwark,21,13,0,Medium,Dry,2247
03/10/2024 23:38,9126,London,Southwark,1897,19,3,High,Dry,3260
10/08/2024 16:22,16018,London,Chelsea,103,54,3,Low,Dry,4227
09/05/2024 21:26,15017,London,Chelsea,3746,30,7,Low,Dry,4158
13/02/2024 03:33,9491,London,Kensington,2691,89,9,Low,Wet,8651
07/10/2024 22:56,17102,London,Kensington,864,53,6,Medium,Damaged,7679
13/08/2024 23:41,14025,London,Islington,2196,-37,1,Medium,Dry,5713
11/06/2024 04:44,15654,London,Chelsea,2063,32,0,High,Snowy,2331
14/12/2024 05:02,19313,London,Kensington,1,38,3,Low,Damaged,369
20/08/2024 17:56,16398,London,Islington,1903,63,0,Low,Damaged,3357
27/02/2024 07:44,18578,London,Southwark,3395,85,4,Low,Wet,5569
29/10/2024 23:45,10884,London,Kensington,1585,64,3,Low,Dry,7164
07/01/2024 21:03,10749,London,Camden,4793,42,2,Low,Damaged,4763
17/07/2024 20:49,18460,London,Islington,4594,30,5,Low,Dry,4907
05/02/2024 22:18,13431,London,Camden,4368,77,0,Medium,Damaged,752
15/12/2024 16:46,9621,London,Islington,2032,-83,5,Low,Damaged,2094
17/01/2024 00:14,10601,London,Southwark,4061,70,2,Medium,Damaged,9213
31/03/2024 18:49,13324,London,Kensington,3820,67,5,Medium,Snowy,9677
06/09/2024 17:11,16294,London,Camden,2162,68,9,Low,Snowy,1942
26/10/2024 05:19,15917,London,Islington,2765,13,4,High,Dry,7064
05/07/2024 04:34,17903,London,Islington,1304,20,1,Medium,Snowy,7206
22/12/2024 04:19,14790,London,Islington,1919,-51,8,Low,Dry,8121
06/10/2024 20:56,9880,London,Islington,1833,57,3,Medium,Dry,3409
26/08/2024 05:13,13746,London,Camden,4336,96,5,High,Damaged,4275
20/07/2024 13:24,17021,London,Chelsea,443,25,9,Medium,Snowy,7980
20/09/2024 14:07,18756,London,Kensington,340,93,6,Low,Snowy,635
08/05/2024 01:53,12501,London,Chelsea,296,41,9,Low,Dry,5514
06/03/2024 03:44,14860,London,Camden,3211,20,7,Low,Snowy,3143
08/09/2024 16:22,19957,London,Islington,3236,34,1,Low,Dry,6813
03/09/2024 17:21,9391,London,Camden,3368,67,9,Low,Dry,2435
04/01/2024 09:29,13448,London,Kensington,3164,73,5,High,Dry,2774
20/12/2024 14:05,15328,London,Southwark,30,26,3,High,Dry,7612
20/07/2024 19:51,17357,London,Camden,3776,34,2,High,Snowy,1228
17/10/2024 23:27,16276,London,Southwark,2314,51,2,Low,Dry,291
06/03/2024 13:40,17118,London,Islington,4955,45,3,Low,Snowy,8430
17/06/2024 01:32,14441,London,Kensington,2445,40,5,Low,Wet,5346
20/07/2024 06:25,14526,London,Southwark,2196,57,6,Medium,Snowy,4069
13/09/2024 17:52,19714,London,Islington,1438,69,2,Medium,Dry,8115
10/09/2024 20:40,17035,London,Camden,3924,35,1,Low,Snowy,7041
02/10/2024 04:31,14196,London,Chelsea,2693,11,9,Low,Dry,7061
18/08/2024 01:41,17550,London,Islington,1447,90,5,Low,Dry,7168
02/03/2024 16:07,14805,London,Chelsea,3451,90,6,Low,Snowy,804
09/09/2024 08:43,17375,London,Islington,2810,12,0,Low,Dry,2150
18/08/2024 20:42,11838,London,Chelsea,1315,36,1,High,Damaged,8093
04/11/2024 06:29,10971,London,Chelsea,3453,76,2,High,Dry,4578
29/12/2024 07:16,19237,London,Camden,3254,15,9,Low,Snowy,6229
28/03/2024 05:37,18174,London,Camden,655,62,9,Low,Damaged,6138
14/02/2024 22:45,14508,London,Camden,796,81,2,Low,Wet,7163
25/01/2024 09:55,14887,London,Kensington,3196,33,4,Low,Snowy,1882
29/08/2024 16:42,19191,London,Camden,4458,33,4,Medium,Dry,1580
01/04/2024 05:42,11682,London,Southwark,3569,95,3,Low,Wet,2907
02/04/2024 06:59,17784,London,Chelsea,207,19,6,Low,Damaged,6124
07/10/2024 12:34,14265,London,Camden,1766,66,6,Low,Damaged,7299
17/12/2024 01:26,19110,London,Kensington,3895,15,8,Low,Dry,9375
23/05/2024 18:36,13710,London,Chelsea,316,81,0,High,Damaged,1721
13/09/2024 17:41,15628,London,Kensington,2977,12,3,Low,Dry,2659
27/08/2024 08:19,17765,London,Kensington,1349,88,9,Low,Wet,2865
08/05/2024 06:03,14134,London,Camden,3774,50,6,High,Dry,4681
05/01/2024 16:42,19770,London,Islington,4314,25,8,Low,Snowy,8832
13/10/2024 22:04,16111,London,Chelsea,2891,86,6,Low,Damaged,1987
14/10/2024 10:59,11077,London,Chelsea,118,49,2,High,Dry,5431
17/06/2024 05:41,12355,London,Chelsea,3155,54,7,Medium,Dry,207
25/06/2024 00:33,13003,London,Islington,1150,76,9,Medium,Dry,6390
21/03/2024 23:50,17058,London,Chelsea,2401,45,0,High,Dry,3755
08/05/2024 11:26,15470,London,Kensington,4252,74,8,Low,Dry,7494
16/04/2024 01:17,15852,London,Chelsea,3144,68,1,Low,Dry,9802
03/07/2024 13:24,19437,London,Camden,821,21,3,Low,Damaged,7046
30/03/2024 18:09,11053,London,Chelsea,2973,-54,6,High,Wet,5126
30/03/2024 11:07,17498,London,Islington,321,97,7,Low,Snowy,2359
21/04/2024 08:18,9450,London,Kensington,4768,83,1,High,Snowy,3606
19/06/2024 00:13,12751,London,Islington,2877,39,4,Medium,Dry,8378
01/11/2024 13:43,12753,London,Islington,3763,75,8,Medium,Dry,4135
29/08/2024 22:57,19778,London,Chelsea,1402,78,3,Medium,Dry,3578
03/07/2024 05:28,18041,London,Southwark,387,61,8,Medium,Snowy,8764
31/07/2024 14:28,18329,London,Islington,277,88,2,High,Snowy,4432
26/04/2024 13:09,18855,London,Chelsea,1065,83,3,Medium,Wet,4603
06/09/2024 01:37,9128,London,Islington,2178,35,2,High,Dry,4368
14/03/2024 06:09,10127,London,Chelsea,2294,21,0,Low,Damaged,2950
22/11/2024 16:00,9369,London,Southwark,466,62,4,Low,Snowy,2486
25/05/2024 09:08,16571,London,Chelsea,2783,94,1,High,Dry,2523
10/08/2024 11:55,10347,London,Chelsea,1363,72,6,Low,Damaged,2044
05/09/2024 01:29,15061,London,Islington,2187,43,4,Medium,Snowy,3083
14/06/2024 22:24,12644,London,Islington,3240,54,9,Medium,Wet,6512
02/06/2024 03:18,12445,London,Islington,3677,51,9,Medium,Wet,8466
11/06/2024 20:29,14553,London,Islington,3973,29,3,Medium,Damaged,2449
13/09/2024 09:54,9121,London,Islington,4267,50,7,Low,Wet,5844
16/04/2024 18:50,14855,London,Islington,2380,16,2,Medium,Wet,5681
30/09/2024 13:09,9637,London,Kensington,4843,40,5,High,Damaged,8782
23/04/2024 02:12,10039,London,Southwark,4667,32,3,Medium,Dry,4897
07/01/2024 22:17,16285,London,Islington,3616,16,8,Low,Dry,8531
16/03/2024 18:38,16592,London,Islington,3682,88,1,High,Dry,5868
12/07/2024 14:55,17695,London,Kensington,1571,92,9,Low,Snowy,2477
23/01/2024 03:55,12700,London,Chelsea,4145,21,5,High,Snowy,2821
06/10/2024 02:25,18411,London,Camden,1919,92,5,Low,Dry,4548
07/09/2024 23:33,17832,London,Camden,97,72,6,Medium,Dry,4296
25/06/2024 16:17,14663,London,Islington,3758,41,4,High,Dry,3283
29/01/2024 12:38,18366,London,Kensington,3411,36,9,Low,Damaged,3386
24/10/2024 18:12,16833,London,Southwark,775,16,7,Medium,Dry,5858
09/06/2024 09:50,14521,London,Southwark,2219,49,7,High,Wet,221
07/09/2024 19:56,10671,London,Southwark,935,58,1,Low,Dry,4739
19/03/2024 13:58,13663,London,Camden,3163,52,4,Medium,Snowy,705
08/03/2024 04:44,12174,London,Islington,77,56,0,Low,Dry,5079
10/02/2024 01:48,18381,London,Kensington,3989,24,7,Low,Dry,8786
12/11/2024 12:16,10818,London,Kensington,4125,46,1,Low,Damaged,6276
25/01/2024 18:23,18494,London,Southwark,4987,77,4,Low,Dry,8036
29/07/2024 18:29,18398,London,Islington,1727,77,1,Low,Wet,901
20/01/2024 19:00,14515,London,Camden,4915,32,7,Low,Damaged,834
18/12/2024 19:51,14783,London,Islington,4673,96,1,Low,Wet,6505
01/05/2024 22:17,18421,London,Islington,3398,94,6,Low,Wet,7998
28/03/2024 09:50,14582,London,Chelsea,2522,15,3,High,Wet,1826
09/01/2024 05:51,10594,London,Islington,3159,87,8,Low,Damaged,3508
17/09/2024 15:48,9256,London,Kensington,2321,23,4,High,Dry,3981
07/12/2024 18:00,14091,London,Islington,36,23,6,High,Wet,8684
09/11/2024 19:20,18457,London,Southwark,146,70,3,High,Wet,505
03/01/2024 07:11,15525,London,Southwark,1792,19,6,Low,Damaged,4827
12/09/2024 07:10,16759,London,Camden,4950,13,3,High,Snowy,9074
24/03/2024 21:21,10972,London,Islington,987,18,3,Low,Damaged,6323
25/04/2024 05:12,18211,London,Islington,233,23,7,High,Wet,5053
09/03/2024 01:16,14331,London,Kensington,1730,24,9,Low,Damaged,7210
05/12/2024 02:17,19947,London,Camden,3328,61,4,Low,Snowy,2353
30/09/2024 15:46,9498,London,Islington,742,48,0,Low,Damaged,2728
19/08/2024 19:25,15316,London,Islington,295,26,1,Low,Wet,1297
04/02/2024 20:48,19003,London,Chelsea,3120,29,1,Low,Dry,3490
09/03/2024 23:47,17104,London,Southwark,3694,90,3,High,Snowy,1000
16/03/2024 19:21,18841,London,Islington,2367,18,7,High,Snowy,9560
27/05/2024 14:50,12655,London,Kensington,4493,90,8,Low,Dry,9296
10/07/2024 18:17,9114,London,Southwark,3520,44,1,Medium,Dry,1180
12/01/2024 06:49,19829,London,Chelsea,2658,48,4,Low,Dry,5770
05/09/2024 07:09,16354,London,Kensington,741,97,7,High,Dry,4291
15/09/2024 21:37,12207,London,Southwark,276,87,0,Low,Dry,1329
23/12/2024 10:45,13687,London,Islington,4415,24,5,Low,Dry,8277
12/05/2024 02:56,14022,London,Kensington,3867,18,8,Low,Snowy,9008
05/07/2024 01:05,9661,London,Chelsea,2364,33,4,Medium,Dry,9746
12/11/2024 04:42,9941,London,Islington,554,13,2,High,Dry,2741
23/11/2024 12:24,12574,London,Chelsea,3705,21,8,Medium,Wet,6437
10/10/2024 13:14,11767,London,Camden,4414,55,4,Low,Snowy,4061
06/12/2024 03:22,13311,London,Chelsea,4501,21,3,Low,Dry,8322
21/11/2024 13:46,14031,London,Southwark,2081,11,5,Low,Damaged,4582
16/10/2024 13:07,13362,London,Islington,4340,20,8,Low,Snowy,7912
17/10/2024 22:36,18997,London,Kensington,4547,90,4,Low,Dry,8711
11/05/2024 01:35,14014,London,Islington,1283,51,1,High,Damaged,806
22/05/2024 10:29,10736,London,Chelsea,4319,35,6,High,Snowy,4342
16/03/2024 23:43,12013,London,Southwark,3261,73,9,Medium,Damaged,8261
08/12/2024 18:39,9920,London,Islington,551,39,0,Low,Dry,3307
21/09/2024 11:52,16749,London,Chelsea,1832,19,5,Low,Snowy,6285
14/02/2024 02:57,12183,London,Islington,4047,89,5,Low,Wet,9583
06/09/2024 01:45,15287,London,Chelsea,2750,35,1,Low,Snowy,4683
01/07/2024 16:42,11881,London,Islington,1702,85,3,High,Dry,8147
30/05/2024 16:53,15896,London,Southwark,2169,33,8,Medium,Dry,3242
16/10/2024 11:29,18391,London,Chelsea,110,81,2,Low,Snowy,1878
20/01/2024 05:26,15856,London,Southwark,4802,84,7,Medium,Snowy,6687
10/08/2024 20:24,19101,London,Islington,2624,29,3,Medium,Wet,7591
29/11/2024 07:39,13346,London,Southwark,3952,15,8,High,Damaged,9247
01/04/2024 15:44,9900,London,Kensington,1454,65,6,High,Snowy,9212
12/03/2024 20:16,13216,London,Camden,3685,66,3,Low,Wet,9646
13/04/2024 14:36,9535,London,Chelsea,4544,37,6,Medium,Snowy,6474
12/02/2024 15:25,18153,London,Southwark,3571,62,1,Medium,Snowy,3492
01/08/2024 00:12,14070,London,Islington,3117,99,5,Low,Wet,9583
23/12/2024 13:26,12183,London,Camden,1521,29,1,Low,Dry,5111
22/11/2024 12:07,16718,London,Chelsea,2529,25,1,Low,Dry,4931
23/11/2024 19:28,16553,London,Southwark,2041,51,2,Medium,Damaged,7284
11/05/2024 22:33,19462,London,Chelsea,885,60,0,High,Snowy,1939
03/12/2024 17:20,10824,London,Southwark,4771,85,4,Medium,Dry,4139
18/05/2024 19:42,9707,London,Kensington,2814,94,8,Low,Snowy,406
10/02/2024 00:13,10703,London,Chelsea,3876,86,1,Medium,Wet,2345
16/02/2024 11:42,10079,London,Islington,4072,61,0,High,Dry,5612
01/02/2024 19:46,17276,London,Chelsea,4702,36,8,Low,Snowy,3875
05/01/2024 10:56,13865,London,Chelsea,1368,10,9,High,Snowy,1277
08/05/2024 01:02,10807,London,Southwark,1449,97,5,Medium,Damaged,4454
27/06/2024 02:56,18164,London,Chelsea,1700,16,1,Low,Dry,4003
07/06/2024 19:07,11725,London,Islington,4836,49,9,Low,Wet,1071
25/01/2024 02:31,12258,London,Kensington,1732,-30,8,Medium,Dry,7850
21/04/2024 08:06,13041,London,Camden,2250,70,6,Low,Snowy,6909
18/01/2024 09:50,19188,London,Camden,1582,26,4,Low,Snowy,9934
22/09/2024 10:46,11192,London,Islington,4547,97,0,Low,Wet,3061
24/01/2024 15:37,17385,London,Chelsea,684,64,0,Low,Dry,5117
19/08/2024 09:52,16945,London,Kensington,1105,56,1,Medium,Wet,5360
19/04/2024 06:39,13659,London,Islington,2728,48,4,Medium,Damaged,3021
21/08/2024 02:35,16861,London,Islington,1320,36,1,High,Wet,7188
07/11/2024 15:06,12710,London,Islington,4844,21,2,Low,Dry,2285
05/09/2024 01:24,11252,London,Islington,688,39,3,Low,Dry,982
24/08/2024 17:21,11138,London,Chelsea,659,45,1,High,Wet,7139
29/01/2024 19:56,17928,London,Islington,3618,-42,7,Medium,Dry,8875
02/03/2024 12:30,16789,London,Camden,303,26,2,Low,Snowy,3171
19/04/2024 00:39,9880,London,Islington,3594,78,2,Low,Wet,715
25/06/2024 18:20,14489,London,Chelsea,4956,60,8,Low,Dry,4324
24/02/2024 03:34,17293,London,Southwark,4995,72,8,Low,Dry,2256
29/02/2024 05:31,18796,London,Islington,4907,17,0,Low,Damaged,3593
12/03/2024 04:55,11080,London,Southwark,807,72,1,Medium,Dry,3844
13/11/2024 07:56,14389,London,Camden,1313,51,9,Low,Wet,9223
29/09/2024 05:57,10141,London,Camden,588,66,4,High,Snowy,2677
27/09/2024 18:59,14899,London,Camden,3507,77,8,High,Dry,1903
28/12/2024 19:04,9331,London,Kensington,59,35,1,Low,Dry,2073
06/07/2024 22:00,14447,London,Islington,2942,62,7,Low,Wet,9274
10/11/2024 12:28,15826,London,Camden,3229,33,0,Medium,Wet,3461
15/09/2024 10:14,12328,London,Kensington,3812,18,4,High,Wet,5229
20/07/2024 16:05,11988,London,Islington,4292,55,9,Low,Snowy,9496
24/11/2024 05:53,10827,London,Southwark,1893,53,8,Low,Wet,8827
06/11/2024 00:35,17931,London,Islington,3969,13,2,Medium,Dry,2941
14/09/2024 23:12,11796,London,Islington,3063,39,2,High,Snowy,6623
01/04/2024 15:43,13749,London,Kensington,499,14,7,High,Dry,8241
05/06/2024 09:42,17074,London,Chelsea,3087,41,8,Medium,Wet,1523
27/07/2024 01:24,15883,London,Islington,3410,51,7,Medium,Dry,5653
15/06/2024 13:38,19591,London,Kensington,2924,62,6,Medium,Dry,188
15/01/2024 11:01,10979,London,Kensington,568,46,4,High,Snowy,6045
04/11/2024 06:03,11900,London,Kensington,4861,90,0,Low,Snowy,9393
22/09/2024 14:33,9276,London,Islington,1254,37,5,Medium,Dry,9087
05/02/2024 00:40,10752,London,Southwark,3580,24,8,Medium,Damaged,8606
13/07/2024 17:48,16834,London,Islington,889,86,9,Low,Damaged,1813
13/08/2024 12:40,11758,London,Islington,4619,27,0,Medium,Dry,3774
02/03/2024 09:45,14944,London,Kensington,2042,75,5,Low,Damaged,9797
17/04/2024 03:42,13950,London,Chelsea,2334,45,2,Medium,Dry,2704
24/01/2024 04:00,9991,London,Southwark,3972,44,8,High,Wet,2746
07/05/2024 23:43,9922,London,Southwark,2820,50,7,High,Dry,307
08/05/2024 06:48,18782,London,Chelsea,2673,28,2,Medium,Snowy,2962
12/10/2024 10:08,17792,London,Islington,1800,74,2,Low,Dry,4001
10/08/2024 22:21,10760,London,Islington,3424,97,6,Medium,Wet,5582
15/04/2024 03:38,15268,London,Islington,3234,98,9,High,Dry,4369
22/05/2024 15:01,14722,London,Chelsea,3947,26,8,High,Wet,1916
30/01/2024 09:38,16892,London,Camden,2006,99,3,Medium,Dry,2461
09/05/2024 03:52,17448,London,Chelsea,3204,73,9,High,Snowy,1045
13/08/2024 17:05,10116,London,Southwark,2822,61,4,Medium,Dry,1486
05/09/2024 08:08,15582,London,Islington,165,67,2,Low,Snowy,1268
14/12/2024 03:40,9590,London,Islington,4100,45,5,Low,Wet,2273
02/12/2024 05:43,14816,London,Southwark,1317,18,1,Low,Dry,9281
05/02/2024 11:52,12398,London,Islington,1411,-69,7,Low,Wet,1097
04/10/2024 09:46,10531,London,Southwark,2275,50,9,High,Wet,3294
23/04/2024 21:27,19193,London,Southwark,1187,62,0,High,Snowy,4659
15/05/2024 17:22,15042,London,Chelsea,134,13,8,Low,Snowy,5414
24/12/2024 01:09,12364,London,Kensington,1268,43,0,Low,Damaged,2305
12/11/2024 14:39,12034,London,Southwark,1575,60,1,High,Damaged,1339
05/04/2024 02:10,18179,London,Islington,4887,38,8,Low,Wet,9510
24/10/2024 21:33,16440,London,Islington,2085,64,8,Low,Snowy,4381
11/09/2024 13:14,16849,London,Islington,1752,89,9,Low,Dry,1372
20/02/2024 12:21,18283,London,Southwark,1,57,9,Low,Dry,7815
12/12/2024 18:20,14896,London,Islington,4699,23,5,Low,Wet,1748
16/02/2024 03:05,12429,London,Islington,2508,18,2,Low,Wet,4604
28/01/2024 18:14,13366,London,Southwark,1034,93,4,High,Snowy,8877
27/02/2024 05:27,16878,London,Islington,619,47,9,Medium,Snowy,400
22/01/2024 03:41,14302,London,Kensington,354,63,3,Low,Snowy,3463
01/11/2024 04:29,15246,London,Islington,246,27,5,Low,Wet,5373
14/10/2024 04:09,19877,London,Kensington,4831,89,7,Low,Snowy,9902
01/07/2024 22:07,13662,London,Kensington,2178,53,0,Low,Dry,695
21/05/2024 18:44,10715,London,Chelsea,3769,40,3,High,Damaged,7894
20/12/2024 07:23,16487,London,Chelsea,4997,46,3,High,Dry,4354
12/12/2024 02:45,9408,London,Chelsea,345,65,6,Low,Snowy,6225
24/04/2024 05:56,18454,London,Chelsea,2633,65,4,High,Snowy,3950
06/06/2024 01:09,10508,London,Islington,4619,16,1,Low,Snowy,8525
17/11/2024 06:16,12340,London,Kensington,1356,47,6,Medium,Snowy,459
30/12/2024 02:45,10601,London,Chelsea,3306,58,9,Low,Snowy,4683
23/12/2024 04:58,17155,London,Southwark,335,57,8,High,Dry,7020
29/08/2024 16:19,19925,London,Islington,3291,31,8,Low,Wet,3305
19/06/2024 03:46,16465,London,Chelsea,1009,91,9,Low,Snowy,9423
07/01/2024 09:50,14061,London,Camden,2907,35,6,Low,Dry,7102
08/02/2024 14:45,19316,London,Chelsea,900,74,3,Low,Dry,3933
28/06/2024 22:38,14088,London,Kensington,3411,82,5,Medium,Snowy,9657
26/09/2024 23:24,19441,London,Camden,2964,96,2,Medium,Dry,9131
25/07/2024 03:56,10484,London,Kensington,3926,30,1,Low,Dry,6592
29/12/2024 21:11,14919,London,Camden,1437,37,3,Low,Wet,6988
16/02/2024 08:08,11100,London,Camden,1046,29,6,High,Damaged,2913
15/09/2024 16:10,9563,London,Camden,1003,30,4,Medium,Dry,9092
05/01/2024 11:14,19908,London,Islington,837,31,5,Low,Damaged,6939
07/10/2024 21:01,9681,London,Islington,628,51,0,Low,Snowy,1605
09/08/2024 19:01,9804,London,Kensington,140,86,9,Medium,Wet,2290
08/09/2024 12:02,13091,London,Islington,633,63,9,High,Snowy,5582
23/09/2024 04:51,11187,London,Kensington,3691,38,0,High,Damaged,3423
18/09/2024 15:52,10942,London,Kensington,524,-30,6,Medium,Dry,6399
11/05/2024 20:49,14505,London,Southwark,2933,87,6,Low,Wet,614
17/02/2024 15:35,15597,London,Islington,2139,87,3,Low,Dry,605
27/06/2024 12:28,10968,London,Chelsea,3950,22,1,Medium,Wet,7974
07/08/2024 13:25,12513,London,Southwark,1999,-88,3,Low,Dry,6724
18/02/2024 14:36,15874,London,Chelsea,71,93,5,Low,Dry,8206
03/06/2024 19:28,9364,London,Camden,3300,66,1,High,Wet,2149
24/09/2024 04:11,11199,London,Kensington,3251,81,9,Low,Wet,5315
23/02/2024 19:23,19647,London,Camden,1428,12,0,Low,Wet,321
10/11/2024 10:04,10288,London,Chelsea,1587,99,7,High,Wet,3239
20/10/2024 15:02,15463,London,Kensington,4027,13,0,Medium,Snowy,5722
29/12/2024 16:24,17438,London,Kensington,1603,76,2,High,Damaged,535
06/11/2024 13:16,18781,London,Chelsea,751,23,7,Medium,Dry,9197
08/10/2024 18:52,12164,London,Kensington,4127,-47,3,Low,Snowy,6507
03/03/2024 09:12,9594,London,Kensington,4991,56,9,High,Dry,7693
13/01/2024 22:44,9291,London,Islington,1174,78,8,Low,Wet,6036
29/07/2024 02:56,14959,London,Camden,2719,78,4,Low,Damaged,3695
16/02/2024 06:14,9670,London,Islington,2216,42,4,Low,Wet,9494
24/06/2024 09:28,15123,London,Chelsea,3160,87,6,Low,Snowy,2377
31/01/2024 04:50,18952,London,Islington,2240,59,5,Low,Dry,5972
21/08/2024 12:32,17740,London,Islington,2036,15,8,High,Wet,8290
11/05/2024 01:49,10187,London,Chelsea,4893,92,6,Low,Dry,7354
06/03/2024 09:08,12751,London,Southwark,1317,90,9,Medium,Dry,6533
03/06/2024 05:54,11037,London,Camden,4059,25,7,Low,Damaged,3629
22/02/2024 02:49,11818,London,Chelsea,3961,37,8,Medium,Snowy,312
15/12/2024 01:21,9919,London,Islington,2637,29,4,Low,Wet,6197
08/09/2024 08:35,9093,London,Islington,2407,16,0,High,Wet,7027
10/02/2024 08:00,18511,London,Kensington,717,19,8,Medium,Dry,7292
16/03/2024 01:26,17078,London,Camden,1419,56,2,Medium,Dry,9260
02/03/2024 03:12,11750,London,Camden,680,27,3,Medium,Dry,6325
24/04/2024 04:09,14390,London,Islington,4990,-42,7,Low,Damaged,3643
29/03/2024 15:25,13766,London,Islington,4819,91,0,Low,Snowy,8541
14/05/2024 18:07,12871,London,Chelsea,2519,36,4,High,Dry,4163
19/01/2024 15:12,16597,London,Chelsea,4759,44,3,Low,Damaged,6640
26/05/2024 09:08,11798,London,Islington,4831,-76,1,High,Dry,5903
28/04/2024 02:35,15523,London,Camden,3735,60,3,Medium,Wet,8759
19/12/2024 22:38,19584,London,Kensington,1735,63,9,Low,Dry,4340
05/09/2024 12:22,9651,London,Southwark,2649,42,9,Medium,Dry,7930
27/03/2024 12:45,16442,London,Southwark,1047,78,9,Low,Dry,1758
03/07/2024 03:17,16435,London,Southwark,1867,73,9,Low,Snowy,6478
06/12/2024 06:59,11793,London,Southwark,3664,21,5,Low,Damaged,5992
27/02/2024 18:42,15316,London,Camden,2670,32,2,Medium,Wet,8256
11/06/2024 11:20,20000,London,Kensington,4444,21,1,Low,Dry,3468
06/05/2024 01:32,11887,London,Southwark,4890,52,8,High,Wet,2605
27/01/2024 11:57,18761,London,Kensington,1591,57,7,Low,Snowy,6510
29/02/2024 06:03,18314,London,Kensington,4628,87,9,Low,Snowy,7454
24/12/2024 04:28,11412,London,Camden,3985,45,1,High,Dry,6337
08/03/2024 03:55,17768,London,Islington,1235,29,6,Low,Dry,2493
10/08/2024 21:00,14040,London,Islington,3174,26,2,High,Wet,1340
26/07/2024 16:46,14677,London,Islington,1233,27,3,Medium,Snowy,7163
02/05/2024 23:35,9466,London,Islington,807,22,3,Low,Dry,8048
18/04/2024 13:42,13843,London,Islington,329,44,8,Medium,Snowy,1686
18/03/2024 19:51,14506,London,Southwark,4702,14,9,High,Snowy,7988
15/08/2024 09:04,16865,London,Islington,4869,50,0,Medium,Snowy,8367
29/04/2024 05:21,15382,London,Camden,4362,29,4,Low,Damaged,5002
24/02/2024 06:26,19400,London,Kensington,1514,48,4,Medium,Dry,6024
18/04/2024 20:31,19822,London,Islington,3551,64,8,Medium,Damaged,464
30/12/2024 19:50,15796,London,Kensington,2704,58,3,Low,Dry,4810
12/10/2024 10:24,15324,London,Islington,2183,36,4,Low,Dry,5441
03/11/2024 13:14,12556,London,Chelsea,1753,55,3,Low,Snowy,7839
06/04/2024 16:44,9518,London,Kensington,595,80,2,Low,Wet,9420
02/07/2024 05:52,10341,London,Islington,1379,18,0,Low,Damaged,9192
24/07/2024 23:56,14372,London,Islington,4583,89,1,Low,Damaged,4660
13/11/2024 07:01,16051,London,Chelsea,659,-74,1,High,Wet,834
21/06/2024 12:00,10869,London,Chelsea,1604,49,6,High,Dry,3485
03/09/2024 13:00,11464,London,Southwark,431,33,1,High,Dry,1245
20/08/2024 06:18,12714,London,Southwark,469,47,5,Low,Dry,8060
26/10/2024 23:28,16793,London,Camden,2026,46,7,High,Wet,2602
20/10/2024 18:28,14095,London,Chelsea,727,42,5,Medium,Wet,5878
01/02/2024 12:27,18721,London,Camden,1218,59,5,High,Damaged,5021
23/08/2024 08:40,10600,London,Islington,699,29,3,Low,Snowy,4420
09/04/2024 07:43,9057,London,Islington,3066,26,6,High,Dry,9748
19/05/2024 19:21,17117,London,Chelsea,3670,34,7,High,Damaged,2644
20/11/2024 11:44,19854,London,Islington,2495,76,0,Low,Snowy,6635
24/11/2024 03:54,15197,London,Chelsea,847,41,2,Low,Snowy,1917
18/09/2024 19:25,9266,London,Southwark,2145,50,4,Low,Dry,4961
04/11/2024 06:50,14105,London,Islington,3924,51,2,Low,Snowy,568
15/06/2024 23:06,18477,London,Islington,1206,82,7,Medium,Wet,547
08/12/2024 23:15,17456,London,Islington,4344,94,6,Medium,Dry,7289
03/10/2024 05:35,13626,London,Islington,4281,17,0,Low,Dry,3628
26/11/2024 23:50,11446,London,Kensington,2531,85,1,Medium,Dry,8835
26/11/2024 01:01,17693,London,Kensington,965,57,0,Low,Dry,8893
17/03/2024 17:10,11323,London,Islington,3062,14,4,Low,Dry,328
06/09/2024 15:23,16243,London,Islington,339,75,7,Low,Dry,2430
13/12/2024 17:58,9845,London,Kensington,2974,35,8,Low,Dry,2968
10/12/2024 09:05,18145,London,Islington,1051,88,4,Low,Damaged,5015
25/10/2024 15:41,9165,London,Islington,4337,18,4,Low,Dry,7750
07/11/2024 19:54,18912,London,Southwark,143,35,7,High,Dry,6013
08/06/2024 05:27,12906,London,Chelsea,4365,19,4,High,Wet,3030
10/09/2024 14:38,9172,London,Kensington,4446,11,4,Low,Wet,9457
25/03/2024 04:55,12488,London,Islington,617,80,2,Low,Dry,7077
06/08/2024 07:31,17528,London,Islington,3734,14,4,High,Wet,5309
19/04/2024 19:04,18821,London,Kensington,1834,97,4,Medium,Snowy,1017
12/02/2024 07:39,11837,London,Islington,4925,33,1,Low,Snowy,4034
23/07/2024 10:25,9991,London,Camden,2330,23,7,Low,Dry,9815
28/08/2024 04:13,12272,London,Southwark,1269,72,2,High,Wet,7934
29/10/2024 19:01,11829,London,Camden,297,30,4,Low,Dry,1648
01/03/2024 18:01,17498,London,Islington,3751,99,9,Low,Damaged,8320
02/01/2024 16:21,12160,London,Camden,2783,43,3,Medium,Snowy,6555
26/07/2024 20:53,16828,London,Kensington,3577,31,7,Low,Dry,3893
25/07/2024 12:09,16009,London,Islington,3190,53,1,Low,Damaged,6607
10/08/2024 19:38,16171,London,Chelsea,2397,34,2,Low,Snowy,1920
12/01/2024 23:05,19857,London,Islington,1194,20,1,Low,Dry,7345
15/08/2024 17:36,17121,London,Camden,1129,87,7,High,Dry,6097
28/09/2024 17:19,16171,London,Islington,4808,25,7,Low,Damaged,7888
05/11/2024 14:32,17233,London,Southwark,1705,53,2,High,Dry,6333
03/11/2024 13:04,17692,London,Islington,2125,-22,6,Low,Damaged,8313
23/07/2024 15:50,17502,London,Islington,328,63,9,Low,Snowy,8619
04/05/2024 14:44,12003,London,Southwark,579,35,5,Low,Dry,4169
07/09/2024 19:48,11483,London,Kensington,4781,29,5,High,Snowy,9866
25/03/2024 00:26,16735,London,Islington,3875,62,5,Low,Damaged,4859
10/10/2024 23:40,15594,London,Islington,2877,19,4,High,Snowy,6041
26/10/2024 12:53,10644,London,Islington,4659,11,8,Medium,Dry,1013
08/06/2024 18:50,15718,London,Islington,326,92,3,Medium,Snowy,7210
03/02/2024 20:29,19682,London,Islington,2292,75,1,Low,Dry,2652
28/10/2024 04:54,9148,London,Chelsea,4330,21,8,High,Damaged,7719
04/12/2024 21:20,11778,London,Islington,2132,52,1,Low,Wet,2094
22/10/2024 13:46,9370,London,Chelsea,3678,32,9,High,Damaged,9718
07/01/2024 22:32,19737,London,Kensington,1878,50,3,High,Dry,8278
05/12/2024 19:51,15110,London,Camden,4534,-10,3,Low,Wet,9760
26/10/2024 03:01,10209,London,Camden,750,53,9,Medium,Damaged,4936
19/01/2024 08:49,12354,London,Islington,995,96,2,Medium,Damaged,5430
24/10/2024 20:11,18617,London,Kensington,1284,74,2,Low,Dry,2611
02/10/2024 18:31,17916,London,Chelsea,4957,41,0,Medium,Snowy,7284
23/04/2024 03:59,9195,London,Islington,1149,46,7,Low,Wet,5532
22/08/2024 07:28,19990,London,Kensington,4953,32,8,Medium,Dry,9816
05/01/2024 09:19,10605,London,Islington,423,17,2,Medium,Wet,6411
29/03/2024 04:01,11960,London,Islington,4717,50,8,Low,Damaged,5025
03/11/2024 12:11,10465,London,Camden,1908,80,0,Medium,Dry,259
05/09/2024 23:19,13393,London,Chelsea,1878,52,2,Medium,Dry,4690
14/04/2024 11:28,17628,London,Chelsea,4162,91,5,Medium,Dry,3073
13/09/2024 08:25,11827,London,Chelsea,785,16,3,Low,Snowy,5219
19/09/2024 16:30,9825,London,Islington,4485,45,6,Low,Dry,8981
16/09/2024 08:58,9245,London,Chelsea,1952,24,5,Low,Dry,8253
22/08/2024 08:48,12364,London,Chelsea,236,13,6,Medium,Damaged,8924
17/08/2024 06:36,10414,London,Chelsea,3401,63,3,Low,Dry,1240
21/11/2024 16:18,12778,London,Camden,1083,69,5,Low,Dry,6348
29/07/2024 08:50,11544,London,Kensington,4945,29,1,Low,Snowy,8534
09/09/2024 01:23,18604,London,Kensington,2514,31,4,Medium,Wet,7177
31/08/2024 18:11,16162,London,Camden,4464,95,6,Medium,Dry,350
28/09/2024 03:42,10846,London,Southwark,495,98,4,High,Snowy,7907
14/09/2024 07:26,12647,London,Kensington,1184,62,4,Medium,Dry,675
11/09/2024 23:26,9855,London,Southwark,2042,78,9,Low,Wet,703
02/01/2024 00:52,12199,London,Southwark,487,94,4,Low,Dry,4910
18/04/2024 15:45,18394,London,Kensington,316,57,8,Low,Damaged,1328
26/10/2024 06:28,10733,London,Islington,356,96,1,Medium,Snowy,7658
15/05/2024 03:15,17463,London,Camden,829,39,7,Low,Snowy,500
13/08/2024 22:03,12230,London,Chelsea,4910,81,5,Low,Dry,9666
24/06/2024 22:23,18017,London,Islington,3806,78,4,Low,Snowy,8230
25/05/2024 02:13,12812,London,Islington,2135,80,1,Low,Wet,5079
16/02/2024 06:52,10455,London,Camden,711,75,4,Low,Dry,9352
25/03/2024 13:24,16808,London,Camden,2377,94,0,High,Snowy,508
17/03/2024 17:26,19779,London,Islington,2240,20,5,High,Damaged,8628
23/06/2024 16:03,18832,London,Camden,773,67,0,Low,Dry,8497
28/07/2024 05:40,12001,London,Chelsea,1053,21,3,Low,Dry,7443
14/09/2024 07:41,11411,London,Kensington,522,78,7,Low,Dry,8890
11/11/2024 23:37,16104,London,Kensington,3767,96,4,Medium,Damaged,4350
11/02/2024 05:00,17958,London,Islington,1484,-92,2,Medium,Dry,7415
10/09/2024 05:28,10897,London,Camden,367,90,4,Medium,Damaged,2785
18/11/2024 08:39,12944,London,Chelsea,4846,77,8,Low,Dry,4948
17/02/2024 20:25,14041,London,Chelsea,2793,29,2,Medium,Wet,4742
24/11/2024 02:08,18192,London,Islington,2336,67,5,Medium,Dry,3660
11/09/2024 19:49,17456,London,Kensington,3773,85,4,Low,Dry,7099
03/02/2024 16:08,18925,London,Southwark,3141,66,4,High,Dry,7499
12/06/2024 18:37,14368,London,Camden,4508,32,8,Low,Snowy,6892
02/10/2024 05:02,18513,London,Kensington,546,29,9,Low,Dry,9117
24/12/2024 11:02,14544,London,Islington,3221,33,3,Medium,Damaged,4201
11/04/2024 18:57,19047,London,Camden,2473,36,2,High,Snowy,7171
05/10/2024 06:26,18642,London,Islington,4562,55,8,Low,Damaged,4631
27/12/2024 19:12,18538,London,Southwark,2544,69,8,Medium,Dry,4398
11/03/2024 10:16,17529,London,Islington,3970,28,9,Low,Wet,8892
01/02/2024 14:12,16131,London,Chelsea,1485,88,8,Low,Dry,7457
31/05/2024 21:45,19766,London,Kensington,1479,60,3,Low,Wet,7300
05/12/2024 00:32,17537,London,Islington,877,22,3,Medium,Dry,3209
13/07/2024 17:05,19976,London,Kensington,529,70,7,High,Damaged,726
21/06/2024 23:59,10266,London,Southwark,1019,68,8,Low,Damaged,7136
01/12/2024 11:38,18058,London,Chelsea,2891,83,7,Low,Wet,3919
16/12/2024 18:01,9423,London,Islington,807,33,4,Low,Snowy,4763
28/12/2024 10:13,18181,London,Islington,257,33,5,Medium,Wet,449
23/06/2024 16:07,15208,London,Chelsea,4583,77,1,High,Wet,7741
26/04/2024 15:12,12928,London,Islington,2241,25,4,High,Dry,3235
20/03/2024 16:46,15138,London,Islington,1371,59,7,Low,Dry,3702
29/04/2024 07:42,13604,London,Southwark,312,31,7,Medium,Wet,9316
25/02/2024 20:57,11997,London,Islington,1947,85,2,Low,Dry,9719
28/08/2024 14:06,15437,London,Islington,3628,87,8,Low,Damaged,3077
15/07/2024 04:06,12450,London,Islington,3787,16,8,Low,Wet,5797
06/05/2024 00:02,15261,London,Chelsea,3249,69,2,Medium,Damaged,6005
21/07/2024 01:30,11493,London,Chelsea,1422,15,2,Low,Wet,4020
05/03/2024 05:43,12276,London,Chelsea,96,48,5,Low,Dry,2070
14/07/2024 03:18,13672,London,Kensington,309,10,1,Low,Snowy,7327
18/06/2024 12:11,12656,London,Islington,4277,23,1,Low,Dry,6725
27/07/2024 00:19,13870,London,Kensington,3047,94,1,Medium,Dry,6701
08/03/2024 16:48,13740,London,Southwark,4933,66,2,High,Dry,8408
11/08/2024 13:58,10577,London,Kensington,4302,68,0,Low,Wet,9216
29/02/2024 07:53,19620,London,Islington,3790,81,8,Low,Damaged,8346
06/03/2024 11:31,11178,London,Kensington,3629,13,6,Medium,Dry,4250
17/09/2024 23:44,9594,London,Chelsea,4519,25,4,Low,Wet,2938
18/08/2024 05:31,11299,London,Chelsea,1103,86,4,Low,Snowy,486
28/05/2024 21:14,12279,London,Kensington,3828,14,1,Medium,Snowy,6438
10/10/2024 13:24,15021,London,Kensington,1758,29,3,High,Dry,5379
16/08/2024 22:18,12312,London,Islington,278,42,8,Medium,Dry,5679
22/08/2024 09:24,18649,London,Kensington,846,14,3,Low,Damaged,2741
22/05/2024 03:19,17528,London,Chelsea,1597,98,1,Medium,Dry,5269
09/11/2024 22:36,16602,London,Islington,1208,71,0,Low,Snowy,947
11/07/2024 09:30,13403,London,Chelsea,4101,90,4,High,Dry,3264
14/07/2024 22:14,17009,London,Islington,4367,48,4,Low,Snowy,148
26/09/2024 17:09,16519,London,Kensington,3881,15,9,Low,Dry,5749
24/11/2024 08:24,15981,London,Southwark,2496,35,7,Low,Dry,9151
16/07/2024 13:50,13491,London,Camden,1025,51,1,Low,Damaged,9022
28/09/2024 06:42,16710,London,Camden,2180,12,9,Low,Snowy,4752
15/03/2024 06:45,14898,London,Southwark,1319,30,3,Low,Wet,1679
08/09/2024 02:20,10186,London,Islington,3613,91,2,Low,Dry,4213
11/09/2024 07:40,18427,London,Kensington,4142,19,0,Low,Wet,631
22/03/2024 20:42,15456,London,Islington,450,76,5,Low,Wet,5355
06/04/2024 00:10,14011,London,Southwark,1980,68,8,Medium,Wet,4554
12/03/2024 15:55,18950,London,Kensington,1333,95,7,Medium,Snowy,5624
16/12/2024 02:30,11071,London,Kensington,3894,40,8,High,Dry,5500
19/08/2024 19:07,18427,London,Southwark,3965,31,8,High,Damaged,8572
28/05/2024 06:05,17875,London,Islington,2408,38,9,Low,Damaged,3168
24/04/2024 04:43,13983,London,Islington,2712,32,4,High,Damaged,1822
23/07/2024 01:48,16136,London,Chelsea,1441,29,4,Low,Dry,9264
06/04/2024 17:23,15343,London,Kensington,587,66,4,Low,Damaged,6943
18/08/2024 16:48,18802,London,Kensington,3823,40,2,Low,Wet,3537
07/08/2024 20:04,15619,London,Islington,2858,67,7,High,Dry,864
07/04/2024 11:42,17933,London,Kensington,1487,24,8,High,Dry,7624
05/10/2024 09:13,13919,London,Islington,295,43,9,Medium,Dry,327
30/06/2024 03:57,10618,London,Islington,198,84,3,Low,Damaged,7650
28/06/2024 09:53,11232,London,Camden,4092,98,3,Low,Damaged,7326
18/06/2024 06:48,18793,London,Southwark,2241,44,8,High,Dry,5584
26/11/2024 23:09,15857,London,Camden,980,40,7,High,Damaged,1992
23/05/2024 13:34,18219,London,Islington,4126,90,8,Medium,Dry,7981
17/07/2024 07:26,17991,London,Islington,661,24,2,High,Wet,1793
09/10/2024 10:39,10622,London,Southwark,2729,37,9,Low,Wet,6695
02/08/2024 13:24,11953,London,Chelsea,2934,33,8,Low,Dry,1317
30/06/2024 14:53,19391,London,Kensington,4902,43,2,Low,Wet,5222
15/12/2024 05:27,18093,London,Camden,1838,72,8,Medium,Dry,5147
27/07/2024 13:35,19332,London,Southwark,4501,18,2,Low,Dry,3430
12/03/2024 07:51,16983,London,Southwark,1753,51,3,Low,Dry,3367
14/08/2024 22:31,9375,London,Islington,4655,30,6,High,Damaged,6227
18/09/2024 19:15,13177,London,Southwark,3451,78,6,High,Dry,1050
17/01/2024 22:39,14119,London,Kensington,2645,47,4,Medium,Wet,5584
07/11/2024 11:12,13786,London,Chelsea,1061,49,5,High,Damaged,4487
28/02/2024 12:21,9264,London,Camden,2770,76,0,High,Dry,2377
19/07/2024 06:34,17790,London,Kensington,356,84,3,Medium,Dry,8204
16/02/2024 20:55,9723,London,Islington,4515,-51,1,High,Snowy,4707
26/08/2024 10:30,12573,London,Islington,965,57,4,High,Damaged,8457
11/07/2024 16:39,18283,London,Islington,1954,19,9,High,Dry,8766
26/11/2024 02:07,18604,London,Camden,4496,90,9,High,Snowy,344
31/01/2024 03:36,16690,London,Islington,1309,74,1,Low,Damaged,4185
08/11/2024 09:24,9483,London,Camden,4071,56,0,Low,Dry,3917
01/11/2024 05:50,9881,London,Islington,1925,94,7,Medium,Damaged,558
18/05/2024 09:10,14918,London,Islington,3766,18,3,Low,Damaged,1550
08/10/2024 20:34,19043,London,Southwark,3424,52,2,Medium,Wet,4720
15/05/2024 11:04,16514,London,Kensington,2166,53,0,Medium,Dry,2027
31/03/2024 09:41,10568,London,Kensington,3227,22,9,Low,Wet,344
24/03/2024 15:01,14443,London,Chelsea,1950,30,5,Medium,Dry,3482
29/07/2024 06:53,19454,London,Kensington,691,99,7,Medium,Wet,1731
08/06/2024 14:57,12031,London,Kensington,3915,37,2,Medium,Damaged,5084
09/03/2024 03:42,19600,London,Islington,4167,70,6,Medium,Damaged,1931
08/07/2024 20:26,19941,London,Camden,638,17,5,High,Dry,8529
28/01/2024 04:59,13564,London,Southwark,1384,38,9,Low,Dry,3747
12/06/2024 10:26,19293,London,Islington,1494,57,5,High,Dry,8454
23/12/2024 17:55,19694,London,Camden,1148,46,6,Low,Dry,7054
24/06/2024 18:00,11855,London,Chelsea,3247,79,8,High,Dry,1763
04/10/2024 14:22,11042,London,Kensington,566,90,7,Low,Dry,1265
24/05/2024 05:22,13478,London,Kensington,2357,14,2,High,Dry,8914
25/10/2024 08:38,18914,London,Islington,1011,-35,6,Low,Dry,6141
23/12/2024 07:10,14526,London,Camden,187,75,3,High,Dry,7345
07/11/2024 17:02,10952,London,Islington,3832,49,2,Low,Dry,9137
11/01/2024 23:28,13958,London,Islington,2270,63,2,Low,Damaged,9921
26/11/2024 07:38,9792,London,Kensington,1333,98,6,Low,Wet,8594
13/09/2024 05:31,10029,London,Kensington,879,28,9,Medium,Wet,6850
04/08/2024 22:11,9467,London,Islington,1090,13,0,High,Damaged,8294
25/09/2024 06:23,16612,London,Chelsea,4358,87,5,High,Snowy,5777
09/11/2024 05:37,10548,London,Southwark,2466,39,9,Low,Dry,1714
18/10/2024 06:19,13098,London,Islington,259,80,3,Low,Dry,5956
08/03/2024 14:41,18720,London,Kensington,631,-77,7,High,Snowy,9687
03/08/2024 04:22,18131,London,Kensington,4271,29,1,Low,Dry,858
06/12/2024 16:05,14451,London,Southwark,4592,27,0,Medium,Dry,9933
18/07/2024 21:02,13924,London,Camden,2618,97,7,Low,Damaged,8375
06/08/2024 17:50,15828,London,Islington,1291,21,4,Low,Damaged,7880
06/06/2024 07:46,10035,London,Kensington,3001,64,8,High,Dry,5983
29/02/2024 14:10,11823,London,Islington,2658,51,5,Low,Dry,2593
02/04/2024 00:18,19554,London,Kensington,2998,17,0,High,Snowy,3610
05/07/2024 02:27,10041,London,Islington,2762,51,8,High,Dry,3043
28/02/2024 16:49,19081,London,Southwark,2569,15,1,Low,Snowy,7549
21/07/2024 12:18,11743,London,Kensington,4564,59,6,Low,Wet,6294
19/04/2024 05:51,9452,London,Chelsea,3850,36,6,Medium,Damaged,8841
22/04/2024 04:37,10168,London,Kensington,181,-94,8,High,Dry,1013
14/04/2024 06:12,14035,London,Southwark,4663,82,4,High,Wet,1292
14/10/2024 04:29,10681,London,Chelsea,2687,63,6,High,Damaged,7438
25/12/2024 19:10,14904,London,Kensington,2972,29,3,Medium,Dry,3448
15/12/2024 18:16,17948,London,Islington,1911,75,8,Medium,Damaged,9390
30/05/2024 17:14,13175,London,Islington,2996,86,5,Low,Wet,8908
03/05/2024 16:27,19360,London,Kensington,945,67,3,Low,Dry,7708
02/08/2024 23:13,18151,London,Chelsea,3153,53,9,Low,Wet,5150
29/12/2024 22:50,10695,London,Kensington,55,90,7,Low,Dry,8054
23/07/2024 05:50,12391,London,Kensington,4447,49,5,Medium,Dry,8889
23/11/2024 15:27,9152,London,Southwark,4538,-57,5,Low,Snowy,2789
20/01/2024 20:22,13919,London,Chelsea,1012,-50,9,Medium,Snowy,7948
25/08/2024 16:27,9245,London,Islington,3263,12,4,Low,Dry,8596
20/12/2024 07:28,19287,London,Camden,1962,81,6,Low,Damaged,7443
23/05/2024 14:33,18719,London,Kensington,1859,30,6,Low,Wet,8458
17/05/2024 21:31,13704,London,Islington,60,62,8,Low,Dry,7806
08/11/2024 12:33,9575,London,Camden,3685,13,3,Low,Snowy,1809
16/06/2024 20:45,15396,London,Camden,2521,81,0,Low,Damaged,5964
19/12/2024 14:50,10146,London,Chelsea,1371,76,4,Medium,Dry,5077
22/03/2024 06:26,16077,London,Camden,2378,90,8,Low,Wet,6327
30/07/2024 13:33,10933,London,Southwark,1056,13,0,High,Wet,3329
13/07/2024 01:42,11238,London,Camden,4784,25,8,High,Snowy,3830
29/09/2024 17:24,18774,London,Chelsea,3089,24,2,Medium,Dry,1628
30/11/2024 21:58,12685,London,Islington,4314,17,5,Low,Dry,9919
28/08/2024 21:42,11822,London,Islington,1601,48,6,High,Wet,8381
27/10/2024 22:13,14921,London,Chelsea,4772,86,0,Low,Dry,2237
05/12/2024 16:57,11213,London,Southwark,2675,87,9,High,Dry,9189
03/10/2024 00:05,16676,London,Camden,3692,87,1,Low,Wet,5035
28/08/2024 10:05,10387,London,Southwark,4925,35,4,Low,Dry,1765
13/12/2024 23:24,19905,London,Chelsea,941,-53,5,Low,Dry,8759
09/10/2024 02:34,11160,London,Kensington,4906,64,7,Low,Dry,1084
19/04/2024 11:00,19504,London,Chelsea,4857,25,2,Low,Dry,4666
24/04/2024 02:58,15016,London,Southwark,3911,29,5,High,Damaged,3758
15/02/2024 15:48,18619,London,Camden,3164,95,0,Low,Dry,2033
18/05/2024 18:40,17749,London,Islington,1177,15,3,Low,Damaged,5054
14/12/2024 16:41,12198,London,Chelsea,1734,19,3,Low,Dry,9884
20/01/2024 10:17,19048,London,Kensington,3533,74,4,Low,Damaged,4304
16/03/2024 00:06,19661,London,Southwark,4184,17,4,Low,Wet,4350
06/08/2024 19:38,11193,London,Islington,1809,-68,5,Low,Snowy,1319
19/02/2024 22:06,11201,London,Kensington,3351,51,2,Low,Snowy,4091
19/07/2024 13:31,11611,London,Chelsea,1948,65,7,Medium,Dry,5517
06/10/2024 14:02,12563,London,Southwark,4440,54,7,Low,Wet,5845
13/03/2024 13:04,13216,London,Islington,405,25,1,Low,Dry,2575
26/11/2024 15:27,19115,London,Islington,4401,40,2,Low,Damaged,7203
22/10/2024 10:22,18815,London,Islington,282,90,9,Medium,Dry,8678
20/01/2024 18:50,14206,London,Southwark,477,50,6,Low,Damaged,4210
13/06/2024 01:39,10666,London,Southwark,3176,36,3,Low,Damaged,7206
16/08/2024 20:17,14070,London,Camden,4973,67,8,Low,Snowy,3243
12/05/2024 05:56,18787,London,Islington,3448,11,0,Medium,Damaged,4694
06/01/2024 23:00,13729,London,Kensington,2047,59,6,Low,Snowy,5083
30/11/2024 08:16,18774,London,Islington,2074,57,7,Medium,Dry,2036
11/10/2024 19:43,17175,London,Kensington,3825,-29,8,Low,Dry,3420
13/11/2024 07:56,12042,London,Southwark,1077,21,2,Low,Wet,4270
08/11/2024 06:18,11194,London,Islington,1022,94,6,High,Damaged,3346
22/01/2024 23:47,13058,London,Islington,3912,82,9,High,Wet,4275
06/06/2024 18:00,19829,London,Camden,4400,66,6,Low,Dry,5873
10/11/2024 19:18,17297,London,Islington,3832,78,9,Low,Dry,2253
06/06/2024 03:11,16391,London,Kensington,1639,28,8,Low,Dry,8258
25/11/2024 11:07,9919,London,Islington,145,81,4,Medium,Snowy,7570
10/08/2024 23:30,13322,London,Islington,2720,22,4,Low,Snowy,2971
02/07/2024 00:32,16893,London,Islington,527,68,6,Low,Snowy,4064
02/10/2024 07:16,11684,London,Chelsea,171,69,8,Medium,Dry,8043
04/10/2024 07:30,19807,London,Kensington,1846,36,2,High,Snowy,7249
17/10/2024 10:40,18529,London,Chelsea,4501,34,5,High,Dry,5116
25/01/2024 22:00,13037,London,Islington,1717,35,6,Low,Dry,1142
14/05/2024 14:37,13020,London,Kensington,857,52,7,Low,Wet,7145
26/06/2024 15:22,9272,London,Southwark,3877,86,6,Medium,Wet,850
07/08/2024 13:15,14670,London,Islington,3276,37,7,Medium,Dry,6182
28/02/2024 04:16,10368,London,Southwark,4125,75,1,Medium,Snowy,1342
15/07/2024 07:40,19343,London,Islington,3579,98,9,High,Damaged,5139
06/11/2024 06:08,13760,London,Islington,2259,81,2,Low,Wet,474
18/10/2024 16:09,11253,London,Islington,3713,33,3,Medium,Dry,3731
23/11/2024 17:47,11332,London,Islington,2826,32,0,High,Wet,2057
24/03/2024 22:20,19965,London,Islington,4764,79,3,High,Snowy,3409
02/09/2024 02:56,10731,London,Kensington,3044,52,5,High,Wet,7619
16/08/2024 14:18,10217,London,Chelsea,1786,29,8,Low,Dry,9829
22/07/2024 23:18,13290,London,Southwark,3952,59,2,Low,Dry,7435
01/07/2024 11:35,9133,London,Islington,867,89,6,Low,Dry,4191
20/10/2024 19:03,10805,London,Chelsea,3774,67,1,Low,Damaged,643
17/10/2024 15:56,18779,London,Chelsea,1643,30,0,Low,Wet,6075
17/07/2024 05:39,9466,London,Camden,2985,93,4,Medium,Damaged,441
30/10/2024 07:34,15478,London,Islington,522,69,0,Low,Damaged,4099
26/10/2024 23:41,9470,London,Southwark,380,15,1,Medium,Damaged,1664
13/01/2024 01:16,14975,London,Islington,55,38,4,Low,Snowy,5537
06/10/2024 00:48,15505,London,Chelsea,3832,22,9,Low,Dry,4127
10/10/2024 09:13,16278,London,Southwark,3998,11,1,Medium,Dry,5879
11/09/2024 05:48,15596,London,Camden,2815,41,7,High,Wet,5062
20/07/2024 04:39,10669,London,Islington,330,91,9,High,Snowy,2691
07/03/2024 10:07,15078,London,Islington,4563,24,4,Medium,Wet,9619
25/08/2024 13:59,11840,London,Islington,337,47,5,High,Dry,4425
09/12/2024 17:14,10050,London,Islington,3480,65,3,Low,Dry,7807
15/01/2024 01:14,12961,London,Southwark,385,29,1,High,Snowy,9246
09/03/2024 07:46,19374,London,Kensington,2617,20,8,Medium,Snowy,3076
25/12/2024 15:08,12450,London,Chelsea,3418,27,3,Medium,Damaged,5075
21/06/2024 18:30,14260,London,Southwark,2341,-50,4,High,Snowy,5414
19/06/2024 03:36,15446,London,Camden,4919,69,3,Low,Dry,216
25/02/2024 04:37,17264,London,Kensington,2232,30,2,Medium,Dry,8649
16/11/2024 11:10,13829,London,Islington,2167,88,9,Low,Dry,8611
24/07/2024 15:47,9630,London,Southwark,3384,32,5,Low,Damaged,2262
11/01/2024 22:25,11507,London,Chelsea,3047,55,5,Low,Dry,3136
07/09/2024 17:53,10576,London,Southwark,2385,60,0,High,Dry,8422
21/04/2024 10:43,17535,London,Camden,2968,96,0,High,Wet,1617
21/12/2024 04:27,14693,London,Chelsea,741,64,7,Medium,Damaged,4495
17/03/2024 01:52,14768,London,Islington,4596,53,7,High,Damaged,8203
03/08/2024 06:53,11297,London,Chelsea,544,71,3,Low,Dry,827
24/12/2024 14:25,9897,London,Kensington,3444,37,6,High,Snowy,8717
28/09/2024 10:20,9917,London,Kensington,1374,31,4,Medium,Snowy,6451
19/11/2024 17:45,9259,London,Camden,632,15,0,Low,Dry,6445
28/06/2024 16:54,11299,London,Southwark,2451,78,9,Low,Damaged,6282
18/11/2024 02:51,18308,London,Islington,4038,52,6,High,Damaged,3439
25/01/2024 20:33,14872,London,Islington,1239,36,5,Low,Damaged,9911
06/06/2024 15:35,17990,London,Camden,4422,96,7,High,Snowy,1901
17/03/2024 05:09,9771,London,Islington,3589,78,0,Low,Dry,9006
04/09/2024 02:28,14629,London,Islington,2669,34,4,High,Damaged,3027
06/12/2024 02:24,10773,London,Camden,3024,14,3,Low,Damaged,5634
05/07/2024 19:46,17153,London,Southwark,3081,84,0,Medium,Dry,5284
27/02/2024 01:56,19430,London,Kensington,4621,49,8,High,Wet,3347
17/07/2024 20:23,15597,London,Southwark,1365,30,8,Low,Snowy,392
21/01/2024 09:54,15583,London,Islington,361,97,6,Low,Dry,1152
25/09/2024 12:02,15497,London,Kensington,1415,95,9,High,Snowy,2442
20/02/2024 21:33,17871,London,Islington,397,42,2,Low,Damaged,8065
15/11/2024 05:21,12264,London,Chelsea,1913,30,1,High,Dry,3862
10/10/2024 07:55,13893,London,Kensington,1930,26,0,High,Dry,1799
19/03/2024 23:03,9185,London,Southwark,4572,52,9,High,Wet,4384
26/11/2024 16:53,19376,London,Camden,800,37,6,High,Wet,2779
13/08/2024 16:30,11329,London,Chelsea,2824,45,7,Low,Wet,5697
19/07/2024 05:53,13197,London,Islington,3670,44,4,Low,Damaged,9075
27/01/2024 09:10,17681,London,Islington,2928,86,2,Medium,Damaged,8582
14/05/2024 13:40,15039,London,Kensington,3819,69,1,Low,Damaged,7578
28/12/2024 04:39,16238,London,Camden,1462,96,5,High,Damaged,2413
24/05/2024 17:07,19004,London,Southwark,4897,85,5,Low,Dry,1343
20/12/2024 06:18,18272,London,Islington,159,30,6,Medium,Snowy,6909
23/12/2024 17:25,14007,London,Islington,101,76,6,High,Dry,7467
05/09/2024 13:12,13631,London,Chelsea,4643,44,4,High,Damaged,5215
30/11/2024 21:45,10621,London,Chelsea,2612,45,6,Low,Dry,9776
20/07/2024 12:20,15463,London,Kensington,3905,54,0,Medium,Wet,5500
30/11/2024 05:37,19713,London,Islington,1307,50,9,Medium,Wet,4536
07/11/2024 02:35,10509,London,Islington,2220,69,9,Medium,Wet,8609
01/03/2024 05:16,13859,London,Camden,1682,54,1,Medium,Damaged,2239
27/06/2024 09:02,15863,London,Islington,1144,86,5,High,Dry,6381
05/05/2024 08:25,13579,London,Kensington,203,92,6,Low,Dry,4122
17/06/2024 13:33,16572,London,Kensington,4026,30,0,Low,Dry,8076
20/05/2024 18:12,17505,London,Chelsea,2369,58,0,Low,Wet,7665
31/03/2024 20:08,19491,London,Islington,3508,30,2,Medium,Dry,2728
08/09/2024 15:40,19790,London,Southwark,245,42,1,Low,Snowy,966
01/09/2024 07:02,12156,London,Islington,2620,37,3,High,Dry,6626
18/02/2024 09:45,10827,London,Chelsea,653,67,7,Low,Wet,1105
04/03/2024 01:53,10476,London,Southwark,4967,51,0,Low,Snowy,5517
04/08/2024 02:22,14037,London,Islington,2224,35,2,Medium,Dry,2428
09/11/2024 19:57,15450,London,Chelsea,3671,27,2,High,Wet,3084
11/01/2024 16:02,11860,London,Islington,4881,11,2,Low,Damaged,3251
27/06/2024 21:33,10807,London,Islington,2264,69,6,Low,Snowy,5624
07/11/2024 05:44,19143,London,Kensington,2467,42,1,Low,Damaged,5265
08/07/2024 00:06,17120,London,Chelsea,3956,70,2,Low,Wet,4919
18/11/2024 18:22,17585,London,Southwark,4049,86,5,Low,Dry,6035
18/08/2024 13:03,12073,London,Chelsea,3870,59,5,Low,Dry,7420
02/04/2024 15:50,9250,London,Chelsea,391,52,3,Low,Snowy,9392
30/12/2024 02:01,15944,London,Southwark,4845,42,2,Medium,Wet,4884
13/10/2024 13:57,11817,London,Kensington,2424,43,2,Medium,Dry,1410
01/01/2024 22:43,19444,London,Islington,2291,95,6,High,Snowy,3929
26/02/2024 08:44,13779,London,Chelsea,4266,78,4,Low,Damaged,6908
22/03/2024 23:49,19208,London,Camden,2629,76,7,Low,Snowy,7672
13/10/2024 10:14,10956,London,Islington,3499,33,9,Low,Dry,5299
06/12/2024 15:34,11079,London,Islington,983,84,9,High,Wet,3549
03/07/2024 08:56,11018,London,Camden,4809,42,1,Medium,Damaged,2437
14/02/2024 07:03,12458,London,Kensington,4216,55,2,Low,Damaged,5626
12/08/2024 20:42,19841,London,Kensington,161,86,8,Medium,Damaged,275
03/04/2024 16:48,19306,London,Southwark,2268,95,3,High,Dry,8329
16/11/2024 05:32,10657,London,Islington,1725,70,7,Low,Dry,383
04/11/2024 05:47,9671,London,Chelsea,480,35,4,High,Wet,8369
07/04/2024 09:32,12983,London,Islington,2029,56,5,High,Dry,2358
14/06/2024 20:53,12058,London,Kensington,621,30,1,Medium,Dry,274
27/06/2024 13:08,10724,London,Camden,4952,45,0,Medium,Damaged,7911
18/03/2024 22:14,18484,London,Kensington,4801,17,1,Medium,Dry,1228
01/09/2024 18:40,17473,London,Islington,2067,99,1,Low,Wet,9142
14/08/2024 11:56,10308,London,Southwark,1981,73,7,Medium,Dry,3644
10/03/2024 16:20,14713,London,Islington,2598,59,1,Medium,Damaged,2622
09/08/2024 00:06,19413,London,Camden,4673,31,6,High,Snowy,5951
24/08/2024 08:05,11638,London,Camden,1566,84,5,Low,Dry,4024
24/04/2024 11:15,16590,London,Southwark,1928,49,0,Low,Damaged,6664
26/10/2024 18:46,12270,London,Chelsea,3508,41,4,Low,Dry,3567
03/09/2024 20:34,14893,London,Camden,2503,87,3,Low,Dry,9094
14/10/2024 08:04,16515,London,Islington,937,73,0,Low,Dry,4385
21/11/2024 12:42,18491,London,Camden,3784,41,1,Low,Dry,8173
16/11/2024 23:19,13750,London,Islington,1005,25,3,High,Dry,365
26/12/2024 12:33,10540,London,Kensington,3169,43,4,Medium,Dry,9682
11/03/2024 05:01,19859,London,Chelsea,621,44,4,Low,Snowy,342
09/01/2024 06:31,16059,London,Camden,501,77,3,Low,Wet,1024
15/04/2024 04:00,11025,London,Camden,125,94,9,High,Damaged,1120
04/12/2024 13:25,10592,London,Southwark,4801,23,7,Low,Wet,3871
29/11/2024 10:59,10346,London,Kensington,508,79,8,Low,Damaged,3926
18/06/2024 13:03,11653,London,Kensington,2438,38,2,Low,Snowy,4958
24/12/2024 00:47,10230,London,Islington,2701,-82,8,Medium,Dry,9678
19/05/2024 21:31,19613,London,Southwark,899,61,0,Low,Dry,4947
08/06/2024 05:26,15382,London,Southwark,4381,92,5,Low,Dry,4536
11/12/2024 02:39,12060,London,Southwark,3486,16,5,Low,Dry,5228
04/10/2024 09:22,15114,London,Chelsea,480,47,5,High,Dry,2507
21/06/2024 15:12,19959,London,Islington,122,47,2,Low,Dry,2172
16/12/2024 02:55,14387,London,Kensington,3452,29,7,Low,Dry,5939
24/04/2024 02:28,17327,London,Islington,1943,38,8,Low,Dry,5912
28/05/2024 16:01,13221,London,Kensington,783,60,2,Low,Dry,2672
08/11/2024 16:03,13553,London,Camden,3017,81,9,High,Damaged,3812
16/10/2024 05:19,19798,London,Southwark,2887,97,2,Low,Dry,3607
22/11/2024 16:20,17428,London,Islington,4918,38,0,Low,Wet,5524
23/09/2024 10:20,16707,London,Southwark,2907,50,7,Low,Wet,8188
27/01/2024 20:43,11799,London,Islington,901,73,3,Low,Damaged,7053
12/03/2024 06:10,18334,London,Islington,1393,95,5,High,Snowy,9671
24/04/2024 11:50,11113,London,Islington,981,65,7,Medium,Snowy,7572
21/02/2024 18:42,15412,London,Islington,3128,75,5,Low,Dry,4154
05/04/2024 02:33,13539,London,Camden,3570,-41,6,High,Snowy,399
08/09/2024 06:12,16288,London,Islington,4895,20,7,Medium,Wet,8056
12/02/2024 11:16,11719,London,Kensington,1935,78,9,Medium,Dry,732
24/01/2024 04:01,14676,London,Camden,983,77,7,Low,Wet,9878
12/11/2024 22:40,12162,London,Kensington,4668,35,6,High,Dry,3994
16/09/2024 07:05,11646,London,Islington,2667,85,4,Medium,Snowy,9478
26/07/2024 07:44,9376,London,Camden,4608,54,9,High,Snowy,926
20/06/2024 12:08,19825,London,Islington,1276,93,5,Medium,Damaged,5584
06/11/2024 23:49,19734,London,Islington,329,33,0,Medium,Snowy,4839
19/10/2024 21:20,13465,London,Southwark,2870,52,2,Medium,Damaged,7301
09/06/2024 18:27,15181,London,Chelsea,3441,39,5,Medium,Dry,6164
12/01/2024 00:38,16097,London,Kensington,4516,58,3,High,Damaged,9958
14/05/2024 14:42,19085,London,Kensington,2357,54,7,Low,Dry,4651
02/06/2024 10:32,15458,London,Kensington,1200,83,8,Medium,Dry,2042
26/10/2024 02:19,19351,London,Islington,3248,40,3,Medium,Dry,3894
11/05/2024 04:19,9679,London,Chelsea,702,95,4,Medium,Snowy,4358
29/09/2024 18:13,13187,London,Kensington,1201,74,0,High,Damaged,1254
02/11/2024 06:16,17331,London,Islington,3978,14,8,High,Wet,5110
29/09/2024 11:34,11677,London,Southwark,604,59,0,Low,Dry,4371
12/05/2024 04:13,19208,London,Islington,2533,45,3,Low,Dry,945
16/02/2024 17:15,12715,London,Islington,1906,93,8,Medium,Damaged,3413
22/05/2024 10:40,11027,London,Kensington,4709,89,4,Low,Wet,5742
15/10/2024 15:01,12652,London,Islington,4097,82,3,High,Damaged,4950
15/09/2024 14:25,10800,London,Islington,866,36,5,Medium,Dry,947
27/07/2024 04:35,14580,London,Chelsea,2422,38,6,Low,Wet,2118
04/08/2024 09:29,15616,London,Camden,3822,71,8,Low,Wet,3180
23/02/2024 11:54,10029,London,Islington,3985,45,2,Low,Dry,4688
04/06/2024 06:00,16514,London,Islington,158,26,2,Low,Dry,3132
21/09/2024 19:10,18554,London,Chelsea,2689,27,5,Medium,Wet,6736
18/11/2024 18:16,17862,London,Islington,422,99,8,Medium,Dry,9767
14/12/2024 03:48,15911,London,Kensington,4634,98,9,Medium,Damaged,1264
16/08/2024 08:26,17946,London,Chelsea,4457,59,6,Low,Dry,6557
06/02/2024 05:24,10354,London,Islington,2195,13,8,High,Dry,6999
17/11/2024 04:52,13961,London,Islington,1813,64,9,Medium,Dry,8741
14/03/2024 22:25,18709,London,Islington,2515,44,4,Low,Damaged,3494
12/03/2024 04:04,16978,London,Chelsea,673,48,5,Medium,Damaged,5520
04/07/2024 21:13,10922,London,Kensington,1645,79,0,Low,Damaged,5062
01/09/2024 05:16,9881,London,Southwark,2125,82,5,High,Damaged,2336
09/10/2024 10:04,15615,London,Kensington,4092,99,3,High,Dry,2710
18/03/2024 02:20,14131,London,Kensington,2358,14,3,Medium,Dry,8725
28/01/2024 06:28,12321,London,Camden,1591,24,1,Medium,Damaged,248
05/03/2024 17:40,11452,London,Kensington,952,26,7,Low,Damaged,7068
09/03/2024 12:25,17298,London,Southwark,1862,88,5,Medium,Snowy,4847
28/03/2024 22:40,19864,London,Kensington,2881,37,1,Medium,Wet,6262
08/06/2024 19:10,14763,London,Camden,4655,38,3,Low,Wet,8864
13/02/2024 05:10,15176,London,Islington,2384,53,1,High,Wet,6820
25/01/2024 13:59,10447,London,Islington,2114,45,4,High,Damaged,3617
26/09/2024 12:06,19479,London,Camden,4675,46,7,Low,Dry,6301
25/07/2024 19:24,17041,London,Islington,1732,87,8,High,Wet,7328
27/01/2024 22:30,13761,London,Camden,2184,66,6,High,Damaged,6721
30/09/2024 15:09,13865,London,Southwark,3436,24,3,Low,Snowy,7470
20/01/2024 19:31,17440,London,Islington,2180,63,1,Medium,Dry,261
12/11/2024 01:27,17511,London,Southwark,2529,50,0,Low,Wet,8920
23/09/2024 17:24,10275,London,Islington,92,57,5,Low,Damaged,738
02/10/2024 21:24,11702,London,Kensington,2967,91,8,Medium,Dry,3496
20/02/2024 04:34,19609,London,Islington,1618,82,5,Low,Wet,9845
07/10/2024 08:11,15089,London,Chelsea,4601,66,9,Low,Wet,3097
16/12/2024 07:51,10192,London,Camden,716,14,2,Medium,Dry,1131
04/04/2024 21:44,13269,London,Southwark,4774,17,3,Low,Wet,6248
13/02/2024 23:59,9816,London,Islington,2763,80,6,Low,Dry,5925
16/08/2024 05:04,12747,London,Islington,1024,90,1,High,Damaged,6069
09/05/2024 11:26,17216,London,Islington,2847,38,1,Low,Dry,3622
09/02/2024 05:21,15809,London,Camden,1921,53,2,Medium,Dry,7637
01/04/2024 23:22,15856,London,Southwark,1887,91,6,Medium,Wet,4469
30/06/2024 23:42,9488,London,Camden,1266,40,9,Medium,Wet,9284
03/04/2024 14:56,12358,London,Camden,920,83,7,Medium,Dry,8718
08/01/2024 15:04,11488,London,Chelsea,750,49,1,Medium,Snowy,974
21/06/2024 04:26,18219,London,Chelsea,1486,91,5,Low,Wet,4111
12/06/2024 16:16,9359,London,Islington,3059,12,9,High,Wet,5652
27/03/2024 08:23,9788,London,Chelsea,3976,14,3,Low,Dry,8332
02/07/2024 18:41,18737,London,Chelsea,745,94,3,Low,Damaged,633
24/07/2024 01:50,16288,London,Kensington,2728,99,3,Low,Damaged,2694
16/01/2024 18:57,18755,London,Kensington,550,34,0,Low,Damaged,452
06/08/2024 09:18,10139,London,Chelsea,3111,91,3,Low,Wet,6739
26/07/2024 23:42,11213,London,Camden,222,54,8,High,Dry,7668
28/08/2024 20:42,11527,London,Islington,2131,45,0,Low,Snowy,6519
06/10/2024 11:02,18102,London,Southwark,3850,30,4,High,Dry,7788
08/06/2024 20:41,15989,London,Chelsea,3453,90,5,Medium,Dry,5114
28/06/2024 08:31,14311,London,Islington,3062,48,5,Medium,Dry,5848
06/07/2024 11:01,19802,London,Southwark,1812,77,7,Low,Damaged,7869
30/09/2024 02:54,9411,London,Kensington,2585,28,6,High,Dry,6690
27/06/2024 11:12,9391,London,Kensington,4724,14,9,Medium,Dry,2868
14/12/2024 18:20,9673,London,Kensington,1920,80,4,Medium,Dry,3278
02/04/2024 01:27,13441,London,Southwark,4744,85,7,Low,Snowy,6191
01/12/2024 23:04,17537,London,Kensington,3529,15,2,Low,Snowy,4667
24/05/2024 12:01,13916,London,Islington,1834,39,1,High,Snowy,4972
22/07/2024 02:56,16463,London,Islington,1602,61,7,Low,Dry,5088
06/08/2024 07:16,11520,London,Southwark,2491,27,3,Medium,Snowy,6782
03/12/2024 13:17,18360,London,Southwark,2303,37,7,Low,Dry,8063
26/10/2024 19:56,9526,London,Southwark,743,66,9,Medium,Dry,754
25/04/2024 17:02,15281,London,Kensington,1126,73,1,High,Damaged,6816
23/02/2024 17:36,15321,London,Camden,4420,94,8,Low,Wet,7961
08/11/2024 17:15,13798,London,Camden,2519,44,7,Medium,Wet,6184
09/11/2024 00:14,16844,London,Camden,3863,26,4,High,Damaged,203
27/04/2024 05:12,9051,London,Southwark,4184,59,7,Low,Damaged,399
02/04/2024 22:44,16170,London,Kensington,3322,39,6,Low,Damaged,5671
19/01/2024 02:57,15946,London,Southwark,3476,86,2,Low,Damaged,6992
26/08/2024 17:44,14656,London,Chelsea,2661,46,0,High,Dry,6370
01/12/2024 09:17,9751,London,Camden,4057,70,7,Medium,Dry,8741
19/10/2024 04:11,15879,London,Chelsea,2808,37,0,Low,Dry,4482
23/12/2024 17:21,11371,London,Southwark,3813,60,1,Low,Dry,5401
23/02/2024 08:09,12465,London,Chelsea,502,56,7,Low,Snowy,8520
04/11/2024 21:30,14342,London,Islington,3602,58,5,Medium,Dry,9180
08/09/2024 03:56,18477,London,Islington,2970,26,0,Low,Wet,1950
26/11/2024 08:13,12333,London,Camden,2426,85,2,Low,Dry,1317
26/05/2024 16:49,12779,London,Chelsea,3471,88,3,Low,Snowy,9678
12/03/2024 18:29,18922,London,Islington,2624,87,7,Medium,Dry,681
14/07/2024 13:39,10569,London,Islington,4369,39,6,Medium,Snowy,6032
14/05/2024 23:25,9040,London,Islington,1584,91,9,High,Damaged,6167
03/12/2024 05:37,12343,London,Islington,3375,64,2,Medium,Wet,9428
14/11/2024 16:26,14935,London,Southwark,2879,13,2,High,Dry,3544
30/11/2024 20:32,12855,London,Southwark,4818,-58,6,Low,Dry,7997
20/01/2024 09:18,15039,London,Islington,2045,68,9,Low,Dry,9651
05/08/2024 00:44,18707,London,Kensington,1406,89,2,Low,Damaged,5396
30/05/2024 23:51,17316,London,Kensington,1518,29,3,Low,Damaged,5793
18/05/2024 15:54,17335,London,Camden,2290,34,0,Low,Snowy,2739
03/01/2024 23:29,10675,London,Kensington,1213,69,1,High,Damaged,4120
07/01/2024 04:54,16934,London,Islington,4970,42,5,Low,Snowy,8858
31/07/2024 03:41,18547,London,Camden,745,36,4,Low,Dry,7824
08/05/2024 21:22,19544,London,Camden,463,48,6,Medium,Dry,1843
19/12/2024 17:17,18536,London,Southwark,4290,78,4,Low,Dry,6692
27/04/2024 09:04,16393,London,Camden,4270,59,2,Medium,Snowy,8731
25/07/2024 12:41,17380,London,Islington,644,26,7,Low,Damaged,4690
15/07/2024 04:11,10989,London,Islington,3034,98,0,Medium,Damaged,1591
28/01/2024 19:20,19755,London,Southwark,3884,90,9,Low,Wet,1610
18/02/2024 22:33,19208,London,Camden,310,33,6,Medium,Damaged,6772
15/12/2024 08:42,19435,London,Islington,3292,75,5,Low,Dry,8185
16/08/2024 01:41,14139,London,Chelsea,1800,44,1,Low,Damaged,8198
23/08/2024 19:45,14015,London,Southwark,4688,70,8,Low,Dry,5926
16/02/2024 20:59,15728,London,Chelsea,1654,24,9,Low,Dry,7647
22/11/2024 02:46,19560,London,Kensington,1065,16,9,Medium,Damaged,4479
21/06/2024 14:09,14062,London,Southwark,4624,20,4,Low,Dry,2217
03/07/2024 05:42,10197,London,Kensington,2315,76,7,Medium,Dry,8292
17/05/2024 22:04,13460,London,Southwark,3064,20,8,Low,Snowy,6838
21/10/2024 11:01,14684,London,Chelsea,3414,22,6,Low,Snowy,4307
23/12/2024 18:41,13994,London,Islington,4999,59,5,Low,Dry,308
22/02/2024 04:45,9472,London,Kensington,695,56,6,Low,Dry,9934
17/12/2024 03:12,12356,London,Islington,4231,11,2,High,Snowy,7269
06/10/2024 11:31,15171,London,Camden,76,54,0,Low,Damaged,6035
30/05/2024 05:30,12842,London,Islington,1930,58,7,Low,Dry,1215
16/11/2024 23:11,13945,London,Kensington,323,28,3,Low,Damaged,9686
07/12/2024 14:35,19921,London,Kensington,1290,32,2,Medium,Dry,4169
06/02/2024 00:19,10729,London,Islington,4141,71,7,High,Dry,1908
15/10/2024 11:02,15936,London,Kensington,1677,27,2,Low,Wet,1710
06/11/2024 09:46,13710,London,Kensington,1100,63,5,Low,Dry,6941
16/09/2024 13:03,14693,London,Southwark,4621,18,7,High,Dry,7503
03/12/2024 09:57,11547,London,Islington,4675,77,3,Low,Damaged,2799
06/09/2024 02:22,16745,London,Southwark,3266,35,4,Low,Damaged,8657
29/04/2024 15:29,10128,London,Islington,757,19,7,High,Wet,8491
23/09/2024 13:13,16079,London,Islington,1535,15,1,Medium,Dry,4749
02/04/2024 05:46,14995,London,Kensington,4354,18,6,Low,Wet,7702
24/06/2024 07:12,9524,London,Chelsea,3193,67,5,High,Dry,8422
27/07/2024 12:29,19551,London,Chelsea,1827,30,0,Low,Damaged,9258
07/01/2024 20:09,11919,London,Islington,1086,84,3,High,Wet,4440
27/01/2024 22:33,9023,London,Kensington,1578,64,7,High,Snowy,1152
21/02/2024 06:41,13363,London,Islington,3074,70,3,Low,Dry,8538
10/06/2024 00:48,14404,London,Chelsea,2069,30,4,Low,Wet,1479
16/05/2024 07:43,13663,London,Kensington,1965,54,6,High,Dry,5051
09/08/2024 03:43,14032,London,Camden,899,52,0,Low,Dry,662
10/01/2024 17:04,19123,London,Islington,1520,39,9,High,Damaged,2065
07/08/2024 05:25,17709,London,Islington,1076,15,5,Medium,Dry,2388
13/11/2024 20:56,13579,London,Chelsea,1108,10,4,Low,Snowy,496
30/03/2024 08:18,13777,London,Islington,4438,36,9,Medium,Snowy,4866
14/03/2024 19:08,13451,London,Kensington,1054,98,6,High,Dry,6575
24/07/2024 20:50,17931,London,Chelsea,1505,85,9,Medium,Snowy,1296
25/12/2024 14:10,14974,London,Islington,2101,74,5,High,Wet,6758
13/12/2024 04:51,10736,London,Kensington,1838,52,3,Medium,Dry,6738
01/01/2024 23:21,16099,London,Islington,1430,74,9,Low,Damaged,2173
15/10/2024 13:39,15985,London,Kensington,3764,18,1,Low,Snowy,3119
02/11/2024 05:20,9296,London,Kensington,2923,10,3,High,Dry,1451
12/05/2024 08:05,10599,London,Islington,886,64,5,High,Snowy,4653
20/12/2024 22:17,12992,London,Chelsea,1664,92,9,Medium,Dry,5575
17/07/2024 01:12,16716,London,Camden,4093,56,0,Medium,Dry,6769
15/11/2024 20:01,15071,London,Southwark,32,25,1,Low,Dry,200
19/03/2024 13:45,19511,London,Islington,2412,23,9,Medium,Damaged,2344
20/03/2024 18:08,14490,London,Camden,4636,10,2,Low,Dry,8858
02/09/2024 04:54,15808,London,Islington,2334,88,4,High,Snowy,191
14/02/2024 09:01,19446,London,Camden,4830,15,1,Low,Dry,8644
16/01/2024 06:28,9727,London,Southwark,35,92,7,Low,Wet,6458
24/05/2024 04:25,10050,London,Southwark,2363,64,3,Low,Wet,3502
13/02/2024 06:23,13033,London,Southwark,2785,22,1,Medium,Dry,2880
18/10/2024 10:51,9904,London,Chelsea,2027,93,7,Low,Snowy,1821
28/10/2024 06:35,15055,London,Camden,2950,-72,7,Low,Damaged,4761
22/09/2024 15:01,15356,London,Islington,385,81,2,High,Dry,9109
11/05/2024 22:37,9551,London,Southwark,3732,73,0,High,Damaged,3890
24/03/2024 15:26,11576,London,Islington,1145,33,5,High,Wet,6184
02/05/2024 04:10,11888,London,Chelsea,1505,76,3,Low,Damaged,3587
21/06/2024 12:38,18605,London,Islington,3031,71,7,Medium,Wet,1217
06/09/2024 08:55,12626,London,Islington,4678,17,4,High,Dry,6354
08/06/2024 07:19,11011,London,Chelsea,128,18,5,Low,Wet,7855
26/11/2024 19:33,13188,London,Islington,3984,15,2,High,Dry,7163
29/05/2024 16:20,11525,London,Chelsea,1609,68,6,Low,Damaged,9629
19/05/2024 17:56,16080,London,Kensington,1788,16,0,High,Dry,8893
11/04/2024 16:19,12210,London,Islington,2258,27,4,Low,Wet,7499
03/02/2024 03:07,19265,London,Islington,2530,57,3,Low,Snowy,1363
11/05/2024 08:37,14098,London,Islington,2454,33,7,Low,Dry,3880
29/11/2024 13:07,10184,London,Islington,2664,90,3,Low,Dry,6950
18/05/2024 05:17,12553,London,Kensington,1609,42,6,Low,Wet,1898
07/06/2024 15:44,15554,London,Camden,647,20,3,Low,Damaged,5003
04/02/2024 13:38,10406,London,Southwark,4648,89,7,Low,Damaged,4321
02/09/2024 03:26,9436,London,Islington,1470,44,4,Low,Dry,8652
02/02/2024 19:49,9120,London,Islington,2185,54,4,Low,Damaged,8362
09/10/2024 20:54,18198,London,Southwark,1905,37,3,Low,Snowy,1528
26/12/2024 07:07,12445,London,Camden,592,97,8,Low,Dry,8444
12/08/2024 14:39,10727,London,Islington,1851,35,6,Low,Dry,726
30/09/2024 16:57,10985,London,Islington,2354,28,7,Medium,Dry,9116
14/05/2024 01:44,17489,London,Islington,1698,60,9,Low,Dry,2527
24/03/2024 12:29,15154,London,Southwark,4339,84,5,Medium,Dry,790
02/12/2024 23:34,19311,London,Southwark,2960,48,8,Low,Snowy,903
14/08/2024 23:01,10580,London,Islington,1946,87,1,Low,Dry,9123
21/12/2024 12:24,19101,London,Chelsea,3418,79,5,Low,Wet,5924
01/06/2024 11:16,12975,London,Southwark,2970,80,3,Low,Damaged,8696
14/01/2024 06:32,17282,London,Southwark,3837,48,6,Low,Dry,9503
08/12/2024 13:12,13145,London,Islington,1518,67,7,Low,Dry,9937
29/02/2024 16:23,10377,London,Southwark,1252,-70,6,Medium,Snowy,2301
11/04/2024 13:09,11415,London,Islington,3756,-67,2,Low,Snowy,8166
28/06/2024 12:56,15786,London,Chelsea,2003,68,2,High,Dry,5890
01/08/2024 13:02,13146,London,Islington,3133,72,8,Medium,Dry,4705
13/12/2024 14:38,15356,London,Camden,3938,13,2,Medium,Snowy,8042
23/12/2024 07:08,17369,London,Islington,3261,88,6,Low,Dry,8189
12/06/2024 02:48,14437,London,Islington,2727,39,8,Low,Dry,5102
26/03/2024 01:50,11905,London,Camden,3538,95,4,High,Damaged,4617
03/07/2024 05:45,18750,London,Islington,2132,91,7,Medium,Damaged,2818
08/04/2024 02:59,14186,London,Chelsea,1329,59,5,Low,Wet,1433
01/03/2024 08:01,19526,London,Kensington,1384,13,9,Medium,Snowy,7376
06/05/2024 08:39,11979,London,Camden,3245,58,4,High,Dry,7436
04/04/2024 16:26,19194,London,Kensington,752,68,9,Low,Damaged,6459
02/12/2024 16:24,9306,London,Southwark,3143,84,0,Medium,Snowy,7904
23/08/2024 12:29,14303,London,Kensington,1031,82,8,Low,Wet,8326
01/02/2024 13:45,12942,London,Kensington,2126,97,1,Low,Wet,7944
31/08/2024 02:58,9731,London,Southwark,4131,-86,3,Low,Wet,5506
14/12/2024 00:12,17604,London,Islington,1117,38,4,Medium,Wet,2639
15/04/2024 12:23,11937,London,Southwark,2231,13,4,High,Dry,3995
09/12/2024 21:42,16530,London,Chelsea,1126,66,5,Medium,Dry,9390
03/01/2024 20:34,18862,London,Southwark,2190,79,3,Low,Dry,4307
30/06/2024 04:30,11636,London,Camden,2684,40,1,Low,Dry,2575
01/06/2024 16:44,15944,London,Camden,4767,96,3,Low,Dry,6894
08/08/2024 20:35,12712,London,Camden,1764,48,1,Medium,Dry,5506
22/07/2024 06:32,11035,London,Camden,1231,87,9,Low,Wet,9004
29/12/2024 19:23,10837,London,Chelsea,2589,11,6,Medium,Dry,1006
13/07/2024 22:13,19829,London,Chelsea,1932,84,9,Medium,Dry,9293
12/05/2024 23:45,18914,London,Southwark,1568,62,6,High,Wet,4045
09/02/2024 14:44,14271,London,Islington,4878,99,2,Low,Dry,9476
12/12/2024 18:38,9872,London,Kensington,2541,46,6,Low,Wet,213
20/02/2024 14:34,10208,London,Southwark,4547,84,0,High,Dry,4179
13/12/2024 21:23,15527,London,Islington,3085,45,6,Low,Wet,3021
30/12/2024 02:01,19722,London,Islington,1332,68,6,Low,Dry,3709
13/09/2024 05:18,16959,London,Chelsea,1999,87,7,Low,Dry,3038
01/03/2024 09:37,18090,London,Chelsea,3112,53,7,Low,Dry,3986
15/04/2024 21:26,18072,London,Islington,4528,33,1,Medium,Damaged,9038
12/07/2024 02:05,10141,London,Islington,2278,72,8,High,Damaged,6159
06/09/2024 23:26,18095,London,Islington,230,38,4,High,Dry,3858
14/01/2024 09:04,13280,London,Kensington,3111,33,5,Low,Dry,8164
24/05/2024 06:34,14125,London,Camden,1130,74,6,Low,Snowy,9202
03/08/2024 03:29,19167,London,Islington,3449,46,2,High,Damaged,1099
17/05/2024 10:49,14445,London,Islington,1532,71,9,Low,Snowy,6667
18/01/2024 05:41,9461,London,Kensington,2798,67,9,Low,Dry,9496
03/12/2024 12:09,12056,London,Southwark,3057,18,0,Low,Dry,398
29/04/2024 01:41,16907,London,Islington,1204,80,8,Low,Wet,4132
08/12/2024 04:33,10573,London,Islington,1656,42,9,Medium,Snowy,5318
17/10/2024 18:23,13802,London,Islington,1926,76,8,Low,Dry,4505
16/12/2024 09:55,10657,London,Southwark,4381,48,3,High,Damaged,8954
01/03/2024 19:00,12886,London,Islington,1644,70,3,High,Snowy,338
13/10/2024 19:50,15854,London,Chelsea,3568,67,1,High,Dry,9023
24/06/2024 01:59,15396,London,Islington,3687,36,0,Low,Dry,8261
23/10/2024 21:07,16531,London,Islington,3994,36,3,Low,Dry,2133
18/06/2024 14:59,19977,London,Camden,4576,10,0,Low,Dry,8653
14/03/2024 03:57,14532,London,Islington,1220,88,8,Low,Wet,3210
10/12/2024 12:22,9164,London,Islington,1583,79,0,Medium,Damaged,735
17/12/2024 19:25,9282,London,Chelsea,3041,60,4,Low,Snowy,9328
19/10/2024 10:38,12540,London,Chelsea,4586,73,9,Low,Snowy,4984
28/10/2024 08:41,10053,London,Southwark,687,28,8,Medium,Snowy,9881
24/05/2024 00:50,9184,London,Kensington,1034,60,4,Medium,Damaged,4108
29/07/2024 11:35,14510,London,Kensington,2502,98,8,High,Damaged,7669
08/03/2024 13:05,12428,London,Camden,3436,82,7,Low,Damaged,3113
05/02/2024 04:44,13191,London,Camden,1971,23,5,Medium,Dry,540
18/10/2024 03:28,11539,London,Kensington,2134,74,8,High,Dry,9479
25/12/2024 23:06,15665,London,Chelsea,4080,17,3,Low,Damaged,8415
31/01/2024 03:44,10980,London,Southwark,4644,20,3,High,Damaged,8801
07/08/2024 17:16,9948,London,Islington,3371,28,9,Low,Wet,9525
13/07/2024 06:32,12921,London,Islington,2747,73,8,Medium,Damaged,9127
11/02/2024 18:54,14225,London,Islington,4116,55,9,High,Snowy,9370
12/01/2024 16:28,18284,London,Southwark,3988,21,4,Low,Damaged,1877
18/11/2024 17:17,10769,London,Islington,2548,13,8,High,Dry,8735
24/04/2024 17:45,18568,London,Camden,648,58,6,High,Wet,3433
27/03/2024 00:27,14635,London,Camden,2211,42,1,High,Wet,2280
20/05/2024 07:18,12506,London,Kensington,1893,48,3,Low,Dry,1313
17/02/2024 09:51,15578,London,Islington,1634,95,7,Medium,Damaged,485
02/11/2024 15:41,18641,London,Kensington,1111,22,9,Low,Snowy,4011
27/09/2024 04:01,14683,London,Islington,1989,81,3,Low,Dry,7590
13/03/2024 00:10,18791,London,Islington,2664,-61,1,Low,Dry,4374
01/11/2024 07:18,17321,London,Southwark,657,63,9,High,Damaged,9961
19/01/2024 22:42,10894,London,Chelsea,295,53,2,Medium,Wet,307
02/10/2024 01:00,9183,London,Camden,2758,42,1,Medium,Dry,6969
28/08/2024 16:28,19778,London,Chelsea,1707,53,0,Medium,Wet,7682
16/02/2024 12:18,16387,London,Islington,1527,16,5,Low,Damaged,6605
31/01/2024 05:50,16093,London,Chelsea,401,23,7,Low,Dry,5316
03/06/2024 19:16,12332,London,Southwark,3261,38,1,Low,Dry,423
22/12/2024 03:10,17806,London,Southwark,2692,85,5,Medium,Dry,519
05/07/2024 14:13,19899,London,Camden,1687,91,5,High,Snowy,6577
12/12/2024 02:15,11483,London,Southwark,876,41,5,Medium,Wet,1206
09/04/2024 13:29,13209,London,Islington,4659,74,7,Medium,Wet,559
20/08/2024 03:07,19509,London,Kensington,1961,50,8,Medium,Dry,9505
25/03/2024 05:17,19592,London,Islington,4244,91,4,Low,Snowy,103
19/10/2024 12:52,10302,London,Camden,147,48,7,High,Snowy,782
13/12/2024 00:32,18353,London,Kensington,701,-93,7,Low,Snowy,3064
31/10/2024 16:45,13634,London,Camden,1898,95,8,High,Dry,8374
24/09/2024 04:18,16949,London,Camden,2335,54,0,High,Damaged,7684
12/08/2024 18:56,9349,London,Chelsea,128,11,9,Low,Dry,1435
26/11/2024 23:44,15031,London,Kensington,4962,10,5,Low,Dry,3740
20/03/2024 01:55,17632,London,Islington,1459,-27,7,High,Snowy,6211
16/02/2024 20:03,18261,London,Chelsea,3931,22,8,Low,Wet,5420
03/09/2024 15:06,15476,London,Camden,3666,80,0,Low,Dry,6527
16/05/2024 09:30,16052,London,Chelsea,1310,80,1,Medium,Dry,4287
04/11/2024 21:36,10369,London,Kensington,4206,25,3,Low,Dry,6618
22/07/2024 17:51,10635,London,Camden,2043,43,1,Medium,Damaged,2377
29/12/2024 15:36,9934,London,Islington,4320,32,4,Low,Snowy,9149
17/04/2024 07:03,12152,London,Camden,801,18,4,High,Dry,7328
29/06/2024 14:55,13319,London,Islington,3840,-67,4,Low,Dry,5631
21/11/2024 14:15,18302,London,Islington,2135,78,3,Low,Damaged,1826
15/12/2024 06:24,19586,London,Chelsea,3041,49,2,Medium,Wet,9961
25/02/2024 14:03,19103,London,Camden,4255,57,6,Medium,Snowy,3198
03/06/2024 15:57,19091,London,Chelsea,2702,19,3,Medium,Dry,870
23/07/2024 01:04,19275,London,Kensington,2584,96,1,Low,Dry,3510
15/02/2024 01:04,16792,London,Southwark,2837,46,8,High,Dry,6643
14/04/2024 00:17,11974,London,Camden,4266,32,2,Medium,Dry,2611
12/11/2024 04:48,18154,London,Camden,2850,71,6,High,Wet,2401
25/12/2024 04:13,9839,London,Camden,4772,78,5,Low,Snowy,9281
29/08/2024 20:26,12945,London,Islington,3972,51,9,Low,Wet,1127
29/08/2024 09:07,19755,London,Chelsea,4482,85,1,Medium,Dry,3800
13/09/2024 18:22,19779,London,Islington,194,31,4,Low,Damaged,4814
03/04/2024 15:12,11081,London,Southwark,1769,72,5,Medium,Dry,1453
06/12/2024 13:59,13639,London,Islington,3821,68,8,High,Wet,1215
18/10/2024 06:22,10281,London,Chelsea,2769,35,6,Low,Dry,1221
13/06/2024 11:12,11705,London,Kensington,4009,57,0,High,Dry,2344
27/03/2024 20:08,14982,London,Islington,352,85,3,Low,Dry,8489
11/04/2024 13:08,14364,London,Islington,2469,39,4,Low,Damaged,4754
15/08/2024 02:46,12967,London,Islington,3028,46,9,High,Dry,2054
12/03/2024 17:54,19925,London,Kensington,1237,97,2,Low,Damaged,1257
08/11/2024 16:06,10353,London,Kensington,3719,11,4,Low,Wet,9725
15/11/2024 15:01,17697,London,Islington,1794,93,7,Low,Dry,9870
28/11/2024 11:34,12837,London,Chelsea,2583,56,6,Low,Dry,454
15/05/2024 08:04,13493,London,Southwark,3801,-17,6,Low,Damaged,1108
15/12/2024 02:31,12453,London,Islington,4273,53,3,Low,Snowy,5731
08/04/2024 16:44,17789,London,Kensington,4688,73,8,Medium,Snowy,7548
28/05/2024 15:38,18173,London,Chelsea,3151,28,0,High,Dry,874
12/07/2024 09:58,15110,London,Chelsea,858,31,1,Medium,Snowy,2107
26/09/2024 18:14,13445,London,Camden,3660,61,3,Low,Dry,8820
25/03/2024 15:31,12727,London,Southwark,3118,68,0,Low,Snowy,9554
17/02/2024 21:10,9620,London,Chelsea,237,59,0,Low,Snowy,1584
08/12/2024 03:50,9422,London,Kensington,1348,68,6,Low,Wet,5368
31/07/2024 16:56,19496,London,Camden,4654,27,3,High,Damaged,784
14/03/2024 01:27,12453,London,Kensington,1911,71,0,Low,Dry,4910
13/01/2024 16:59,13064,London,Islington,3740,39,1,Medium,Dry,4296
14/02/2024 22:14,17170,London,Camden,4386,66,6,Low,Snowy,7438
09/03/2024 09:23,16370,London,Chelsea,4316,76,2,Low,Wet,6291
08/12/2024 02:46,11066,London,Islington,587,98,0,Low,Wet,3279
19/04/2024 13:13,10240,London,Islington,4056,82,5,Low,Wet,1627
14/01/2024 13:14,17839,London,Kensington,1687,28,5,Medium,Dry,7482
30/08/2024 02:09,10165,London,Islington,1247,32,6,Medium,Damaged,1184
17/07/2024 21:47,19142,London,Chelsea,3092,42,9,Low,Damaged,5197
21/09/2024 07:13,11672,London,Islington,2276,38,1,Medium,Wet,5123
27/08/2024 23:57,15707,London,Chelsea,1834,15,2,Medium,Dry,8293
26/10/2024 18:35,9749,London,Kensington,130,14,4,High,Dry,8293
26/01/2024 11:22,9038,London,Southwark,4196,29,2,Low,Damaged,4336
12/04/2024 00:32,10775,London,Kensington,203,81,3,High,Damaged,7211
23/08/2024 12:10,15534,London,Islington,4747,85,4,Low,Damaged,4218
26/05/2024 14:12,10064,London,Chelsea,4261,69,8,Low,Snowy,4235
19/11/2024 07:06,12846,London,Kensington,2660,50,2,Low,Damaged,7743
27/01/2024 00:17,10388,London,Chelsea,4868,27,9,Low,Dry,7970
15/04/2024 09:59,11894,London,Islington,4562,43,7,Low,Dry,1828
26/08/2024 11:39,13427,London,Islington,4731,86,3,Low,Wet,5831
25/04/2024 21:55,17752,London,Islington,3309,-46,6,Medium,Dry,9274
08/09/2024 07:33,9809,London,Chelsea,1398,77,2,Low,Dry,6222
24/01/2024 17:16,16144,London,Islington,652,50,5,Medium,Wet,2500
18/10/2024 21:27,13931,London,Islington,4589,76,5,Medium,Damaged,275
28/09/2024 08:28,10098,London,Islington,800,39,2,Medium,Dry,8557
24/12/2024 23:38,10726,London,Islington,3226,63,8,Medium,Snowy,877
29/09/2024 03:58,19761,London,Camden,2842,65,1,Low,Dry,7213
08/11/2024 16:45,16277,London,Camden,2128,52,7,High,Snowy,5564
24/02/2024 20:19,16654,London,Chelsea,3245,81,0,Low,Snowy,5503
11/11/2024 05:13,18623,London,Kensington,1480,-79,9,Medium,Dry,8542
18/11/2024 13:46,11781,London,Islington,1666,20,2,Low,Dry,9532
07/12/2024 10:15,17545,London,Kensington,4910,53,1,Low,Dry,2027
27/08/2024 05:44,14141,London,Islington,2086,64,8,Medium,Dry,4499
21/04/2024 12:39,9877,London,Southwark,3851,51,4,Medium,Dry,6383
25/07/2024 04:11,15286,London,Camden,380,-14,7,Low,Dry,2615
18/12/2024 23:47,11386,London,Islington,4216,47,8,Low,Dry,7668
30/07/2024 18:14,19802,London,Southwark,3450,21,6,Low,Wet,3985
20/04/2024 19:16,17694,London,Islington,1673,75,0,Medium,Wet,6536
07/02/2024 22:10,16092,London,Southwark,3827,99,8,High,Wet,5574
06/09/2024 15:01,9254,London,Kensington,398,76,6,Low,Damaged,1091
10/02/2024 17:52,15169,London,Kensington,1092,61,5,Medium,Wet,1111
26/08/2024 15:02,16386,London,Islington,3356,35,7,Low,Wet,5189
07/08/2024 20:45,18603,London,Camden,1505,85,0,Medium,Damaged,8516
28/10/2024 13:35,18415,London,Kensington,1130,64,8,Low,Dry,1888
13/05/2024 10:14,15456,London,Southwark,1117,96,9,Low,Damaged,1523
11/06/2024 19:18,13594,London,Islington,1411,73,9,Low,Dry,418
28/12/2024 14:19,16965,London,Southwark,2281,93,4,Low,Dry,7784
12/11/2024 07:36,18305,London,Islington,3998,14,5,Low,Wet,5491
03/03/2024 22:25,14607,London,Southwark,66,36,3,Medium,Wet,171
19/09/2024 10:55,12406,London,Camden,4538,52,9,Low,Wet,169
25/05/2024 21:22,17340,London,Camden,197,60,9,Medium,Dry,7437
01/07/2024 22:57,12862,London,Camden,3121,70,1,High,Wet,4473
19/10/2024 06:47,12435,London,Southwark,4674,26,5,Medium,Damaged,7464
27/05/2024 09:55,11319,London,Islington,905,56,4,Low,Snowy,2320
18/12/2024 21:13,15630,London,Camden,3072,73,9,Low,Snowy,6771
13/07/2024 08:21,11434,London,Kensington,1937,66,9,Medium,Wet,9736
25/02/2024 03:17,10137,London,Camden,4195,81,0,Medium,Wet,9047
08/01/2024 15:59,11992,London,Kensington,946,79,7,Low,Wet,4326
31/08/2024 19:49,17362,London,Kensington,2248,-76,4,High,Snowy,6569
08/10/2024 22:09,12159,London,Islington,2335,58,2,Low,Snowy,831
12/03/2024 16:07,14144,London,Southwark,3376,49,7,Medium,Damaged,856
16/10/2024 00:19,17942,London,Camden,2485,89,0,Low,Dry,5942
14/12/2024 11:18,16537,London,Southwark,3638,70,1,Low,Damaged,9528
13/09/2024 02:27,10766,London,Islington,392,84,8,Low,Dry,1902
17/03/2024 18:28,17353,London,Chelsea,1320,40,8,Low,Wet,6922
28/11/2024 07:01,9697,London,Islington,4228,68,7,Low,Dry,3023
18/09/2024 02:29,15289,London,Islington,3860,48,7,Low,Wet,4400
02/11/2024 07:00,12846,London,Chelsea,2444,85,2,Low,Dry,103
26/12/2024 08:47,11731,London,Southwark,494,63,4,Medium,Dry,4599
29/09/2024 13:05,14943,London,Kensington,1267,25,4,High,Wet,5657
18/03/2024 07:01,16503,London,Islington,4451,34,9,Low,Wet,4837
28/11/2024 10:06,12781,London,Kensington,1336,24,4,Low,Wet,1779
27/03/2024 05:42,9579,London,Southwark,2227,36,6,High,Damaged,591
29/12/2024 23:44,16301,London,Kensington,4199,97,6,Medium,Wet,7260
20/07/2024 02:55,19590,London,Islington,3475,50,2,Low,Damaged,9676
20/03/2024 23:33,14084,London,Kensington,4254,97,4,Low,Snowy,4025
11/09/2024 22:24,11384,London,Camden,4410,-36,3,Medium,Dry,1775
27/04/2024 00:16,12336,London,Southwark,80,95,5,Low,Dry,9577
12/02/2024 19:42,11952,London,Chelsea,2384,42,7,Low,Dry,2539
27/09/2024 07:49,19606,London,Camden,1811,-23,5,Low,Snowy,8397
13/05/2024 03:33,14757,London,Islington,366,33,3,Medium,Dry,2974
02/01/2024 12:22,15606,London,Chelsea,680,89,1,Low,Wet,8961
22/03/2024 17:21,19242,London,Camden,1147,68,4,Medium,Wet,3520
25/05/2024 14:54,12701,London,Southwark,275,29,5,Medium,Dry,8908
26/03/2024 04:42,9630,London,Southwark,637,93,7,High,Dry,4909
09/03/2024 23:16,15876,London,Southwark,4842,67,7,Low,Dry,9645
03/12/2024 04:33,10014,London,Kensington,3640,94,7,Low,Snowy,3127
10/04/2024 09:06,16954,London,Kensington,3846,71,1,Medium,Snowy,8431
16/01/2024 02:13,19671,London,Islington,3708,17,9,Low,Wet,5410
22/03/2024 07:43,17543,London,Islington,4520,91,9,High,Dry,6219
12/04/2024 18:50,19088,London,Islington,4199,25,8,Low,Damaged,5779
03/03/2024 12:57,18986,London,Southwark,4759,51,6,Medium,Dry,6957
23/11/2024 02:47,9393,London,Chelsea,1079,70,7,Low,Dry,1589
22/11/2024 10:37,18259,London,Kensington,2687,58,5,Low,Dry,1805
07/11/2024 14:13,17780,London,Camden,2515,82,4,Low,Dry,4395
16/07/2024 12:45,19169,London,Islington,4438,16,7,Medium,Dry,301
27/10/2024 18:25,19735,London,Kensington,1780,86,7,Medium,Dry,7045
09/03/2024 18:29,9268,London,Southwark,4802,59,8,Medium,Wet,6252
20/02/2024 20:25,19425,London,Islington,4637,22,9,Low,Damaged,5695
20/10/2024 20:51,19412,London,Southwark,2600,97,1,Low,Snowy,7735
13/04/2024 15:17,19682,London,Southwark,4972,25,5,Low,Wet,1795
16/03/2024 20:30,10137,London,Southwark,2093,68,6,Low,Snowy,3193
30/04/2024 23:43,16551,London,Southwark,1576,15,2,Medium,Damaged,6013
02/10/2024 18:57,13628,London,Kensington,4750,96,3,High,Wet,2667
18/07/2024 16:48,9952,London,Islington,130,12,9,Low,Snowy,5641
21/04/2024 03:19,18277,London,Southwark,4499,42,1,High,Dry,9194
19/02/2024 09:32,12239,London,Southwark,21,34,6,High,Wet,6725
29/10/2024 18:15,10017,London,Islington,4065,49,8,Low,Damaged,1975
10/05/2024 18:15,19415,London,Kensington,622,97,6,Low,Snowy,9893
14/11/2024 03:00,9597,London,Islington,482,98,4,Medium,Dry,1190
12/02/2024 09:49,18574,London,Kensington,312,83,7,High,Dry,4221
13/05/2024 04:27,18057,London,Camden,4050,16,6,Low,Wet,8369
27/11/2024 20:26,19538,London,Chelsea,31,18,7,Low,Dry,3523
25/04/2024 01:44,10662,London,Chelsea,3064,68,3,Low,Snowy,1724
29/08/2024 20:41,11965,London,Islington,3192,61,6,Low,Snowy,4739
04/12/2024 14:05,15331,London,Camden,2950,82,2,Medium,Snowy,8905
31/10/2024 22:47,10185,London,Kensington,941,89,5,Low,Dry,5631
07/01/2024 19:39,18083,London,Islington,1193,34,5,Low,Damaged,7548
20/02/2024 17:14,11421,London,Kensington,1561,79,5,High,Dry,3374
11/11/2024 21:56,14245,London,Islington,2458,75,0,High,Damaged,6264
25/04/2024 00:13,13389,London,Islington,2040,85,3,Low,Dry,9006
28/08/2024 05:55,12937,London,Southwark,4899,14,4,Low,Wet,817
18/06/2024 12:39,17866,London,Kensington,3933,21,0,Medium,Wet,3920
18/01/2024 22:28,17967,London,Chelsea,1956,89,1,Low,Wet,3213
18/04/2024 00:33,19395,London,Islington,4961,59,3,Low,Dry,8029
09/08/2024 00:30,16046,London,Kensington,4384,91,7,Low,Wet,3704
29/04/2024 07:33,11534,London,Camden,1289,65,8,Low,Dry,9185
27/12/2024 16:45,10715,London,Kensington,2065,74,0,High,Snowy,485
13/10/2024 00:59,17813,London,Islington,4884,80,8,Low,Snowy,8048
01/06/2024 09:07,9704,London,Chelsea,3352,54,8,Low,Snowy,6989
29/10/2024 03:29,13985,London,Islington,3091,23,3,Low,Snowy,1189
19/04/2024 17:04,15312,London,Islington,72,69,9,Low,Damaged,6626
25/10/2024 09:33,19677,London,Southwark,4092,95,3,Low,Snowy,2082
13/08/2024 06:38,13635,London,Camden,1604,98,1,Low,Wet,5627
06/07/2024 22:17,12905,London,Chelsea,2386,17,1,Medium,Dry,3303
09/11/2024 22:58,16544,London,Islington,898,-38,7,Low,Dry,643
27/09/2024 20:11,9220,London,Islington,3408,38,8,Low,Dry,3167
05/11/2024 22:56,15331,London,Islington,4308,59,8,Medium,Dry,548
15/12/2024 13:34,9828,London,Kensington,760,33,6,Low,Damaged,2005
22/05/2024 00:46,19277,London,Chelsea,1643,38,0,Medium,Dry,7639
28/09/2024 02:08,15886,London,Kensington,4340,16,7,Low,Wet,4933
10/02/2024 11:34,12676,London,Kensington,539,28,5,Low,Damaged,4358
26/11/2024 09:52,17907,London,Islington,2408,13,5,Low,Damaged,4940
31/03/2024 07:54,16683,London,Kensington,3202,73,1,Low,Dry,2979
20/09/2024 20:30,9573,London,Islington,2362,16,9,Low,Wet,8421
23/04/2024 01:59,11485,London,Southwark,2815,75,8,Medium,Wet,2072
09/07/2024 04:58,9183,London,Islington,2789,53,4,Low,Wet,6767
17/07/2024 00:02,18754,London,Chelsea,2927,49,7,High,Wet,5370
31/08/2024 04:02,13377,London,Southwark,2162,49,2,Low,Wet,3631
22/11/2024 16:14,14425,London,Islington,4590,89,3,Medium,Dry,9751
18/06/2024 23:16,16823,London,Chelsea,4760,31,4,Low,Snowy,6924
10/01/2024 05:15,13221,London,Camden,1110,45,4,Low,Dry,9769
17/01/2024 02:07,14581,London,Camden,4328,78,3,Low,Dry,3674
07/04/2024 11:28,12528,London,Islington,4049,73,7,Low,Snowy,2279
27/09/2024 22:01,11774,London,Islington,3292,21,9,Medium,Wet,1264
14/08/2024 20:09,16790,London,Chelsea,2503,78,8,Low,Dry,5066
25/08/2024 02:41,10406,London,Southwark,1215,76,6,Low,Wet,7643
17/05/2024 11:37,18046,London,Islington,4187,73,8,High,Snowy,9058
07/05/2024 07:39,11644,London,Chelsea,3819,45,8,Low,Snowy,2243
29/08/2024 06:18,14207,London,Islington,3652,27,6,Medium,Damaged,2745
12/04/2024 06:13,13832,London,Islington,3211,79,6,Low,Wet,5052
12/04/2024 12:02,15594,London,Islington,733,10,0,Medium,Dry,6716
19/08/2024 15:45,10657,London,Islington,36,32,7,Medium,Damaged,3847
14/04/2024 20:56,12450,London,Kensington,3020,89,5,Low,Wet,843
03/01/2024 13:01,17616,London,Camden,2328,-87,7,Low,Dry,6980
01/09/2024 01:02,18232,London,Camden,849,15,9,High,Snowy,9864
07/08/2024 06:54,13788,London,Kensington,1096,74,9,Low,Dry,5508
30/11/2024 03:40,11639,London,Camden,1019,59,1,Medium,Dry,2743
28/08/2024 03:06,14770,London,Southwark,2971,20,3,Low,Dry,5228
14/11/2024 03:07,18553,London,Kensington,2090,63,9,Low,Snowy,3876
08/05/2024 23:46,19348,London,Kensington,4133,18,0,High,Dry,1051
28/11/2024 07:53,11129,London,Camden,4321,66,8,High,Snowy,8615
04/09/2024 15:18,15627,London,Chelsea,3567,38,8,Medium,Dry,9492
31/10/2024 03:34,18391,London,Islington,3665,81,5,High,Snowy,9240
24/05/2024 17:34,12216,London,Kensington,3360,36,5,Medium,Snowy,5973
08/05/2024 04:32,9521,London,Islington,2335,72,8,Medium,Damaged,2576
13/07/2024 08:51,10134,London,Chelsea,3741,78,0,Medium,Snowy,5512
17/03/2024 15:10,9556,London,Islington,3362,64,8,Medium,Dry,996
03/10/2024 08:40,12247,London,Camden,1196,34,9,Low,Snowy,3541
27/11/2024 00:49,14610,London,Southwark,4192,67,6,Medium,Damaged,761
14/12/2024 03:44,15749,London,Camden,4915,63,1,High,Wet,8488
16/01/2024 05:44,15160,London,Camden,2480,92,5,Low,Wet,8155
05/05/2024 12:37,17985,London,Chelsea,2758,59,4,Medium,Damaged,4869
05/02/2024 20:15,18279,London,Islington,4251,68,2,Low,Wet,650
05/05/2024 11:47,11700,London,Camden,1801,99,1,Low,Damaged,6360
04/08/2024 13:52,13760,London,Islington,798,57,9,Low,Snowy,8783
23/05/2024 00:29,12836,London,Camden,3672,88,9,Medium,Snowy,7260
21/01/2024 19:25,15236,London,Southwark,3394,17,2,Low,Wet,1512
23/01/2024 13:48,9370,London,Islington,146,88,6,Low,Dry,2983
20/08/2024 15:56,14645,London,Kensington,583,68,8,Medium,Dry,5574
29/10/2024 11:30,10708,London,Kensington,1597,49,8,Medium,Wet,2405
07/03/2024 05:38,9875,London,Kensington,3637,81,5,High,Wet,1484
28/02/2024 16:31,11786,London,Islington,2915,80,1,Low,Snowy,5211
13/07/2024 10:51,17393,London,Islington,433,76,5,Low,Wet,1880
29/09/2024 22:33,15863,London,Islington,425,74,0,Low,Dry,7167
24/12/2024 15:15,9777,London,Camden,4505,96,6,Low,Dry,9706
26/05/2024 09:55,19801,London,Islington,3736,82,5,Low,Dry,9476
03/07/2024 12:19,14754,London,Islington,3382,81,3,Low,Dry,8319
24/10/2024 15:34,12952,London,Southwark,2106,70,5,Medium,Damaged,178
28/06/2024 03:21,9485,London,Islington,761,45,6,Low,Wet,8226
17/06/2024 03:02,19877,London,Camden,3759,15,0,Medium,Damaged,7820
14/08/2024 02:23,9072,London,Southwark,2695,92,3,Low,Damaged,6200
25/11/2024 16:54,19684,London,Southwark,2608,54,0,High,Wet,2426
09/07/2024 07:55,11813,London,Islington,3024,32,7,Medium,Snowy,5051
02/10/2024 00:16,19904,London,Islington,4025,13,6,High,Wet,6598
05/04/2024 02:41,13414,London,Southwark,87,75,8,Medium,Dry,2883
22/05/2024 04:42,15344,London,Islington,4090,54,8,Low,Damaged,5080
06/08/2024 06:25,16841,London,Southwark,416,-32,3,Low,Damaged,5828
24/09/2024 05:34,19842,London,Chelsea,2963,63,7,Low,Dry,1951
23/03/2024 16:24,16779,London,Chelsea,1064,56,0,Low,Dry,8346
07/10/2024 01:05,14345,London,Camden,2021,85,4,Medium,Snowy,5339
02/07/2024 16:10,10998,London,Chelsea,1155,31,0,Medium,Dry,2281
29/03/2024 15:38,12845,London,Camden,786,59,2,Low,Damaged,9129
27/05/2024 15:18,9599,London,Kensington,724,96,1,Low,Damaged,9510
30/04/2024 06:16,14596,London,Kensington,2077,33,4,High,Snowy,6935
05/11/2024 03:45,15550,London,Camden,2540,95,3,Low,Snowy,8447
18/03/2024 15:29,17361,London,Kensington,411,90,1,Medium,Snowy,1210
29/03/2024 05:44,11601,London,Chelsea,2453,11,4,Low,Dry,2186
23/07/2024 07:25,19745,London,Camden,2104,16,9,Low,Snowy,2347
19/08/2024 06:16,19200,London,Southwark,522,67,8,Low,Damaged,251
24/11/2024 22:14,15295,London,Islington,4948,59,9,Low,Dry,5806
23/02/2024 15:12,11103,London,Kensington,3167,23,9,High,Snowy,5038
17/12/2024 02:58,17798,London,Kensington,1736,17,9,Low,Wet,9917
20/09/2024 14:31,10610,London,Islington,1613,-97,4,Medium,Damaged,9239
13/10/2024 17:40,15094,London,Southwark,4173,35,0,Medium,Dry,2632
22/03/2024 17:15,12461,London,Chelsea,568,14,6,Medium,Dry,5670
21/09/2024 04:29,15867,London,Islington,3169,64,1,High,Wet,2388
10/11/2024 13:13,15395,London,Kensington,4012,54,9,Low,Damaged,3061
17/01/2024 19:03,11969,London,Kensington,3744,87,4,Low,Dry,5400
20/12/2024 23:48,18991,London,Kensington,449,-74,9,High,Dry,5033
29/06/2024 08:22,16593,London,Camden,2935,73,3,Medium,Dry,8479
29/09/2024 05:21,13264,London,Camden,2964,22,8,Medium,Damaged,7715
19/11/2024 07:58,10407,London,Chelsea,1621,25,5,High,Snowy,7904
04/09/2024 23:04,13469,London,Islington,475,84,2,Low,Damaged,8495
30/04/2024 07:47,19941,London,Islington,491,83,0,High,Wet,776
29/12/2024 18:59,12718,London,Chelsea,3917,28,3,Low,Dry,3750
19/05/2024 07:02,19070,London,Southwark,2885,53,7,Low,Snowy,7173
26/07/2024 02:23,10304,London,Islington,2467,88,6,Low,Dry,7742
02/05/2024 19:19,10783,London,Islington,953,51,5,Medium,Snowy,2170
13/03/2024 17:53,18635,London,Chelsea,767,29,3,Low,Snowy,4182
27/09/2024 17:41,19700,London,Kensington,2856,89,8,Low,Dry,9950
20/05/2024 15:19,18872,London,Southwark,124,54,0,Low,Dry,6503
27/12/2024 13:59,9916,London,Islington,2915,57,7,Medium,Snowy,6535
01/05/2024 09:35,17123,London,Chelsea,3651,54,3,High,Wet,8238
17/10/2024 20:10,11020,London,Kensington,864,81,1,High,Damaged,2290
23/08/2024 20:13,16899,London,Islington,4232,76,0,Medium,Snowy,3397
10/02/2024 23:28,13144,London,Islington,3759,89,1,Low,Dry,5140
18/06/2024 14:09,17435,London,Chelsea,791,77,6,Low,Damaged,2064
07/07/2024 05:28,17639,London,Chelsea,1016,25,5,Low,Dry,4680
04/05/2024 19:31,13057,London,Islington,3275,28,0,Low,Wet,2996
19/03/2024 02:27,19567,London,Camden,925,27,4,Medium,Damaged,3344
03/07/2024 02:39,15249,London,Chelsea,2930,88,7,High,Dry,8137
17/01/2024 17:45,18451,London,Islington,4529,56,2,Low,Wet,5699
15/09/2024 20:26,16300,London,Chelsea,1189,61,2,Low,Damaged,4873
09/12/2024 01:03,14612,London,Camden,223,26,2,Low,Damaged,8393
03/06/2024 03:28,16714,London,Islington,2625,48,3,Low,Dry,9381
27/07/2024 19:40,19211,London,Southwark,1452,83,2,High,Dry,9488
09/10/2024 10:34,15696,London,Islington,2515,97,8,Medium,Wet,5079
26/02/2024 08:14,9718,London,Islington,4563,79,7,Low,Dry,5681
13/06/2024 20:35,12128,London,Camden,3400,21,3,Medium,Damaged,1460
27/08/2024 03:59,11937,London,Islington,1776,76,9,Low,Damaged,2800
27/11/2024 02:53,11303,London,Camden,1999,92,9,Low,Wet,3285
19/03/2024 06:03,11372,London,Kensington,561,76,1,Low,Damaged,3705
03/03/2024 04:59,12846,London,Kensington,504,65,5,Medium,Damaged,6659
21/07/2024 13:47,16377,London,Kensington,3583,24,1,Low,Dry,3692
10/05/2024 20:25,19523,London,Kensington,2313,76,5,High,Damaged,9004
10/05/2024 11:50,12264,London,Chelsea,1220,85,3,High,Dry,5973
13/07/2024 01:19,11003,London,Southwark,3204,23,0,High,Snowy,9236
13/05/2024 04:58,13991,London,Kensington,2388,16,2,Low,Wet,4501
15/01/2024 23:41,14495,London,Chelsea,3021,79,0,High,Dry,8152
20/02/2024 18:51,10033,London,Kensington,2836,40,5,High,Wet,3201
22/06/2024 19:36,16647,London,Islington,4449,71,6,High,Damaged,8289
12/07/2024 03:09,16541,London,Islington,3587,32,4,Low,Dry,4112
03/01/2024 19:24,14485,London,Camden,746,81,2,Low,Dry,7518
29/09/2024 13:36,10989,London,Islington,3397,19,5,Low,Wet,1717
29/09/2024 22:17,14125,London,Chelsea,2065,64,6,Low,Snowy,5234
26/05/2024 17:28,13750,London,Southwark,977,86,9,Low,Dry,2652
29/08/2024 16:47,14319,London,Islington,33,57,9,Low,Damaged,7140
02/12/2024 08:21,13603,London,Islington,4060,41,2,High,Dry,6570
27/03/2024 05:12,10622,London,Islington,1358,58,0,Low,Dry,102
29/11/2024 19:17,14117,London,Islington,3159,75,8,Low,Snowy,8321
08/03/2024 11:56,17507,London,Islington,2735,29,8,Low,Damaged,3417
04/12/2024 20:09,12228,London,Camden,1318,33,4,High,Dry,7285
21/07/2024 10:48,9692,London,Camden,1190,27,8,Medium,Wet,7397
13/05/2024 00:14,19315,London,Islington,3412,10,3,Medium,Dry,4784
07/09/2024 09:07,19191,London,Kensington,4275,40,5,Low,Dry,8338
21/08/2024 23:43,14622,London,Southwark,1670,52,7,Low,Damaged,2700
14/01/2024 15:46,11627,London,Islington,1350,56,6,High,Dry,2343
09/07/2024 03:36,9411,London,Islington,28,-42,3,Low,Damaged,8145
19/07/2024 14:49,18882,London,Southwark,1565,14,8,Low,Snowy,6850
10/02/2024 09:03,10496,London,Camden,1975,92,4,Low,Wet,4278
22/04/2024 10:11,19076,London,Kensington,779,92,2,Medium,Dry,1081
06/02/2024 01:42,11148,London,Southwark,3549,99,1,High,Damaged,7562
08/02/2024 11:04,9783,London,Camden,3828,22,5,Medium,Dry,6805
21/01/2024 15:33,14661,London,Southwark,2413,44,1,Low,Snowy,8651
24/10/2024 17:09,17436,London,Southwark,1814,88,4,Low,Wet,3107
23/06/2024 18:31,18866,London,Islington,1718,10,0,Low,Dry,8201
08/12/2024 05:34,17043,London,Islington,295,56,4,Low,Dry,6657
12/08/2024 19:03,15519,London,Islington,4124,24,1,Low,Wet,4449
24/02/2024 19:58,12097,London,Southwark,931,87,7,High,Dry,7487
15/12/2024 07:53,18549,London,Camden,4859,12,6,High,Dry,6348
10/08/2024 06:07,18388,London,Camden,427,63,9,Low,Wet,8879
24/12/2024 04:11,14471,London,Kensington,2931,75,9,Medium,Wet,8915
06/03/2024 12:38,10380,London,Southwark,3480,44,5,Low,Dry,7222
29/05/2024 14:27,11406,London,Camden,392,90,1,Low,Wet,7385
06/02/2024 19:40,18694,London,Chelsea,1444,52,3,High,Snowy,9517
16/11/2024 11:22,16852,London,Kensington,4190,37,3,Medium,Dry,3528
02/05/2024 23:09,13766,London,Islington,208,35,4,Low,Damaged,4632
07/11/2024 13:45,16568,London,Islington,3622,18,5,Low,Damaged,8463
04/11/2024 12:42,14257,London,Kensington,2113,77,4,Medium,Snowy,516
07/06/2024 07:25,10160,London,Kensington,1651,53,5,Medium,Damaged,7925
10/11/2024 11:40,12392,London,Islington,2589,85,2,Medium,Wet,8487
25/11/2024 05:24,16935,London,Islington,4639,89,3,Low,Dry,3269
13/04/2024 06:07,16625,London,Islington,2181,27,2,Low,Damaged,6932
13/06/2024 20:48,19658,London,Kensington,571,85,9,Low,Snowy,7119
11/02/2024 18:52,19905,London,Islington,1580,92,8,High,Damaged,4155
17/12/2024 22:03,9607,London,Camden,956,43,8,High,Damaged,1128
07/06/2024 02:10,10713,London,Southwark,3872,69,7,High,Snowy,6692
29/03/2024 17:56,18107,London,Chelsea,2669,24,6,Low,Damaged,3297
14/08/2024 02:53,12219,London,Islington,3495,28,9,High,Snowy,3995
12/05/2024 06:32,12763,London,Chelsea,1327,84,6,High,Wet,7164
21/07/2024 12:23,19765,London,Islington,2288,18,7,Low,Dry,4387
13/07/2024 06:58,13825,London,Islington,923,33,0,Medium,Snowy,7229
01/12/2024 07:40,11982,London,Camden,3955,23,6,Medium,Damaged,1191
14/01/2024 03:25,13732,London,Southwark,2913,16,0,Medium,Damaged,414
25/08/2024 05:59,14421,London,Chelsea,3056,41,2,Medium,Snowy,5279
02/06/2024 13:44,18081,London,Kensington,1077,37,2,Medium,Damaged,9231
29/02/2024 17:43,10583,London,Islington,3350,24,9,Low,Dry,1179
03/03/2024 23:06,17195,London,Chelsea,2152,-19,5,Low,Snowy,1097
13/01/2024 09:58,15801,London,Islington,4986,18,0,Low,Damaged,4971
24/02/2024 00:40,18413,London,Kensington,2672,95,0,Low,Snowy,2471
24/04/2024 05:49,9050,London,Islington,1450,38,7,Medium,Snowy,2178
06/11/2024 20:23,14197,London,Chelsea,3564,35,5,Low,Snowy,6728
08/10/2024 09:33,18075,London,Kensington,3561,36,8,Low,Wet,2395
07/05/2024 20:18,19084,London,Southwark,919,86,9,Medium,Wet,281
28/07/2024 01:10,18202,London,Camden,4622,-13,2,High,Snowy,2534
03/09/2024 13:45,10160,London,Kensington,3323,94,9,Low,Damaged,7133
30/08/2024 21:54,14598,London,Southwark,4564,38,3,Medium,Snowy,1506
04/08/2024 19:17,9610,London,Islington,1823,26,1,Medium,Damaged,1222
27/08/2024 03:30,18748,London,Chelsea,1974,96,3,Medium,Wet,6691
10/08/2024 22:21,19367,London,Islington,3391,23,3,Low,Damaged,6108
18/01/2024 10:32,14237,London,Southwark,4569,18,6,High,Wet,8650
12/08/2024 10:46,14259,London,Kensington,1535,37,2,Low,Wet,9560
26/05/2024 12:28,10821,London,Chelsea,213,24,2,Low,Dry,3097
08/04/2024 18:48,15216,London,Kensington,673,83,1,Low,Dry,7750
22/01/2024 13:44,19166,London,Islington,2226,86,5,Low,Snowy,8433
22/03/2024 09:08,15936,London,Camden,4610,32,9,High,Damaged,5735
18/11/2024 14:13,15621,London,Southwark,2951,35,8,High,Dry,2910
01/11/2024 06:30,12604,London,Islington,2982,78,4,Low,Damaged,1809
20/03/2024 00:43,16076,London,Kensington,369,98,5,Low,Snowy,1139
17/01/2024 21:36,9752,London,Southwark,4682,82,6,Low,Dry,3228
02/04/2024 01:29,11016,London,Southwark,78,45,6,High,Snowy,5967
01/10/2024 11:50,14295,London,Southwark,3287,78,4,High,Dry,353
10/08/2024 23:25,10876,London,Camden,3718,27,4,High,Dry,6946
12/04/2024 14:31,12447,London,Chelsea,3266,92,4,High,Dry,7597
20/07/2024 07:46,17944,London,Kensington,2873,51,3,High,Snowy,3168
18/06/2024 22:00,18313,London,Islington,246,13,7,Low,Damaged,2278
06/10/2024 23:04,18325,London,Islington,101,10,7,Low,Damaged,8391
05/12/2024 01:52,12247,London,Chelsea,843,74,0,Low,Dry,667
15/04/2024 17:28,10328,London,Islington,1604,81,2,High,Damaged,886
22/10/2024 17:18,9327,London,Chelsea,72,93,3,High,Dry,7086
15/04/2024 11:26,14371,London,Kensington,3587,10,2,Low,Dry,6857
02/04/2024 05:41,11221,London,Kensington,3327,42,6,Low,Snowy,2167
18/03/2024 22:32,16104,London,Camden,2854,17,3,Low,Dry,6943
22/02/2024 16:09,15096,London,Kensington,4611,41,2,High,Dry,8770
10/03/2024 11:41,10222,London,Camden,1105,37,2,Low,Damaged,4639
28/11/2024 19:50,10046,London,Chelsea,1645,78,1,Low,Damaged,5435
14/02/2024 00:56,14077,London,Camden,1727,33,0,Medium,Dry,3641
19/07/2024 20:18,18838,London,Chelsea,1854,43,2,Low,Dry,5285
06/08/2024 04:47,10485,London,Camden,1195,76,6,Medium,Dry,3584
18/07/2024 01:05,12492,London,Islington,3579,42,5,Medium,Damaged,6771
13/08/2024 07:54,18153,London,Southwark,2604,62,4,Medium,Damaged,982
20/04/2024 04:03,12143,London,Chelsea,1224,86,0,Medium,Dry,621
12/08/2024 06:23,18319,London,Islington,2681,64,3,High,Damaged,6796
05/10/2024 03:30,17448,London,Chelsea,403,67,1,Medium,Damaged,1789
10/06/2024 15:43,10586,London,Southwark,2059,43,1,Medium,Dry,4462
13/04/2024 14:34,14409,London,Islington,807,80,9,Low,Dry,6361
16/06/2024 07:04,10510,London,Southwark,4993,70,2,High,Dry,4174
14/05/2024 17:22,14062,London,Southwark,3273,56,7,Low,Snowy,427
02/12/2024 04:38,17929,London,Islington,2051,36,3,Medium,Wet,1624
27/01/2024 01:20,18910,London,Southwark,3849,77,9,High,Damaged,1891
17/02/2024 13:27,12738,London,Chelsea,274,36,5,High,Wet,9886
30/07/2024 05:12,17974,London,Islington,2203,47,2,High,Wet,6510
30/07/2024 07:05,11823,London,Southwark,1835,57,6,Low,Wet,5402
22/11/2024 06:15,18840,London,Islington,2790,-63,0,Low,Dry,3681
17/03/2024 23:03,16568,London,Southwark,98,59,2,Medium,Snowy,8587
18/09/2024 13:16,18856,London,Kensington,1475,79,6,Medium,Wet,6413
02/04/2024 13:46,18375,London,Islington,308,28,1,Low,Dry,9821
13/05/2024 08:38,13581,London,Islington,821,32,4,Medium,Dry,1590
28/12/2024 14:47,10576,London,Islington,1463,54,0,Low,Dry,9123
03/08/2024 04:39,14575,London,Camden,3067,45,8,Low,Snowy,4725
03/03/2024 22:50,15174,London,Southwark,1125,70,5,Medium,Wet,1182
27/02/2024 16:47,9995,London,Southwark,3868,76,7,Low,Dry,1997
10/08/2024 11:56,14941,London,Camden,3774,80,9,High,Wet,7252
01/08/2024 02:25,12546,London,Islington,3861,94,4,High,Dry,1637
10/07/2024 05:29,17862,London,Camden,2235,93,5,High,Dry,1431
04/01/2024 18:04,11766,London,Kensington,4198,-45,6,Medium,Dry,5020
21/03/2024 21:55,17808,London,Southwark,44,51,0,Medium,Damaged,9010
27/01/2024 08:30,11079,London,Camden,346,49,3,Medium,Dry,8069
30/08/2024 05:37,19101,London,Kensington,3909,41,7,Low,Damaged,9918
14/06/2024 23:06,19353,London,Camden,1805,22,6,Low,Damaged,2682
08/05/2024 13:51,12763,London,Islington,1512,33,4,Low,Wet,9302
16/10/2024 20:50,11120,London,Southwark,2630,85,2,High,Wet,4122
19/03/2024 16:13,14692,London,Islington,249,47,3,Medium,Dry,7685
18/10/2024 08:23,15772,London,Camden,1194,96,5,Low,Snowy,9684
22/12/2024 08:02,11482,London,Islington,4992,31,6,Low,Dry,8966
14/10/2024 13:25,14059,London,Islington,3916,96,6,Low,Dry,4181
11/12/2024 07:00,15876,London,Southwark,763,89,0,Medium,Dry,2930
09/01/2024 13:26,14745,London,Islington,3972,99,2,Low,Damaged,5712
24/12/2024 22:49,12340,London,Kensington,4584,48,1,Medium,Wet,4615
27/01/2024 05:28,13208,London,Southwark,206,36,0,Low,Wet,6849
10/06/2024 01:47,11330,London,Kensington,850,59,1,High,Damaged,2015
18/07/2024 01:19,10191,London,Camden,3812,22,3,High,Damaged,309
10/10/2024 03:42,12700,London,Southwark,3174,80,6,High,Dry,2126
20/07/2024 16:01,10786,London,Chelsea,695,49,6,High,Dry,4559
07/12/2024 09:13,19657,London,Kensington,3860,13,5,High,Snowy,7426
08/09/2024 00:09,18485,London,Southwark,3737,52,1,High,Dry,1130
04/05/2024 10:55,17847,London,Chelsea,308,91,1,Low,Dry,9978
19/08/2024 02:49,11435,London,Islington,2604,29,1,High,Snowy,8464
23/06/2024 01:20,9683,London,Chelsea,2833,54,9,Medium,Snowy,6485
20/05/2024 14:22,10968,London,Islington,4541,97,7,Low,Snowy,4105
01/12/2024 00:41,10844,London,Camden,1971,40,6,Low,Snowy,5607
13/09/2024 14:17,12396,London,Islington,4211,54,3,High,Snowy,846
10/12/2024 17:48,14340,London,Islington,4414,18,1,Medium,Dry,7097
08/04/2024 17:23,12590,London,Chelsea,4116,55,3,Low,Wet,610
16/11/2024 04:39,9204,London,Camden,3010,19,3,Low,Dry,7537
11/06/2024 05:07,14114,London,Southwark,374,52,5,Medium,Dry,2611
17/12/2024 19:40,11095,London,Islington,1233,86,6,High,Damaged,7736
15/05/2024 21:10,10605,London,Islington,2264,46,1,Low,Dry,4747
04/12/2024 04:37,15818,London,Camden,1861,71,1,High,Dry,2640
26/08/2024 09:45,12858,London,Islington,724,79,7,High,Dry,9295
01/05/2024 11:49,15012,London,Islington,4026,89,0,Low,Dry,3809
05/01/2024 17:31,16354,London,Southwark,541,54,8,Low,Damaged,4393
26/10/2024 13:15,15111,London,Southwark,4626,30,7,Low,Damaged,8773
13/12/2024 19:32,15575,London,Islington,4188,86,4,High,Dry,6159
08/04/2024 02:16,10627,London,Islington,103,60,1,Medium,Dry,8407
10/12/2024 21:55,17273,London,Chelsea,2294,44,7,Low,Dry,990
13/08/2024 20:44,18349,London,Chelsea,2288,97,1,Low,Wet,3518
15/06/2024 18:45,10882,London,Kensington,2722,22,8,Low,Snowy,3616
25/07/2024 05:09,10435,London,Islington,676,59,1,Medium,Dry,6520
30/12/2024 04:00,9501,London,Islington,3909,78,0,Medium,Dry,4562
08/08/2024 17:11,9647,London,Islington,3904,35,7,Low,Dry,6816
23/06/2024 20:30,13768,London,Islington,3827,66,4,Low,Snowy,179
21/11/2024 01:17,16059,London,Camden,153,10,8,Low,Dry,372
08/03/2024 21:42,12877,London,Camden,4315,23,0,Low,Dry,4068
04/07/2024 03:37,10344,London,Southwark,3819,88,2,Medium,Dry,7842
04/08/2024 18:07,17543,London,Kensington,4705,55,6,Medium,Wet,1179
27/01/2024 16:32,19423,London,Islington,1847,43,2,High,Snowy,7524
21/05/2024 19:58,9075,London,Chelsea,2515,41,7,High,Wet,3407
25/09/2024 04:45,17135,London,Southwark,4301,67,9,Low,Wet,3853
15/01/2024 19:23,9240,London,Chelsea,4805,16,6,Low,Damaged,3642
04/11/2024 02:50,14101,London,Islington,529,72,8,Low,Wet,4429
31/08/2024 04:26,10313,London,Islington,4832,56,3,Low,Dry,5102
22/07/2024 09:17,11019,London,Chelsea,4058,20,1,High,Dry,4272
17/01/2024 02:18,10995,London,Chelsea,2152,99,8,High,Snowy,2094
03/07/2024 23:41,9264,London,Southwark,3784,83,2,Medium,Dry,936
04/05/2024 07:55,11788,London,Chelsea,270,38,9,Medium,Wet,2834
29/09/2024 16:10,13654,London,Kensington,2218,77,2,High,Wet,8438
04/11/2024 14:49,13939,London,Southwark,1660,75,6,Medium,Dry,8075
11/05/2024 08:37,14098,London,Islington,2454,33,7,Low,Dry,3880
30/11/2024 15:02,11371,London,Camden,3320,32,4,Low,Damaged,7135
27/05/2024 09:55,11319,London,Islington,905,56,4,Low,Snowy,2320
14/11/2024 07:28,14949,London,Islington,2954,76,2,Low,Wet,8656
20/05/2024 07:18,12506,London,Kensington,1893,48,3,Low,Dry,1313
19/06/2024 03:46,16465,London,Chelsea,1009,91,9,Low,Snowy,9423
12/01/2024 00:28,14566,London,Islington,4069,13,6,Medium,Dry,9607
17/03/2024 20:54,11275,London,Islington,4346,57,1,Low,Snowy,1676
17/08/2024 09:05,15117,London,Kensington,4471,85,4,Low,Wet,8115
13/09/2024 14:17,12396,London,Islington,4211,54,3,High,Snowy,846
12/05/2024 21:54,10906,London,Islington,3654,73,5,Medium,Wet,3717
06/12/2024 06:59,11793,London,Southwark,3664,21,5,Low,Damaged,5992
20/10/2024 12:00,11510,London,Islington,1849,29,2,Low,Dry,4245
31/05/2024 22:26,10919,London,Camden,3527,53,5,Low,Dry,8596
24/02/2024 19:58,12097,London,Southwark,931,87,7,High,Dry,7487
17/04/2024 03:42,13950,London,Chelsea,2334,45,2,Medium,Dry,2704
15/05/2024 15:48,11531,London,Southwark,933,42,1,Low,Damaged,8356
22/07/2024 01:01,17223,London,Islington,2261,80,6,High,Dry,8606
19/08/2024 23:28,10485,London,Camden,1919,34,7,Low,Wet,1506
16/02/2024 20:03,18261,London,Chelsea,3931,22,8,Low,Wet,5420
16/01/2024 10:28,18792,London,Southwark,4435,62,6,Low,Wet,7732
12/11/2024 21:46,10786,London,Islington,3450,15,7,Medium,Wet,1874
19/01/2024 18:18,9525,London,Kensington,412,27,9,Low,Wet,5925
25/04/2024 05:12,18211,London,Islington,233,23,7,High,Wet,5053
19/07/2024 13:31,11611,London,Chelsea,1948,65,7,Medium,Dry,5517
30/07/2024 13:33,10933,London,Southwark,1056,13,0,High,Wet,3329
10/08/2024 03:18,11184,London,Camden,118,98,7,Low,Snowy,3904
18/04/2024 22:10,15152,London,Islington,634,43,6,Low,Damaged,7423
30/08/2024 15:06,19822,London,Camden,274,55,8,Low,Snowy,8682
23/01/2024 07:15,11681,London,Southwark,388,23,1,Medium,Wet,7588
31/10/2024 22:05,19842,London,Southwark,4816,89,5,Medium,Damaged,9133
30/03/2024 22:49,12560,London,Camden,2151,61,0,Low,Wet,7920
11/02/2024 18:52,19905,London,Islington,1580,92,8,High,Damaged,4155
16/12/2024 18:01,9423,London,Islington,807,33,4,Low,Snowy,4763
03/05/2024 14:17,17430,London,Islington,2984,14,0,Low,Dry,3579
23/07/2024 09:14,10235,London,Southwark,2730,85,3,Low,Snowy,6917
07/02/2024 18:15,18480,London,Islington,3795,27,1,High,Snowy,4286
25/11/2024 22:41,19814,London,Camden,3100,11,5,Medium,Damaged,7724
12/03/2024 08:16,19668,London,Chelsea,277,46,5,Medium,Dry,6218
16/04/2024 22:39,14032,London,Islington,441,57,1,Low,Dry,6758
29/12/2024 02:33,13838,London,Camden,2584,34,5,High,Snowy,3167
16/08/2024 14:18,10217,London,Chelsea,1786,29,8,Low,Dry,9829
29/04/2024 05:21,15382,London,Camden,4362,29,4,Low,Damaged,5002
07/08/2024 23:05,11122,London,Islington,3115,22,5,High,Snowy,4445
31/03/2024 09:22,10519,London,Islington,4719,17,9,Medium,Snowy,6985
27/10/2024 15:24,16886,London,Camden,987,27,2,High,Damaged,5490
13/12/2024 03:47,11070,London,Camden,2595,64,6,Low,Dry,799
27/08/2024 23:57,15707,London,Chelsea,1834,15,2,Medium,Dry,8293
07/06/2024 23:51,15105,London,Islington,3976,-49,2,High,Damaged,8560
20/12/2024 06:33,17054,London,Islington,2536,42,9,High,Dry,817
25/08/2024 05:59,14421,London,Chelsea,3056,41,2,Medium,Snowy,5279
31/10/2024 04:29,9274,London,Chelsea,295,16,5,Low,Wet,7017
24/06/2024 07:12,9524,London,Chelsea,3193,67,5,High,Dry,8422
27/10/2024 23:38,12006,London,Chelsea,3841,46,6,Low,Dry,1998
04/12/2024 08:15,16314,London,Kensington,3620,10,7,Low,Snowy,1260
19/03/2024 12:02,18586,London,Islington,3268,26,0,Low,Dry,3538
30/11/2024 11:17,14895,London,Camden,2803,75,7,Low,Dry,2868
13/05/2024 03:33,14757,London,Islington,366,33,3,Medium,Dry,2974
28/04/2024 02:10,18013,London,Kensington,4710,65,5,Medium,Dry,3766
07/07/2024 15:58,9382,London,Chelsea,2262,38,6,Low,Dry,1879
03/06/2024 07:00,12757,London,Kensington,1209,95,7,High,Dry,5614
07/01/2024 20:12,13183,London,Islington,3704,40,1,Low,Damaged,8059
11/06/2024 11:20,20000,London,Kensington,4444,21,1,Low,Dry,3468
14/04/2024 11:28,17628,London,Chelsea,4162,91,5,Medium,Dry,3073
10/06/2024 08:51,15762,London,Chelsea,4779,76,2,High,Wet,5211
23/03/2024 07:09,15576,London,Chelsea,3022,56,2,Medium,Dry,6273
10/06/2024 06:38,11729,London,Chelsea,176,16,6,Low,Damaged,6695
04/12/2024 07:02,13878,London,Chelsea,4736,42,5,Low,Wet,2557
28/08/2024 04:13,12272,London,Southwark,1269,72,2,High,Wet,7934
16/07/2024 23:35,15738,London,Southwark,3738,19,5,Low,Dry,4355
28/03/2024 05:37,18174,London,Camden,655,62,9,Low,Damaged,6138
04/04/2024 13:10,15624,London,Southwark,41,38,2,Medium,Snowy,8761
12/04/2024 23:44,10041,London,Islington,1716,99,7,High,Damaged,2189
20/08/2024 03:53,9759,London,Islington,960,83,8,Low,Snowy,5917
01/09/2024 05:16,9881,London,Southwark,2125,82,5,High,Damaged,2336
05/06/2024 15:07,19864,London,Islington,387,99,3,Medium,Snowy,9096
06/03/2024 03:44,14860,London,Camden,3211,20,7,Low,Snowy,3143
24/11/2024 21:52,16125,London,Chelsea,640,20,3,Low,Snowy,5576
19/09/2024 07:22,17679,London,Chelsea,2567,68,3,Medium,Dry,146
06/02/2024 13:06,9813,London,Islington,1616,39,6,Low,Snowy,5836
28/08/2024 03:06,14770,London,Southwark,2971,20,3,Low,Dry,5228
13/07/2024 01:19,11003,London,Southwark,3204,23,0,High,Snowy,9236
12/12/2024 02:15,11483,London,Southwark,876,41,5,Medium,Wet,1206
08/12/2024 13:12,13145,London,Islington,1518,67,7,Low,Dry,9937
22/03/2024 06:26,16077,London,Camden,2378,90,8,Low,Wet,6327
15/03/2024 06:27,10777,London,Southwark,4124,88,6,High,Dry,1108
12/04/2024 19:16,18849,London,Kensington,664,35,1,Medium,Wet,9539
18/11/2024 14:44,19756,London,Islington,3927,38,0,High,Damaged,3469
20/08/2024 19:19,18431,London,Camden,2579,12,0,High,Damaged,6981
06/09/2024 17:11,16294,London,Camden,2162,68,9,Low,Snowy,1942
28/07/2024 19:36,16454,London,Islington,2889,82,8,Medium,Damaged,7768
08/10/2024 11:45,17970,London,Kensington,2273,-14,5,Low,Damaged,8520
04/01/2024 03:13,16562,London,Kensington,3508,71,9,Low,Wet,7286
26/11/2024 11:10,12581,London,Islington,872,70,5,Medium,Snowy,7072
21/09/2024 08:29,17095,London,Islington,1713,53,6,High,Damaged,9768
25/03/2024 04:55,12488,London,Islington,617,80,2,Low,Dry,7077
14/05/2024 18:55,10419,London,Islington,816,58,3,High,Damaged,7345
22/02/2024 16:00,13284,London,Southwark,1521,95,7,High,Snowy,3205
24/06/2024 09:28,15123,London,Chelsea,3160,87,6,Low,Snowy,2377
17/10/2024 22:18,18077,London,Islington,3513,74,2,Low,Snowy,1539
26/05/2024 17:28,13750,London,Southwark,977,86,9,Low,Dry,2652
31/01/2024 15:25,15925,London,Kensington,2047,77,2,Low,Wet,7797
16/01/2024 08:25,14965,London,Islington,4052,75,8,Medium,Dry,5757
05/05/2024 12:37,17985,London,Chelsea,2758,59,4,Medium,Damaged,4869
29/12/2024 22:50,10695,London,Kensington,55,90,7,Low,Dry,8054
10/08/2024 23:57,10114,London,Kensington,2084,93,4,Low,Dry,7008
24/05/2024 20:12,15264,London,Camden,1656,49,3,Low,Wet,8687
21/08/2024 18:29,16572,London,Islington,3139,71,6,Low,Damaged,1529
04/02/2024 10:17,9875,London,Chelsea,1032,86,0,Medium,Damaged,690
11/10/2024 03:54,10952,London,Islington,264,25,7,Low,Dry,837
18/09/2024 05:17,19885,London,Kensington,4672,15,1,Medium,Snowy,179
04/11/2024 07:13,16377,London,Islington,1598,14,0,Low,Wet,4631
16/06/2024 18:45,13784,London,Southwark,3893,71,1,Low,Wet,4049
25/02/2024 00:16,15835,London,Chelsea,3061,51,2,Low,Dry,1235
14/11/2024 11:23,11253,London,Chelsea,4378,27,0,Medium,Dry,6205
15/07/2024 03:40,11258,London,Southwark,2978,54,9,Low,Wet,1016
12/10/2024 18:37,19214,London,Chelsea,3321,62,2,Low,Damaged,1758
11/02/2024 18:54,14225,London,Islington,4116,55,9,High,Snowy,9370
31/01/2024 11:47,13320,London,Chelsea,4691,40,4,Low,Dry,1741
04/08/2024 13:52,13760,London,Islington,798,57,9,Low,Snowy,8783
28/04/2024 00:30,11133,London,Kensington,1841,98,1,Low,Dry,2496
24/06/2024 05:52,13305,London,Camden,2883,20,6,Low,Dry,4341
04/11/2024 02:50,14101,London,Islington,529,72,8,Low,Wet,4429
29/12/2024 07:16,19237,London,Camden,3254,15,9,Low,Snowy,6229
26/10/2024 19:56,9526,London,Southwark,743,66,9,Medium,Dry,754
25/10/2024 07:41,12204,London,Southwark,1147,21,3,Low,Wet,4122
03/04/2024 05:46,18039,London,Camden,1638,48,7,Low,Damaged,1155
16/12/2024 02:30,11071,London,Kensington,3894,40,8,High,Dry,5500
13/03/2024 15:04,14156,London,Islington,3922,50,4,High,Dry,817
18/04/2024 18:54,9909,London,Southwark,1354,93,5,Medium,Dry,9448
26/12/2024 07:15,15481,London,Islington,1329,63,2,Low,Dry,1898
23/02/2024 08:09,12465,London,Chelsea,502,56,7,Low,Snowy,8520
13/02/2024 18:45,17997,London,Camden,4939,24,5,High,Damaged,8286
30/03/2024 00:46,15652,London,Southwark,2076,17,2,Medium,Damaged,9403
06/09/2024 16:23,14686,London,Camden,1446,31,1,Low,Dry,6112
14/02/2024 02:57,12183,London,Islington,4047,89,5,Low,Wet,9583
18/02/2024 23:09,9344,London,Islington,4359,70,3,Low,Snowy,9473
26/03/2024 01:50,11905,London,Camden,3538,95,4,High,Damaged,4617
05/02/2024 22:53,10588,London,Islington,1084,58,6,Low,Dry,8388
18/09/2024 15:52,10942,London,Kensington,524,-30,6,Medium,Dry,6399
10/11/2024 10:04,10288,London,Chelsea,1587,99,7,High,Wet,3239
19/04/2024 13:18,9163,London,Camden,2226,65,7,Low,Dry,1510
01/11/2024 07:18,17321,London,Southwark,657,63,9,High,Damaged,9961
30/03/2024 15:42,14708,London,Camden,4662,56,0,High,Snowy,9154
21/11/2024 10:05,19239,London,Islington,405,72,3,Low,Dry,1802
14/09/2024 18:45,13895,London,Islington,3789,72,7,Low,Snowy,6151
08/05/2024 04:32,9521,London,Islington,2335,72,8,Medium,Damaged,2576
31/01/2024 04:50,18952,London,Islington,2240,59,5,Low,Dry,5972
07/07/2024 07:43,17882,London,Southwark,1131,74,3,Low,Dry,4931
19/12/2024 18:45,12826,London,Chelsea,1584,53,1,Medium,Wet,4469
03/06/2024 20:40,19323,London,Chelsea,4620,72,3,Low,Dry,7382
18/08/2024 13:13,17528,London,Camden,466,54,5,Low,Wet,7818
20/05/2024 10:13,11987,London,Chelsea,1085,16,9,High,Damaged,4945
04/05/2024 08:15,9868,London,Islington,2678,20,8,High,Damaged,8565
03/09/2024 20:34,14893,London,Camden,2503,87,3,Low,Dry,9094
17/02/2024 17:39,14643,London,Kensington,1875,41,7,Low,Dry,4217
04/04/2024 03:07,19470,London,Islington,4024,30,7,Low,Damaged,5016
17/03/2024 17:10,11323,London,Islington,3062,14,4,Low,Dry,328
10/08/2024 23:25,10876,London,Camden,3718,27,4,High,Dry,6946
09/03/2024 07:46,19374,London,Kensington,2617,20,8,Medium,Snowy,3076
16/11/2024 23:19,13750,London,Islington,1005,25,3,High,Dry,365
02/01/2024 16:21,12160,London,Camden,2783,43,3,Medium,Snowy,6555
26/11/2024 07:38,9792,London,Kensington,1333,98,6,Low,Wet,8594
19/03/2024 05:14,14748,London,Southwark,1713,48,9,Low,Dry,8867
12/01/2024 01:21,17104,London,Southwark,2125,75,8,High,Dry,5786
30/05/2024 04:24,16891,London,Islington,3397,20,9,Low,Dry,5670
02/11/2024 12:43,10400,London,Islington,50,38,1,Medium,Dry,4136
29/11/2024 10:59,10346,London,Kensington,508,79,8,Low,Damaged,3926
25/06/2024 03:47,18615,London,Islington,310,95,5,High,Damaged,1428
02/01/2024 17:14,19792,London,Southwark,4653,36,7,Low,Damaged,8191
01/09/2024 15:00,11793,London,Kensington,1584,99,6,Low,Wet,8705
30/06/2024 10:09,18895,London,Camden,2782,33,0,Medium,Dry,2721
06/02/2024 01:42,11148,London,Southwark,3549,99,1,High,Damaged,7562
12/05/2024 06:32,12763,London,Chelsea,1327,84,6,High,Wet,7164
13/12/2024 04:38,14835,London,Chelsea,3484,69,2,Low,Wet,9524
10/02/2024 10:34,12617,London,Islington,4542,81,2,Low,Snowy,6144
06/12/2024 03:22,13311,London,Chelsea,4501,21,3,Low,Dry,8322
20/06/2024 13:27,17415,London,Camden,645,34,6,Low,Dry,5108
14/08/2024 23:01,10580,London,Islington,1946,87,1,Low,Dry,9123
19/10/2024 21:20,13465,London,Southwark,2870,52,2,Medium,Damaged,7301
26/10/2024 00:38,19391,London,Southwark,1427,57,0,High,Snowy,6338
29/05/2024 15:19,16738,London,Camden,1912,47,2,High,Dry,9553
24/02/2024 06:26,19400,London,Kensington,1514,48,4,Medium,Dry,6024
26/09/2024 18:26,13743,London,Camden,2758,24,3,Low,Wet,260
09/07/2024 04:58,9183,London,Islington,2789,53,4,Low,Wet,6767
21/09/2024 10:02,12350,London,Camden,375,68,6,Low,Snowy,3920
12/06/2024 16:16,9359,London,Islington,3059,12,9,High,Wet,5652
04/12/2024 20:39,11933,London,Chelsea,4697,64,9,Low,Damaged,9032
10/10/2024 05:59,14435,London,Islington,1341,63,1,Medium,Damaged,1296
16/09/2024 10:41,15350,London,Chelsea,2725,42,6,Medium,Damaged,7724
24/11/2024 04:02,19430,London,Camden,420,29,2,Medium,Dry,2194
02/01/2024 19:03,9919,London,Camden,1994,63,6,High,Snowy,6988
22/09/2024 21:40,10785,London,Islington,2064,87,1,Medium,Damaged,7140
07/05/2024 20:09,11828,London,Kensington,3677,90,3,Low,Damaged,7382
20/07/2024 06:25,14526,London,Southwark,2196,57,6,Medium,Snowy,4069
27/05/2024 03:38,16340,London,Camden,3317,36,1,Low,Damaged,6862
14/09/2024 13:25,9648,London,Islington,4220,47,4,Medium,Dry,7637
26/07/2024 16:46,14677,London,Islington,1233,27,3,Medium,Snowy,7163
