date_time,weather_id,city,season,temperature_c,humidity,rain_mm,wind_speed_kmh,visibility_m,weather_condition,air_pressure_hpa
12/01/2024 01:00,7799,London,Unknown,17.59458151555554,80,17.1451259286267,45,4430,Rain,1010.1786864191292
07/03/2024 21:02,5274,London,Summer,38.138247238341066,68,6.4912605519364845,43,1697,Fog,988.200572571712
16/04/2024 23:20,5432,London,Winter,24.90289972374764,66,0.5807551158259301,6,9552,Storm,995.836457183809
15/01/2024 20:04,5271,London,Unknown,9.037985416874948,53,3.0985945157205577,51,6603,Fog,984.5443533170248
25/01/2024 11:29,7582,London,Autumn,23.2397351193744,58,3.03277374878458,23,2709,Clear,993.1760792006417
03/03/2024 11:57,7018,London,Autumn,11.344348785150668,83,6.960396806002434,35,8846,Snow,1007.683004782865
04/05/2024 05:16,7144,London,Spring,29.752461637924664,30,8.023874628737566,24,8111,Clear,982.8155337143928
29/05/2024 18:11,8731,London,Spring,25.007951283875546,53,8.373679020858283,49,3332,Rain,1007.659187407406
30/07/2024 08:10,7109,London,Autumn,21.667310511429815,51,6.460146866724788,58,50000,Rain,1007.4806461817034
15/04/2024 19:30,5736,London,Spring,25.893859947623294,69,22.82362326502053,42,751,Rain,1002.2917521416492
15/03/2024 06:30,8536,London,Unknown,13.89418348111717,80,7.387020972576968,25,9198,Rain,999.82604231627
27/12/2024 22:01,6234,London,Spring,5.9844085661645465,32,1.5495684720624592,27,943,Snow,1001.133877578048
05/06/2024 23:29,6489,London,Winter,28.071607059895733,87,26.82891807103184,16,1072,Clear,1005.7569868311646
29/06/2024 18:03,7232,London,Summer,27.337406673173845,25,2.93514281557988,53,50000,Rain,995.566495342324
19/07/2024 03:26,8469,London,Unknown,9.24219061700786,38,6.136470798993079,47,4611,Storm,1009.8815016042058
21/07/2024 04:34,8757,London,Winter,24.074093303321423,27,3.782770302846174,14,3595,Fog,998.1961145820176
06/12/2024 08:40,5868,London,Spring,9.691967402630796,42,12.88312874056658,47,50000,Clear,1007.5343269708956
14/07/2024 23:33,6553,London,Unknown,34.17374239301746,44,3.5777249289770445,41,7924,Clear,981.6696406137006
24/07/2024 21:23,7442,London,Unknown,25.966932381748396,37,11.550530066427124,22,9898,Storm,999.0732330414892
09/12/2024 18:44,5513,London,Autumn,12.20505607523504,62,2.8382551710763693,9,2720,Fog,998.136222372788
26/06/2024 06:09,7454,London,Winter,10.49245186094246,48,8.266040013045371,58,5255,Rain,1016.8578009575252
17/03/2024 05:40,8944,London,Winter,7.615719561436318,31,11.957659370652715,4,5987,Clear,990.3650974517644
25/06/2024 21:16,7590,London,Unknown,25.0422817478252,55,17.11738488665764,8,7374,Storm,988.197680560464
17/06/2024 16:23,6503,London,Spring,22.0414977156228,82,7.017693707805152,32,9163,Snow,996.4143178725049
16/04/2024 18:33,6552,London,Spring,36.8863041614357,29,2.490820972070337,46,4898,Clear,1007.3474234004764
12/11/2024 17:13,5651,London,Autumn,25.897872642856235,89,0.5357110103138973,43,9862,Snow,1011.4373172749728
08/05/2024 04:07,6875,London,Autumn,27.62739645639357,75,11.146039090120832,26,713,Rain,996.0650189890564
11/04/2024 23:55,6034,London,Autumn,18.88181961586773,34,9.50642301952124,2,3893,Clear,1003.7611149543836
29/05/2024 14:37,6329,London,Winter,14.140478020667963,42,20.623218227801598,51,846,Storm,994.4653797091368
16/04/2024 08:48,6645,London,Spring,23.960697637775635,86,14.900142985232431,27,6566,Fog,1009.262808781765
25/09/2024 14:30,7252,London,Winter,9.304054725367838,66,0.8796200548346595,52,875,Rain,995.4476558003696
14/08/2024 06:03,7359,London,Winter,3.058734450820033,49,7.815899044355893,56,5100,Clear,1009.1407152455288
28/04/2024 15:25,5226,London,Spring,3.9442030029727775,30,11.73042378583524,6,1505,Clear,999.4245618561964
02/06/2024 08:11,8786,London,Autumn,18.128430739335368,63,1.839717204481453,33,2164,Clear,996.9436546783406
09/12/2024 14:59,8586,London,Autumn,28.81224216229007,25,0.4678111653401577,33,450,Storm,998.0162984037456
12/04/2024 01:16,5513,London,Unknown,18.128430739335368,72,9.372485881141344,32,5726,Clear,1015.1021541160262
30/05/2024 06:18,6480,London,Spring,14.717534397885029,43,100.0,30,6979,Storm,994.827907447033
21/08/2024 15:22,8210,London,Summer,-0.733401852792209,69,9.867400608924658,52,4638,Snow,992.5770551489104
02/03/2024 09:21,7213,London,Autumn,23.15901141990624,85,2.6030182673618234,44,4766,Storm,1015.6717319718142
07/01/2024 21:47,8736,London,Unknown,29.154224732301472,23,0.3563204448232371,22,2286,Snow,984.1735796737632
10/03/2024 19:08,6920,London,Spring,12.170266080360705,34,5.674446888211346,8,6839,Fog,1008.6120082913668
03/10/2024 15:14,7226,London,Winter,15.851329480664258,77,11.356740349680436,42,8131,Fog,998.0997818165008
27/04/2024 12:08,6980,London,Winter,3.2315419033267787,30,9.400446161916,31,1871,Storm,1010.0269445067293
01/12/2024 18:02,5109,London,Winter,7.496221164019673,90,1.353734350855906,58,2204,Clear,987.7835288377058
27/05/2024 14:49,7812,London,Winter,13.00011966535827,80,150.0,19,7079,Clear,1016.6536370164628
19/09/2024 23:04,7853,London,Unknown,3.666653005644504,35,8.865906323635818,15,8554,Storm,998.8126857618172
19/04/2024 15:06,5095,London,Spring,10.25603118994901,53,3.5536276914896217,44,6800,Clear,999.2273620779164
21/10/2024 11:50,7084,London,Winter,22.123351291866804,35,10.90228715143829,52,7071,Fog,994.1528027685588
10/03/2024 15:36,8438,London,Autumn,9.645261925613845,71,200.0,13,1762,Fog,1012.4653527838154
28/08/2024 02:10,6700,London,Unknown,27.822552029711147,68,13.542588036287956,49,6737,Snow,996.7193371112594
16/02/2024 09:22,6132,London,Spring,28.46743462774236,88,2.346049742852041,58,8785,Clear,981.6650256133544
04/02/2024 02:34,5959,London,Winter,18.128430739335368,96,8.318054978160987,46,50000,Snow,1016.7754112286602
23/02/2024 19:11,8721,London,Summer,19.21030629215363,87,7.972749550234807,4,1213,Rain,1014.9244075703242
20/10/2024 11:02,5679,London,Spring,20.29550533297184,59,4.342114337630932,41,9735,Storm,1000.015557843901
27/03/2024 13:19,8705,London,Spring,9.028628374883883,51,150.0,37,1393,Rain,990.6467258460152
01/04/2024 23:15,6118,London,Spring,31.81606610550281,52,0.3224083033248206,48,2724,Fog,999.4061494959552
09/10/2024 14:14,6174,London,Unknown,25.73043760729829,81,12.9704106512238,25,9280,Storm,989.5867183316482
31/05/2024 00:33,8377,London,Winter,27.690569988939444,58,0.4717418133399089,24,9784,Storm,1003.544605371668
25/03/2024 14:12,5957,London,Autumn,18.128430739335368,39,0.019640059017969,35,2288,Rain,1018.7803774618632
29/08/2024 19:59,8969,London,Unknown,22.87418195444761,96,7.291637110461584,0,3784,Clear,999.2005036064812
09/03/2024 21:15,6217,London,Summer,5.674499596961626,76,13.521103652014745,28,9160,Snow,987.852466158083
13/04/2024 22:01,7857,London,Winter,24.072922540661462,89,6.843904537748417,6,2645,Rain,993.710146800808
10/09/2024 17:42,6066,London,Unknown,19.7857014921451,37,5.579148223634977,14,257,Clear,993.049339956522
12/06/2024 21:10,7996,London,Autumn,17.800304645960022,49,4.595204880463292,9,3940,Rain,1006.1162506972144
10/02/2024 04:42,7623,London,Summer,17.959305645007102,67,16.809603097282846,15,4488,Rain,1006.5249424697188
27/12/2024 09:22,8007,London,Spring,11.176904899987695,50,19.52657773933669,40,825,Fog,1021.7875388550596
17/09/2024 23:48,6750,London,Winter,18.92433898727377,52,10.106392337172185,16,903,Rain,1002.1427049675676
16/09/2024 06:48,5355,London,Summer,35.61907703983624,26,100.0,3,8451,Rain,995.1054223346248
28/05/2024 10:58,5306,London,Winter,15.077350103715837,44,0.1682742682909142,13,3623,Fog,999.8374111012982
30/06/2024 08:56,6801,London,Spring,9.332861110317332,75,8.160753124836337,3,9611,Fog,1000.6803203857336
20/10/2024 09:07,8959,London,Summer,3.950991437556079,30,5.146179862907443,27,5169,Rain,994.0533044115972
10/09/2024 03:55,5566,London,Spring,3.522769371000628,85,9.380536349478302,31,3787,Storm,997.118666777338
08/12/2024 05:21,7136,London,Spring,22.563858280847768,35,5.317662062180928,27,6372,Rain,997.679505455482
06/05/2024 20:50,7117,London,Spring,5.746287993114798,43,15.459116180387095,15,8566,Clear,1014.2726910233222
19/06/2024 06:53,5468,London,Unknown,21.603357640642628,59,7.848696203860976,20,850,Fog,1003.4333578870172
19/11/2024 19:16,8412,London,Winter,16.98141524203161,79,9.906546858707458,3,9468,Rain,1010.6472735100002
28/01/2024 18:33,7991,London,Autumn,13.440395397397769,58,7.811594819905448,0,3470,Fog,997.579135874668
22/10/2024 14:39,5877,London,Autumn,13.390997292908336,26,12.213195462228889,17,4536,Rain,1018.4427612118868
13/09/2024 08:26,5865,London,Autumn,32.32695599983006,77,17.778399737179093,51,2323,Fog,986.4805916165312
07/09/2024 14:12,8775,London,Unknown,11.103280244368918,61,8.492245383890904,15,9599,Fog,1001.4043071958478
23/12/2024 17:34,7716,London,Summer,44.02243112552567,22,1.3594464096368624,35,2059,Fog,995.339941138272
26/07/2024 11:07,6376,London,Spring,8.424693588221,51,14.192429645943236,20,1780,Rain,996.5187583298908
13/05/2024 20:22,5187,London,Summer,9.860321023855663,35,4.89416560760305,58,191,Fog,1010.7457752677068
11/04/2024 13:22,7191,London,Winter,31.252029982939327,46,9.897784792085798,8,8845,Rain,997.8390982093464
15/03/2024 19:21,8508,London,Spring,23.27413790384365,29,3.4627423516791342,35,2123,Rain,997.028516506504
26/07/2024 10:12,7016,London,Spring,6.932660538434067,73,11.528978208758124,47,5417,Fog,1012.9146254531508
16/08/2024 08:59,8175,London,Autumn,18.128430739335368,48,10.707470317071785,37,9950,Rain,998.6243072683824
12/02/2024 12:23,5877,London,Autumn,39.56110410967923,87,3.267875229921502,9,7068,Rain,1011.3406062006792
13/12/2024 06:58,5233,London,Spring,18.128430739335368,97,7.6087985689547,36,3308,Clear,988.9068465016232
11/07/2024 22:13,5051,London,Summer,18.128430739335368,83,14.43036929068893,52,7372,Clear,1003.6603349219084
31/05/2024 04:15,6992,London,Summer,-9.492285565074615,67,7.069454237410575,19,9173,Fog,1000.3040927724336
15/01/2024 09:25,8172,London,Winter,3.577260842151519,30,0.1001686886290391,5,2069,Rain,990.098143025686
21/01/2024 00:07,5248,London,Autumn,35.99080165307224,81,8.606005247286774,18,6853,Fog,1002.5705795937744
03/09/2024 23:31,5228,London,Unknown,13.108525367375254,55,24.164997980935333,50,3752,Fog,1008.5162196889032
05/06/2024 11:48,8101,London,Unknown,33.53638109669451,43,4.742761409275776,1,235,Rain,1009.9838710021857
06/01/2024 09:08,8888,London,Autumn,20.860574526468344,86,5.644936553609592,27,5827,Rain,1003.3153479708892
09/10/2024 18:06,8835,London,Summer,4.48560108523666,54,4.35281786914174,12,4006,Storm,994.6282384258822
29/11/2024 04:12,5456,London,Autumn,18.671351657433792,85,3.039418010579835,23,8694,Rain,998.3942885666064
21/08/2024 13:40,8561,London,Autumn,16.158279358281703,66,3.767815833280509,17,838,Fog,999.1486930638764
06/02/2024 20:58,7284,London,Autumn,35.16153236815177,78,4.509635595049838,23,4876,Clear,1002.6196384337668
17/06/2024 12:04,6347,London,Spring,30.72856854725564,94,2.2959049493992696,59,4124,Clear,1010.1468251733012
30/07/2024 04:41,8582,London,Summer,23.916478840923823,40,0.8435229038878571,1,3937,Rain,1011.7016532613676
29/10/2024 21:41,7219,London,Summer,9.64600218332285,35,2.049266135150965,34,9601,Rain,1011.010571661109
14/05/2024 08:55,6111,London,Autumn,3.251843037835272,72,5.140995987129081,27,6472,Fog,993.6484378937683
04/04/2024 16:32,8397,London,Autumn,13.835753682109084,63,9.131727438523264,10,7656,Snow,989.864886743963
07/03/2024 06:46,8571,London,Summer,21.278161541663035,98,12.60029068313439,30,103,Snow,1010.9094308865848
29/04/2024 10:01,8546,London,Summer,19.644675287215936,47,200.0,29,8979,Storm,1002.6299013539748
02/05/2024 21:37,8921,London,Autumn,26.526183532834743,89,4.203547800255927,54,6374,Storm,990.0448218155484
30/08/2024 20:24,6900,London,Summer,18.16719404047109,58,1.7012097497777527,40,613,Storm,991.6467558736484
06/10/2024 01:16,7691,London,Summer,28.02413346966973,75,1.669910617425984,42,6116,Snow,1004.1543679780918
17/06/2024 19:15,8021,London,Spring,15.039042028579525,89,3.915950176574629,17,1358,Rain,994.8708931245018
07/12/2024 06:50,8757,London,Autumn,20.287760362321315,82,10.449957381600296,47,7461,Clear,1009.4592562008752
14/02/2024 08:52,7409,London,Spring,17.866142059260916,28,1.3687033932801338,19,7399,Storm,1008.5909741383108
16/02/2024 17:28,7722,London,Unknown,6.952152672448964,37,5.611007308743206,26,6589,Clear,986.4411872447622
05/10/2024 01:31,7782,London,Spring,2.908475398995151,83,1.0690082686983695,28,1937,Rain,1005.875074273282
23/01/2024 11:47,7254,London,Spring,21.038111549410864,64,17.765383783862553,37,1123,Rain,1004.9060610106842
09/09/2024 19:37,6040,London,Autumn,18.3792450483013,32,29.887605477426124,42,5341,Rain,986.1745538788906
12/06/2024 02:45,8107,London,Spring,12.776533844212697,34,7.65306873684724,30,6190,Snow,989.3469315983943
14/11/2024 18:23,6709,London,Unknown,16.36506987268846,68,14.27237549262317,38,406,Storm,993.3548946067136
14/03/2024 12:15,7742,London,Unknown,20.067385280075207,74,2.7896346083021872,1,6834,Snow,1006.3501634940224
14/08/2024 19:18,5224,London,Summer,14.060677360882435,93,5.158906035999721,35,3097,Snow,995.1927056349692
29/03/2024 12:53,7653,London,Spring,18.128430739335368,75,2.909694410702297,43,8966,Rain,1007.8688237556602
06/11/2024 13:05,7197,London,Autumn,13.044514632902317,68,4.281900657477523,27,50000,Rain,984.3335498912986
11/07/2024 23:52,5254,London,Summer,31.191461296375696,98,5.442999129035545,48,5357,Clear,1018.2630956907306
04/09/2024 06:22,7199,London,Unknown,22.074196441905745,91,3.6432993690571873,40,8426,Storm,984.6529043945322
12/04/2024 19:51,8399,London,Autumn,21.677251726241792,77,0.1745380029685632,38,5979,Fog,1000.0654532982225
28/03/2024 11:46,8822,London,Autumn,32.92082830250525,70,7.134787163691282,32,5862,Snow,1012.903380140613
11/05/2024 08:35,5064,London,Spring,-3.738521228699554,79,1.5513944082764055,16,8465,Clear,1001.9393747112996
18/01/2024 07:23,5194,London,Spring,26.52425326313993,48,5.271412431084784,55,8820,Clear,983.1244587916397
06/03/2024 21:59,5741,London,Spring,13.575082720316765,46,13.749434182252635,21,6479,Clear,1005.0942048128576
25/09/2024 19:24,8619,London,Unknown,5.096269033630406,56,7.132982980468223,26,1033,Snow,998.657550986025
04/09/2024 07:38,6920,London,Unknown,11.469521627684331,53,14.393151105983522,25,5249,Snow,999.8017638409216
06/04/2024 05:39,8383,London,Unknown,29.81376713605542,77,1.6131613993136042,48,7539,Rain,1005.8289903707991
30/12/2024 19:42,8750,London,Summer,23.59381120285923,74,3.4387690142306813,36,6686,Rain,994.334270148726
23/09/2024 01:01,7605,London,Unknown,25.15316806305996,73,6.62286413017973,52,7788,Rain,992.4958952660332
27/07/2024 21:12,8678,London,Spring,15.016327515856206,27,20.877380595169395,53,6424,Rain,984.8412481953122
12/03/2024 00:14,5027,London,Unknown,14.995424402341357,82,12.63296965474082,23,1978,Snow,988.6649847050878
08/08/2024 19:01,8706,London,Unknown,23.88439654347811,61,1.1759122047225654,11,4772,Clear,992.5465484015212
27/02/2024 15:26,6443,London,Summer,26.63532113298397,70,100.0,55,6023,Rain,1002.1847607505072
22/06/2024 23:45,6708,London,Autumn,29.95525428715428,57,3.75096234712532,14,8856,Clear,1006.8136958789167
16/06/2024 15:53,5523,London,Winter,21.43669500063017,46,1.360770062504956,33,7959,Fog,1001.9406232681976
08/02/2024 01:21,6016,London,Autumn,20.61759949985425,96,2.2086434601258707,5,7873,Rain,984.3415265747414
24/08/2024 08:34,8434,London,Summer,14.199502236957166,89,7.593278305647066,55,680,Clear,991.9493097842478
24/11/2024 01:51,7302,London,Summer,-3.172446731764232,96,4.313793778591187,7,3680,Rain,1005.6415622145372
29/12/2024 23:17,6387,London,Winter,16.42848261436625,43,2.5054153197145337,44,8684,Clear,1006.6961554958054
29/03/2024 01:52,5648,London,Spring,20.359467163440627,91,6.159101616396747,32,7371,Fog,993.8871711939752
30/11/2024 04:45,5629,London,Summer,20.77324513583136,83,19.416206935488493,14,3599,Rain,1011.2591825490548
04/05/2024 01:00,6087,London,Summer,19.39434115149868,66,11.155471368321653,24,9040,Rain,998.7634567802768
21/09/2024 17:41,6147,London,Spring,10.98129357014431,97,5.265109133336439,1,5748,Snow,1010.345639694822
13/10/2024 06:39,7862,London,Autumn,15.441773893383685,79,2.6446451878867325,55,1192,Clear,976.5190293960236
05/07/2024 09:18,8748,London,Autumn,15.416069887240932,45,15.827661523926398,31,5509,Rain,1018.711126873722
11/09/2024 17:45,5999,London,Summer,20.63811339033104,58,8.216270189877456,10,2126,Clear,1003.4870863843356
24/10/2024 22:35,6723,London,Autumn,34.19863079206448,61,7.146919901488825,24,220,Clear,985.5138470296037
14/03/2024 03:04,7698,London,Summer,60.0,97,10.058251746237486,18,6517,Rain,1007.1198765711348
10/02/2024 20:29,6964,London,Winter,20.33835828267753,55,11.55596795402259,58,6266,Rain,1011.9209719016258
06/02/2024 19:29,8073,London,Summer,7.65132948588144,22,10.3920292197888,37,1089,Clear,1003.2351519328912
07/01/2024 02:34,8884,London,Spring,15.60254880841751,80,150.0,16,861,Clear,1003.4746427918004
17/06/2024 23:50,7409,London,Spring,18.128430739335368,94,12.73395088944817,50,4105,Fog,976.704713713258
23/03/2024 23:22,6051,London,Winter,4.501456604987684,48,17.084942198152078,51,6751,Rain,993.3108717299616
18/02/2024 23:27,7596,London,Summer,21.69379392525789,85,4.565109639250355,18,5277,Clear,993.7590370847752
17/06/2024 04:10,6823,London,Unknown,15.765812337348963,42,6.09450928713637,54,4968,Clear,993.6842443791307
20/03/2024 13:12,8235,London,Autumn,18.02740629973447,28,2.833159895915511,4,4158,Fog,1008.9891766312114
28/01/2024 19:21,8571,London,Autumn,8.027900961472797,25,4.826465132447167,54,4599,Fog,1005.0478706942272
18/08/2024 08:47,7633,London,Autumn,3.891139489854078,21,5.905744396848633,27,7380,Storm,991.1973805641084
11/06/2024 01:51,7337,London,Unknown,14.937365868250891,65,0.6488900952179639,25,2661,Rain,996.7156571330032
12/01/2024 05:25,5519,London,Unknown,22.370929875931004,72,8.04427663766706,43,2672,Storm,996.6179282701952
07/06/2024 23:59,5914,London,Summer,23.530139605794293,82,21.008009266382658,45,1865,Snow,989.369129187441
16/08/2024 09:27,6168,London,Autumn,25.175555891688653,83,7.334324565970125,56,7048,Rain,992.890688330834
04/01/2024 19:01,8396,London,Unknown,9.919952509701629,25,7.542364783167892,35,4735,Storm,992.9770847148473
21/02/2024 07:37,8541,London,Autumn,7.919872005687351,20,7.078267189058861,58,9105,Fog,988.9251244349892
30/06/2024 18:20,5193,London,Spring,13.217201686579909,35,9.39953591245482,55,6872,Snow,1009.0554366037472
05/02/2024 13:02,6576,London,Spring,35.12770086696092,62,7.329182748297796,55,8577,Fog,985.5956384480093
24/03/2024 11:02,6975,London,Spring,6.021283398898211,57,4.637924476113782,20,5130,Fog,994.5863814165996
28/04/2024 01:29,6504,London,Summer,20.48932745043032,67,4.670391233488093,37,1764,Storm,1004.520423823296
10/09/2024 10:16,5753,London,Autumn,10.428129895895562,44,29.94812632152357,8,2046,Rain,978.6551877227542
26/08/2024 22:39,7016,London,Summer,22.84522014227416,92,1.666031616442024,50,6383,Storm,1012.066196815024
21/01/2024 22:04,6596,London,Unknown,18.128430739335368,37,2.0842856096241755,11,6682,Snow,1009.9821482929284
15/12/2024 05:57,6534,London,Spring,16.261277483058027,25,1.7779901905209448,56,4743,Fog,997.0159045511842
25/05/2024 13:05,5997,London,Summer,19.755107118821854,49,0.637769197673201,59,8330,Clear,997.8602432325335
12/04/2024 13:17,5512,London,Unknown,8.169854746354744,89,3.702926571013327,11,2204,Rain,999.5172499054422
16/02/2024 22:38,8481,London,Spring,20.777945531991527,57,3.6979210887733007,47,8116,Rain,1000.782876067826
21/05/2024 16:07,8565,London,Winter,16.135165042983132,97,10.15513472897985,21,6317,Snow,1000.2079602417208
04/09/2024 09:49,6994,London,Winter,27.388429594898923,29,13.329114000740418,52,883,Fog,991.9534392097496
28/02/2024 22:46,5878,London,Winter,19.93285978388447,54,13.667763829815623,35,4560,Rain,1014.120909707316
19/02/2024 07:17,8442,London,Spring,1.8767376501578283,56,15.909815749054106,12,3313,Rain,982.8636316416312
02/05/2024 22:15,5025,London,Autumn,27.322513761383785,70,4.560658372349328,41,3910,Clear,997.95794374385
30/07/2024 03:47,8249,London,Winter,14.995419784497066,46,6.415471079085028,48,8489,Storm,996.202434321626
13/04/2024 14:45,5485,London,Winter,32.64999942727462,76,11.95233566904162,15,4790,Rain,995.5313885406374
27/11/2024 12:53,5698,London,Winter,29.99606093474218,48,21.214651340819525,41,880,Rain,1010.6826240718758
20/01/2024 20:24,5834,London,Autumn,14.840600391608197,73,6.2069234544078,26,3720,Storm,999.7272532784034
07/11/2024 08:26,8607,London,Autumn,33.27543130085565,51,1.3350397301062549,32,632,Storm,1005.3859901325928
21/09/2024 13:51,5797,London,Summer,28.98377857255919,22,0.6592987165873785,25,5402,Rain,1035.5494957248434
30/05/2024 00:36,5361,London,Summer,12.136542427977968,57,200.0,57,7123,Storm,1003.0755428508412
12/06/2024 06:17,7973,London,Unknown,21.97779263406958,54,100.0,36,5561,Fog,995.8951105171182
31/01/2024 13:48,5242,London,Autumn,18.128430739335368,24,8.339175165789477,26,883,Snow,992.7737805386768
23/09/2024 09:18,7503,London,Winter,60.0,52,100.0,0,1439,Clear,995.1517719644222
21/01/2024 00:31,6240,London,Spring,19.531163611704745,34,9.41735169494737,15,9604,Rain,1017.825741533116
26/03/2024 09:31,8905,London,Summer,20.513917647609155,87,4.08056781041845,19,5994,Rain,998.0386008934336
24/08/2024 00:23,7249,London,Winter,7.71239198609409,57,0.7324101363745115,17,3885,Fog,1001.5187650350144
07/03/2024 23:52,7989,London,Winter,15.87938733484641,56,16.859047274928976,15,9756,Rain,1012.4127806697836
28/05/2024 08:47,5701,London,Spring,14.745436071953916,20,6.086804701985736,57,8448,Clear,983.5843101750576
20/10/2024 11:59,5368,London,Unknown,35.281632257620466,36,3.2189964136612623,32,7817,Snow,988.923074246848
04/01/2024 01:32,6180,London,Winter,29.114772060444903,36,0.8561200224932017,41,8082,Rain,985.9671687047984
07/10/2024 19:31,8762,London,Summer,19.38862866546616,93,13.657331155710937,2,536,Storm,1007.605222074446
03/09/2024 10:19,7577,London,Spring,26.941202444046574,77,8.707187469029249,41,6833,Rain,999.602636322018
24/06/2024 11:46,7432,London,Unknown,29.11438593978828,76,5.993424408196704,26,9821,Storm,1010.0607227867656
16/11/2024 02:37,8352,London,Unknown,30.552269615567187,57,16.736720506966684,45,4216,Rain,981.5353958962834
09/07/2024 02:32,5265,London,Winter,5.203539855018766,90,4.575969961645271,18,5191,Rain,1000.051933264616
07/03/2024 02:22,5129,London,Spring,1.8720709839574496,99,6.58442248694311,3,112,Rain,994.8177091820796
23/10/2024 20:43,8131,London,Summer,13.372538591323949,52,1.915165446040886,33,9891,Fog,997.8910749066354
04/10/2024 08:13,5210,London,Unknown,22.206818211990704,97,13.55696663726417,36,2278,Storm,1015.1907037003676
30/10/2024 23:47,5992,London,Winter,14.393757694665826,87,0.5530317321193658,59,4402,Rain,1004.2405492007684
09/02/2024 16:33,6771,London,Winter,19.846465968465576,36,19.34759866412676,26,4232,Rain,1006.9313670480392
20/04/2024 00:01,8618,London,Autumn,23.54065865192418,78,22.02681346478486,21,4914,Rain,1004.3155741433768
10/07/2024 01:02,7002,London,Autumn,22.74539782588598,62,10.591746593092918,25,3701,Rain,1003.3905609630102
05/08/2024 19:44,8194,London,Unknown,22.694994574678333,25,2.7986876505497813,7,6035,Rain,1015.0998320780764
18/11/2024 14:19,5475,London,Autumn,38.93286356292905,77,1.5329807540045088,53,50000,Fog,997.9142922861836
23/12/2024 09:34,8793,London,Unknown,21.048106380506088,54,5.844931583306527,30,4100,Storm,1010.2220625121404
31/08/2024 21:05,8248,London,Autumn,20.73159790380377,83,4.525898725290526,45,2337,Rain,997.167737066886
11/08/2024 22:27,7691,London,Unknown,11.499438308757128,37,13.925692086039485,8,4285,Rain,1000.0052591079976
24/05/2024 15:50,6098,London,Summer,9.74932807724478,99,6.949659525464758,26,4790,Rain,1006.0242926794022
31/07/2024 07:39,7739,London,Unknown,20.17194488573605,30,6.458817096955302,53,1515,Rain,996.936971710944
16/03/2024 11:08,6272,London,Summer,25.48245624382257,45,6.370304379809305,46,7877,Rain,997.2183387764276
15/02/2024 13:18,5187,London,Autumn,28.32999155093971,22,10.422267132006125,24,6635,Fog,975.1267712874738
29/07/2024 13:51,8372,London,Summer,19.0549872238294,65,3.933069851404439,58,9771,Clear,994.3239265396423
09/09/2024 12:44,6199,London,Autumn,33.92382014979328,51,8.445884653766917,40,3767,Storm,998.9202167037788
28/06/2024 20:49,8322,London,Winter,14.0027973057595,52,18.42754683171256,16,8365,Rain,978.9463120779284
20/12/2024 15:31,8683,London,Autumn,17.230380781033844,85,11.276017698294044,17,170,Fog,1004.1305165385256
03/12/2024 09:37,5875,London,Unknown,20.099493546399152,90,16.156286765070774,9,497,Fog,1014.9974363547012
17/06/2024 08:25,6940,London,Winter,20.090506034702173,93,2.45289677165506,11,6342,Storm,971.335066859884
08/04/2024 14:15,7144,London,Autumn,23.097288268928644,44,4.296570337310549,15,8741,Fog,987.0357252023192
05/11/2024 19:32,6580,London,Autumn,10.462925748655351,43,2.782546067825628,0,9061,Clear,991.6369649294752
01/08/2024 13:15,5966,London,Winter,26.85420256340717,34,15.335287052649075,19,3809,Snow,1003.7403236531916
07/09/2024 13:42,8578,London,Summer,16.78309944057675,86,6.286779305525241,18,4704,Rain,993.9785910159026
13/07/2024 13:11,6110,London,Winter,13.977448710993578,24,5.843729416233764,29,5565,Clear,1020.1369560855971
02/11/2024 00:32,7066,London,Winter,32.284713732127145,40,2.2317838729620343,51,6532,Storm,1002.1383964286116
10/07/2024 14:31,6243,London,Spring,22.63727124861385,48,14.414019432270088,34,1162,Fog,1023.0160968437986
01/02/2024 18:38,8128,London,Unknown,18.128430739335368,55,2.237047076726551,54,8027,Rain,993.5248671152513
14/09/2024 20:50,7961,London,Winter,-7.284194927750534,73,10.746175552975014,19,2003,Fog,1008.320217591728
01/05/2024 19:00,5592,London,Autumn,23.960599085833223,36,14.244790669067877,57,7929,Rain,989.55674303601
18/04/2024 18:24,8456,London,Unknown,9.923941604377127,56,8.69702452149224,56,4454,Rain,999.8650258334322
04/05/2024 03:34,6945,London,Spring,34.66115978664118,78,24.030226305459035,48,2278,Rain,999.043119128358
04/09/2024 17:16,7031,London,Winter,15.448828762398902,67,11.01705548300002,40,2952,Snow,991.012643326761
22/12/2024 14:30,6368,London,Summer,-5.787393689491637,64,28.400532372170307,10,541,Snow,993.061093955532
23/05/2024 00:31,5767,London,Unknown,4.323852232516575,26,6.214582840443381,47,3922,Rain,985.6616104379858
26/10/2024 12:37,8166,London,Winter,7.280724132661671,53,10.129117292576368,18,3448,Rain,1013.3430278558196
02/09/2024 05:36,6614,London,Summer,13.510455761823186,45,7.201354913682026,22,9596,Storm,1008.9823109521049
29/09/2024 02:34,7527,London,Winter,3.491080871535232,66,8.966896181599239,19,6395,Fog,994.8324490953808
29/12/2024 07:46,8581,London,Unknown,21.231697133092464,81,17.212881391089113,31,3710,Rain,1018.6218834394974
12/06/2024 13:44,8851,London,Unknown,19.437252847967034,81,17.92776645735154,18,2979,Snow,974.9441397905932
12/12/2024 16:23,6976,London,Unknown,29.554430494786917,20,12.166977654241045,15,1036,Rain,1002.496669823178
02/10/2024 00:39,5940,London,Autumn,14.60153017584726,43,14.272809783962108,31,2501,Fog,1019.7240197979324
17/04/2024 02:15,6285,London,Unknown,18.128430739335368,45,4.175083242038946,9,994,Clear,987.1668416221736
24/10/2024 14:31,5768,London,Winter,27.57062382970674,58,3.086332768225029,4,5056,Rain,1007.5215981954244
24/08/2024 11:45,6024,London,Unknown,24.975835795537648,48,2.183754043099005,53,6334,Clear,1008.797037031316
02/03/2024 02:47,5377,London,Autumn,25.794122489178967,66,0.6798262793201806,50,3647,Storm,999.9172456193136
30/03/2024 23:45,7989,London,Autumn,-30.0,94,9.304561314207312,15,2683,Snow,1001.9223118433586
13/07/2024 16:29,8923,London,Winter,21.13643011174816,38,12.169728785501386,27,9404,Fog,1009.3211246336748
08/08/2024 10:19,5488,London,Autumn,29.923793153795287,98,0.5904813357078265,34,9822,Rain,997.9388187444982
13/01/2024 03:56,7925,London,Unknown,9.744517176582429,85,9.307783075194475,57,6715,Clear,1011.5871674466348
21/05/2024 12:35,6489,London,Spring,18.73038364911843,83,5.246486794476018,14,7671,Rain,997.948566635154
04/09/2024 05:19,5555,London,Winter,10.913729641011232,87,11.745351514481058,55,4188,Storm,988.8454107467438
08/11/2024 10:41,5948,London,Summer,25.505766050355945,63,3.757867500542704,10,8415,Rain,1010.876509435344
20/03/2024 15:32,5981,London,Autumn,18.128430739335368,49,9.990253543474989,38,9564,Storm,992.8093770139576
05/03/2024 00:00,6204,London,Unknown,14.859282412602605,48,5.30800029207172,28,4503,Rain,996.129027801327
04/01/2024 16:43,7766,London,Spring,7.207803460171146,83,0.665131464162152,30,50000,Storm,1016.6482774244204
21/07/2024 17:56,5006,London,Unknown,11.691720221424497,22,11.480458905433135,40,6607,Storm,994.6999457008344
18/06/2024 13:31,6729,London,Summer,25.72262442688823,27,17.644996590240147,57,50000,Storm,985.3609303408208
24/06/2024 22:26,6700,London,Unknown,23.04960802623457,82,14.582593855451744,29,2466,Snow,1002.7184367927948
14/03/2024 12:47,8743,London,Summer,17.86635134560525,53,3.845455239452024,54,6484,Clear,992.7466727477446
08/07/2024 00:54,7903,London,Unknown,13.44326326489668,39,1.895202773822037,51,7929,Clear,992.9046613822148
11/09/2024 02:46,7470,London,Unknown,14.702904502838065,32,11.147163597893387,58,675,Clear,969.5002422262476
03/08/2024 07:06,5717,London,Unknown,0.3301001178714706,29,7.269347211343715,22,2466,Storm,998.7125410065815
28/03/2024 08:28,7541,London,Summer,26.677254678977945,98,6.835507806681185,16,658,Fog,990.2920035248552
25/01/2024 11:03,8263,London,Spring,10.486700762211804,62,10.459359909250477,21,5133,Storm,1008.0117849906222
24/01/2024 09:00,7599,London,Winter,18.128430739335368,94,8.370304720058227,53,5448,Rain,989.990791345315
26/04/2024 11:51,5278,London,Spring,27.651406954816768,71,10.06029444506228,21,8599,Clear,990.8158628714344
21/04/2024 13:56,5741,London,Winter,18.128430739335368,29,1.3785211204728496,49,6109,Rain,1007.225185921047
13/10/2024 13:22,5919,London,Spring,14.012539207777484,97,9.495985064955654,47,2791,Rain,993.7172635541916
08/05/2024 11:19,6514,London,Spring,19.728334831593244,78,3.32929863195369,42,6729,Storm,993.1626259840468
14/03/2024 14:49,8038,London,Spring,-18.0160426361953,26,16.510021631413604,19,1292,Clear,1002.3228100726488
12/03/2024 09:17,5376,London,Unknown,19.24717266769932,78,6.213617831715319,28,6308,Snow,1003.9809284097538
13/09/2024 12:13,7424,London,Winter,33.93229388177144,45,4.666828249928429,15,1501,Rain,1007.944027008892
23/09/2024 20:05,7185,London,Unknown,17.018842481257288,84,5.698983519394129,52,6044,Snow,1005.9375440718349
11/03/2024 02:02,8078,London,Spring,18.128430739335368,70,1.612772222390289,33,6954,Clear,1002.4849627229636
05/07/2024 09:42,8868,London,Spring,13.569372476587102,79,14.053738667707632,20,2472,Snow,994.006170615999
28/03/2024 15:08,5256,London,Summer,15.705707541173354,98,3.604480474029084,56,9203,Rain,999.8992032269758
24/06/2024 08:13,5581,London,Autumn,6.636641820215921,98,20.6298707537738,35,2316,Storm,1006.9366072362848
30/09/2024 21:44,8176,London,Autumn,18.128430739335368,98,8.212092986877922,54,4105,Clear,993.1696262548496
06/02/2024 04:13,8190,London,Autumn,39.574080642046056,41,6.591703420340064,27,9877,Snow,1000.2458169880526
25/02/2024 23:23,5614,London,Unknown,15.48858356921254,81,1.3561763163188951,52,4298,Clear,1004.7980821394938
16/06/2024 08:12,8443,London,Winter,26.05698288520786,55,12.993701335976963,22,3530,Rain,985.767460583088
12/02/2024 23:46,8636,London,Spring,12.134464123606383,79,5.443299022775836,23,3041,Snow,997.1095368267546
14/01/2024 21:49,7186,London,Autumn,9.104373893535742,96,7.981755896888901,24,5189,Storm,1013.042101519964
20/11/2024 09:16,7516,London,Spring,18.174065975996548,97,3.2725483584100576,0,50000,Storm,991.9708407495322
19/01/2024 08:53,6376,London,Unknown,-0.8714298974237167,42,6.189020759122936,4,712,Rain,1005.6524697508517
04/01/2024 12:59,5237,London,Autumn,4.752831182691125,21,10.717124750872324,50,3584,Storm,1031.9745081258195
23/02/2024 02:21,8299,London,Spring,2.0067623871967903,76,3.1370184513410955,31,9304,Storm,1008.161581796226
25/12/2024 16:29,6982,London,Spring,0.4311776949807786,29,2.4680200822528597,49,8752,Rain,1005.314546793298
25/03/2024 21:16,8713,London,Unknown,2.6773223347574278,85,150.0,24,2804,Storm,985.9355807890588
16/03/2024 07:09,7069,London,Winter,42.43314082419434,93,10.5974202193208,44,4307,Clear,1003.0797564050084
17/04/2024 18:14,7894,London,Winter,4.045618027552104,44,3.810310094821497,56,1394,Clear,991.5926363272988
17/09/2024 18:48,5232,London,Summer,18.603818435936272,23,7.719721825483017,51,7308,Storm,1003.0123322072558
04/05/2024 16:57,5018,London,Autumn,4.615399900297657,98,100.0,41,5293,Rain,1002.7715839643934
26/04/2024 20:50,8095,London,Summer,22.91306356029144,75,14.05582036672876,16,9777,Fog,993.1468232078072
30/10/2024 08:16,6136,London,Summer,10.401655710111823,53,0.2352565357885181,38,9157,Rain,1005.9406740393528
21/09/2024 07:07,7405,London,Autumn,18.94917493043504,67,4.2141772981466055,58,2068,Fog,1012.0631600887708
10/03/2024 01:48,6423,London,Spring,18.24393047830425,82,8.594840817583322,43,6083,Snow,996.2843017785318
24/03/2024 20:49,5938,London,Spring,16.660958412647357,48,4.289738845139683,1,1735,Clear,985.0268903619412
21/12/2024 04:45,6686,London,Spring,13.450079931129936,72,10.075424280457865,37,7456,Clear,1001.2316326828816
26/04/2024 20:29,7523,London,Summer,20.446736055670677,63,5.596054895569114,51,251,Storm,998.2408279193464
31/01/2024 00:08,8818,London,Unknown,60.0,41,21.49849598730963,53,1091,Snow,977.2742311694448
16/07/2024 04:54,6529,London,Winter,39.87493036420841,40,5.229996961761408,59,7904,Rain,1014.242072877082
14/04/2024 02:21,7229,London,Unknown,18.79132190554199,82,4.029894481783543,55,6139,Snow,993.741286644374
26/02/2024 13:35,6665,London,Unknown,22.984933133274183,50,17.843867253857752,26,2231,Clear,1016.4148645846906
10/07/2024 16:10,7990,London,Winter,30.246585198335893,89,16.484943099377737,22,5606,Fog,992.1831594453045
02/10/2024 01:25,7212,London,Spring,25.613953328785893,29,2.6622213532360126,49,7975,Snow,994.0933725747132
15/10/2024 10:15,6208,London,Unknown,23.461108573144315,83,6.696301255855898,43,2221,Clear,997.0622882856997
11/02/2024 06:44,6848,London,Spring,30.533490727579437,64,9.708552696338312,46,8732,Rain,1011.6901939692956
07/02/2024 10:28,5937,London,Unknown,19.1214229064992,75,8.838022093207458,18,9686,Snow,1010.7942862753914
22/05/2024 04:02,7228,London,Summer,18.51191778370746,79,12.874609697279316,30,50000,Rain,995.9407331838776
01/09/2024 17:17,6605,London,Unknown,27.027175498786757,48,15.979047247148124,39,6158,Fog,983.10451110248
26/12/2024 14:29,7318,London,Unknown,34.28390964596268,49,3.0207908804787227,4,5987,Clear,980.7260684498287
16/12/2024 23:03,7405,London,Winter,48.15389564811258,78,8.414266093283532,5,6997,Clear,1011.7806899656312
28/05/2024 13:03,5304,London,Winter,12.95295946038615,58,7.549056882529103,47,9380,Rain,1005.5212605694792
01/07/2024 00:14,8960,London,Autumn,29.28161083401041,94,7.350112899227778,36,2996,Snow,998.7102496672636
21/07/2024 20:26,6955,London,Autumn,29.33369528839364,85,2.561908755261268,39,2113,Rain,1000.8456437299438
01/11/2024 17:51,6732,London,Winter,23.14486435661826,44,2.071335677244771,27,4316,Storm,1006.5169580506648
15/08/2024 07:40,5083,London,Unknown,23.62564133352948,91,12.398770784171848,26,6032,Snow,1003.6223749685432
29/07/2024 04:28,8461,London,Autumn,10.748029883570211,47,13.830851148174574,40,9488,Fog,1003.02742684857
15/01/2024 15:59,5569,London,Winter,15.878157031362903,24,9.333047165089976,42,4167,Snow,999.9807915383788
04/03/2024 05:29,8166,London,Autumn,16.38500432247395,52,7.645962056096577,9,7836,Fog,995.6376301507574
09/10/2024 17:53,5013,London,Unknown,15.49431610881336,48,200.0,26,3324,Fog,995.8402338610535
14/09/2024 10:51,5030,London,Winter,15.680626328446056,66,7.825722951284687,5,7903,Snow,1003.6545706692814
07/11/2024 03:13,7983,London,Spring,14.468612540218093,63,2.232041990634118,40,6207,Snow,987.9674131898242
14/01/2024 23:18,5459,London,Winter,22.86541982860163,60,0.0243908837246618,43,7763,Rain,990.1206649224756
12/08/2024 09:59,7149,London,Summer,22.722713743794127,74,9.064658157904518,38,3027,Snow,1010.1220811221276
03/12/2024 02:10,8002,London,Summer,16.748469628351543,25,4.889455831532996,20,9347,Rain,983.6411634965034
28/12/2024 23:59,5650,London,Spring,17.610435710485177,51,6.001331188375128,22,9773,Snow,1016.8810511707178
16/02/2024 22:13,6692,London,Spring,18.134798747052663,56,2.7853272907748425,8,3263,Rain,999.021779687638
21/12/2024 03:48,5954,London,Summer,17.770631886725923,48,10.49743887256214,5,2958,Snow,1009.0216095845884
30/09/2024 15:57,7164,London,Autumn,27.734339958359904,83,13.183552992348512,20,6790,Fog,988.803393868813
23/12/2024 12:06,5762,London,Winter,19.62779616661047,87,13.391858934519542,48,50000,Storm,1001.9140741715956
22/05/2024 00:54,6483,London,Winter,16.01488866577833,41,4.9593686552438605,23,9147,Storm,993.900732282152
04/05/2024 06:43,7613,London,Summer,7.056559241879516,61,1.7798237951273217,28,2843,Fog,1000.6835766956716
07/12/2024 18:41,8884,London,Spring,26.12167990883671,24,2.6413107817783805,31,9879,Rain,985.6233236187744
15/02/2024 21:35,7051,London,Unknown,1.063062777378569,63,2.0515960410375023,8,8438,Storm,1016.6001219674908
20/07/2024 06:08,6537,London,Summer,18.128430739335368,90,16.137878291118678,47,1910,Snow,982.8545244276352
18/07/2024 17:44,7298,London,Summer,25.7413500812736,74,4.395944426664808,50,389,Snow,1003.8173124767708
22/08/2024 02:05,7663,London,Autumn,8.937127201062914,42,7.790318623957766,54,4923,Rain,998.0563548099296
19/03/2024 15:53,6333,London,Summer,18.268644378117735,91,14.597580873919366,58,50000,Clear,1005.8512341228454
25/07/2024 18:22,5625,London,Autumn,28.354994310407683,75,14.975447100995058,30,102,Snow,1014.2780490725736
01/11/2024 09:43,8561,London,Autumn,10.134045178395112,20,150.0,47,5670,Storm,1016.0163396364906
16/02/2024 08:27,8420,London,Winter,17.70838578077083,94,11.077559053849583,39,50000,Clear,999.2192456523742
16/08/2024 09:09,5110,London,Summer,26.637431532001465,31,2.7336382070948257,21,196,Clear,990.3330092732676
27/11/2024 08:42,7868,London,Summer,14.016035786412608,38,18.801679339312336,35,8420,Storm,1006.2960897171132
27/05/2024 19:05,6504,London,Summer,18.128430739335368,79,3.0411509934924146,29,9044,Snow,1000.1885769739756
09/03/2024 00:48,6697,London,Unknown,15.110270987921709,45,16.007922531048948,44,8349,Storm,993.8389322605434
06/07/2024 19:52,7804,London,Spring,13.919762574536996,73,11.231080888608584,14,2511,Fog,989.239326612494
05/08/2024 16:12,6220,London,Winter,33.36414884507346,79,0.0151295829117996,28,3490,Clear,1000.953745944434
29/10/2024 03:47,7218,London,Autumn,10.479275147612825,29,1.1005427860501549,54,1200,Storm,995.4586922516444
04/08/2024 05:29,5694,London,Autumn,12.113216014818349,68,2.232058604784486,7,9572,Rain,1004.2269053350394
28/02/2024 15:56,8143,London,Winter,25.201229956636112,93,4.884505802304231,43,7560,Storm,998.445182783315
18/12/2024 14:21,6138,London,Spring,15.81556182299576,20,12.332405543859268,42,9095,Rain,987.7477685424856
05/03/2024 07:52,6365,London,Summer,22.123908565182283,61,4.450498995014697,15,5619,Clear,1002.5240373370764
08/05/2024 03:11,7458,London,Summer,23.984361551304957,59,28.68861317583756,55,4537,Rain,999.8940623012804
13/07/2024 14:13,7289,London,Autumn,24.585310789351844,49,14.439948603483533,23,1835,Snow,1023.1843154330616
16/02/2024 11:14,8166,London,Spring,-30.0,74,1.9614696483770468,53,1915,Rain,1005.6372762213236
18/02/2024 16:29,6927,London,Summer,60.0,77,3.833254010784701,15,9460,Storm,1025.4863368802107
07/12/2024 03:33,6881,London,Summer,5.120952996149864,22,14.428220316551364,18,7822,Clear,998.077107962296
26/11/2024 15:23,5496,London,Unknown,18.43181958035129,79,2.2962068949788774,50,4360,Snow,1014.6812995173616
12/09/2024 21:15,8833,London,Winter,2.6989367132345308,44,12.507662387389107,28,5998,Fog,1000.1182742953512
08/01/2024 08:11,5233,London,Unknown,21.982068196758664,66,0.4956164264722806,52,4801,Fog,993.7867465863994
24/06/2024 06:58,5243,London,Spring,1.7251363124515675,83,200.0,19,4979,Rain,989.203041180866
07/03/2024 10:07,6494,London,Summer,11.698463733862942,27,2.248006228503493,43,7899,Fog,1000.1359501669968
18/09/2024 02:57,8941,London,Spring,11.15019949019422,98,7.22767560836575,30,5263,Storm,1009.9539314233468
27/02/2024 02:03,8182,London,Winter,25.423143805588367,94,2.7801049032850123,10,6830,Snow,980.61462724319
04/10/2024 02:30,5027,London,Spring,22.487053578816912,40,6.065525388403703,35,1897,Rain,1003.8770659544956
16/05/2024 08:56,6123,London,Autumn,12.770436702539625,62,7.82260232771056,26,5089,Rain,1007.8053208509862
17/07/2024 16:51,8778,London,Winter,19.175128926233228,44,4.03463261497275,44,9020,Clear,1024.8311032542445
01/08/2024 22:00,7629,London,Autumn,26.515921546375303,98,200.0,39,3616,Rain,992.03356599374
26/04/2024 05:59,8857,London,Winter,27.90593375765107,92,8.375451600235472,38,6160,Fog,983.0979583699324
21/11/2024 01:33,6619,London,Summer,15.078824391514576,87,12.774245264862056,49,9482,Rain,995.6889866743765
04/04/2024 16:40,8157,London,Autumn,10.217223187824764,37,9.208955781722135,37,3536,Fog,1021.500621702074
12/07/2024 11:10,8344,London,Spring,16.79400624573603,42,11.965046695255472,57,7046,Fog,1012.619900049724
16/01/2024 12:54,7776,London,Summer,6.448505761253191,81,6.766896573938091,34,3817,Fog,1009.6647669286912
02/10/2024 23:07,7057,London,Autumn,-11.245541880863597,51,10.552316484340476,49,9214,Storm,995.6360197079536
28/07/2024 03:39,5885,London,Summer,21.301058899897757,78,7.582374595550994,4,3341,Clear,1005.4773233559404
14/01/2024 04:16,6001,London,Summer,27.82344545573066,66,13.98321050340341,6,2299,Clear,993.432160797508
19/02/2024 08:48,5658,London,Winter,3.617594126859938,84,14.547714461505045,39,1299,Rain,1001.2759485792276
21/12/2024 02:14,6397,London,Autumn,22.333199811743363,44,13.878039172289112,2,4052,Rain,1012.2938887143496
17/07/2024 17:58,6938,London,Summer,11.149426514091,70,5.402472066684775,37,5133,Snow,1009.4238160400142
02/08/2024 02:35,7129,London,Spring,21.231405350807343,43,14.44126392771247,13,1618,Storm,1002.7517081787668
16/12/2024 12:12,8998,London,Autumn,27.609735243755345,72,0.3608167057003291,11,2052,Snow,989.6040925292224
09/07/2024 17:18,7037,London,Winter,9.329277200267628,76,10.095511687958192,32,6378,Rain,999.9617471382636
21/05/2024 03:45,7693,London,Unknown,6.627736336863499,23,2.166832255077673,24,3110,Storm,1017.7890969007992
14/01/2024 23:58,5273,London,Autumn,4.510764238801263,66,7.141943516830672,35,5230,Fog,1020.6877617774816
04/11/2024 08:21,5699,London,Summer,12.588806889843376,21,11.847564865279502,5,8761,Fog,1012.8027691945916
02/11/2024 23:33,6555,London,Unknown,10.895572506165152,60,4.510355103905243,7,8336,Rain,999.0139163391174
07/05/2024 19:15,6192,London,Summer,37.20246428915925,32,5.747029765476761,41,2272,Storm,980.9542531289288
04/11/2024 04:38,6407,London,Spring,-4.667331832415464,67,11.121057878494414,40,7408,Clear,1008.422733180868
16/02/2024 00:34,7476,London,Autumn,20.50386822536385,83,8.66364806912906,39,5787,Fog,983.8977133008988
24/07/2024 18:35,6932,London,Spring,8.92903943593948,90,23.44601291290469,17,213,Rain,990.0047583592676
08/01/2024 00:57,7219,London,Winter,-4.3216358902543845,60,0.9169117759921904,49,813,Rain,1009.4023759938392
27/12/2024 03:45,7203,London,Unknown,3.924121365359385,45,0.2400339962974493,10,8678,Clear,1008.5574339451824
27/01/2024 21:37,8327,London,Winter,17.33477795721126,73,7.34326419885612,42,9099,Clear,1011.1748212652586
12/01/2024 16:41,8288,London,Spring,22.620174037444507,87,12.800626930422688,34,9200,Snow,985.8000601702264
29/03/2024 12:00,7709,London,Winter,5.560453860009513,70,14.063723377948955,37,6218,Fog,1003.006785795508
16/10/2024 14:32,7393,London,Spring,5.406020484602276,67,7.688744185057927,29,7411,Clear,1009.6430899104944
02/12/2024 00:28,8993,London,Winter,15.181936114746115,52,4.770345368854347,52,5048,Fog,975.7071058558388
24/11/2024 05:12,7104,London,Autumn,9.15060896004012,62,15.601763951306836,42,50000,Rain,1005.409531249729
04/03/2024 07:37,6524,London,Spring,11.95228342323174,24,5.360846069925096,23,5622,Rain,1009.9056878363474
21/07/2024 10:37,5217,London,Winter,26.4298459733598,97,11.601590360942817,33,50000,Storm,997.9182407810858
14/11/2024 23:36,6791,London,Unknown,28.53082233090686,42,8.814857573996195,30,3808,Snow,1012.388319320688
11/02/2024 18:12,5372,London,Unknown,28.801648216225463,84,0.1726303721938711,35,6670,Rain,1000.9946111617433
29/03/2024 01:28,6137,London,Autumn,22.43666534120848,29,8.835819291265873,48,6285,Snow,1004.8896587389668
25/03/2024 22:53,6746,London,Winter,16.035417065317993,36,2.152666675548172,9,6258,Fog,991.0311314390094
15/05/2024 04:24,6234,London,Autumn,-1.7843721058078756,38,4.949135168255165,40,3517,Fog,1007.5981909297194
01/10/2024 14:33,5491,London,Summer,14.897375316623002,94,7.54351914291829,48,7230,Rain,986.6430910391468
29/01/2024 13:28,6628,London,Summer,-1.1579978574177865,52,5.255019064064448,17,704,Snow,1010.257404215256
15/05/2024 03:38,8610,London,Winter,20.20454411380348,27,200.0,58,6418,Rain,1012.9625871973556
14/02/2024 13:22,5263,London,Unknown,25.472565937134483,42,20.6450897409806,44,4151,Storm,977.4833617173102
14/06/2024 06:30,7300,London,Unknown,6.300609034233323,39,1.5687949073492145,54,8990,Rain,1022.5619721442554
28/04/2024 08:11,6693,London,Unknown,-30.0,21,5.784980950282107,27,4446,Rain,1009.924413003988
13/11/2024 17:36,5030,London,Winter,29.016058169645667,78,13.261862682999038,56,3069,Clear,1017.1969854287524
20/05/2024 22:26,5869,London,Summer,12.838493587912335,97,9.057753730973571,20,8355,Clear,1005.2265874237156
21/04/2024 22:24,5351,London,Summer,-0.8651986540203112,43,18.449955515605016,35,3990,Snow,1007.0422798997794
27/10/2024 09:15,8638,London,Unknown,23.93368432196273,38,6.524891045768286,55,6481,Rain,998.04108328445
19/11/2024 06:51,6614,London,Winter,25.13862181118033,50,3.0375918126029995,58,7005,Fog,993.0497618255632
21/04/2024 18:17,6995,London,Winter,-0.6902440929872284,72,4.067331146183947,48,7645,Storm,1003.353043896586
08/08/2024 03:07,8866,London,Winter,17.739215375829602,40,0.7387373774789889,18,9959,Rain,993.5473934013952
12/07/2024 04:44,6617,London,Autumn,6.323325469800164,75,3.743062804288536,58,1720,Storm,999.8647644454004
11/10/2024 18:20,8850,London,Spring,30.447365468751084,32,1.88551369450746,21,4364,Rain,990.1942914929276
18/12/2024 17:50,5468,London,Summer,19.61511001285685,90,0.6261904506595943,31,4723,Fog,1009.2973135628032
05/05/2024 17:24,8866,London,Spring,16.802873457288428,94,6.264498825930377,49,6834,Snow,992.1496960362146
01/04/2024 07:04,6746,London,Spring,11.194438877109263,36,15.56547407855012,53,7622,Snow,1026.0302199817704
11/02/2024 03:52,6845,London,Spring,16.70705449804231,26,9.328982034976509,56,2942,Snow,984.7940995705444
25/08/2024 14:00,8861,London,Spring,16.68117886365878,52,7.754270664348164,30,2579,Storm,1008.064912671393
30/04/2024 19:47,7143,London,Spring,17.222164233204502,47,10.31757338704102,37,514,Snow,1015.1385472498932
01/10/2024 20:52,6905,London,Unknown,27.490855167102225,86,14.821569390436114,29,4858,Fog,1018.0755655659324
26/05/2024 05:15,8194,London,Winter,7.863161904627217,71,7.0404892755731865,31,6161,Clear,993.2284458734824
19/04/2024 11:22,6568,London,Unknown,11.297207920476207,65,24.35801006536071,44,5615,Fog,1003.4505038944108
30/06/2024 11:27,5874,London,Unknown,34.62598455305047,50,4.736013367223261,37,2040,Rain,986.8364792004468
30/03/2024 09:45,5536,London,Summer,15.454794921283318,46,15.159218808776831,56,8963,Fog,992.3248341152386
07/04/2024 15:22,6905,London,Winter,-0.4015451353131283,93,2.250206838434945,8,7133,Rain,1018.354287681566
12/10/2024 09:35,5350,London,Autumn,21.014215645927884,60,0.0532838014270993,2,4548,Fog,986.5164750689238
02/06/2024 01:22,7026,London,Autumn,33.26741734812115,67,15.750645456856956,37,2041,Rain,1004.198286991224
27/02/2024 03:13,8666,London,Winter,29.01400484149092,23,0.4399219676059225,27,8482,Rain,983.8847647229618
12/05/2024 11:07,6107,London,Spring,11.669891759604935,48,9.060825827915211,5,9893,Storm,1003.8627859387756
28/05/2024 00:26,6744,London,Summer,10.965469117369071,45,5.19166367022244,50,7395,Clear,1011.5085231495458
07/01/2024 17:30,6933,London,Winter,18.07967877958847,64,14.925281866739228,51,2043,Snow,1003.690652550177
22/11/2024 13:36,5221,London,Winter,10.80447586849268,43,9.164786970114186,36,353,Rain,1004.9620409834488
23/04/2024 16:23,7525,London,Spring,14.230336970189336,53,3.52663747528736,38,7311,Storm,996.8095100060048
08/11/2024 08:37,8833,London,Spring,4.171935150399028,27,19.503630197252832,34,6312,Rain,1002.0797544660384
27/03/2024 06:44,6505,London,Winter,15.857173967229857,52,0.5327313095158726,42,7995,Storm,1016.5390159821156
29/04/2024 10:19,7079,London,Winter,-3.594723614547373,70,11.06868763295392,41,7838,Snow,999.7968863130104
16/02/2024 00:23,7937,London,Unknown,34.54620001945047,87,7.422175602348387,8,299,Storm,1028.1275959417455
30/10/2024 19:55,5168,London,Summer,14.589961760456116,42,6.848311341186347,57,7147,Clear,1010.9678430183624
08/12/2024 16:46,8545,London,Winter,18.128430739335368,64,0.3835066798641033,50,2102,Snow,1000.3282048516334
09/08/2024 11:14,6859,London,Autumn,15.340950208407335,39,11.955175329621678,22,6303,Rain,1001.6781054604654
29/03/2024 05:07,7791,London,Winter,6.726308378488776,59,6.871552067044199,7,1385,Snow,992.0545857938964
03/07/2024 15:38,5842,London,Winter,23.022073942675537,87,14.20421202435148,10,7913,Fog,988.029448329946
23/03/2024 22:15,7469,London,Spring,36.28168705466084,87,16.91038991017877,13,378,Fog,1001.1092605555832
12/01/2024 23:08,5976,London,Winter,21.79385733899656,99,5.850571845462792,5,9179,Rain,1003.926359691166
25/08/2024 18:16,6401,London,Winter,16.727189051468713,47,0.9925348532348276,23,3080,Fog,998.3750216652844
20/07/2024 17:19,8169,London,Unknown,25.858095385561526,64,3.528083806800918,18,6430,Fog,998.3235881918596
01/01/2024 12:35,8527,London,Spring,7.398056175819136,23,12.20634813390428,36,1182,Rain,989.3526398672192
03/11/2024 01:47,7629,London,Unknown,34.5571019759795,36,11.408640851618069,6,4815,Clear,995.4549977804994
19/11/2024 11:11,7094,London,Winter,20.4671312112006,57,1.3015899220975529,32,4065,Rain,1017.6000322048562
20/10/2024 03:54,8896,London,Winter,11.269915703713565,57,10.405624653668028,40,2979,Storm,1000.947943729964
27/08/2024 14:19,7150,London,Autumn,5.426213425218759,31,1.009926701430766,6,5657,Rain,1031.5319628917796
08/05/2024 20:49,7628,London,Summer,24.34028986182937,97,0.3039093911325334,4,6532,Snow,1001.0646413485932
01/09/2024 08:22,5908,London,Summer,13.266045460790604,31,22.58725892659032,27,1439,Rain,1001.5859412041482
05/02/2024 19:44,8811,London,Winter,18.128430739335368,34,5.311953286970949,46,1941,Snow,999.780390298974
21/01/2024 08:00,7015,London,Spring,38.98776265085756,77,1.882067175296977,58,3296,Fog,1007.8104328565
28/12/2024 03:16,8588,London,Unknown,4.7533032644098,35,5.398120405604228,6,2802,Snow,995.0818423595276
30/04/2024 08:38,7588,London,Unknown,-8.613249033008156,56,13.042435482404624,17,6283,Rain,1009.5109594852086
28/06/2024 06:42,6763,London,Spring,27.41389340464425,92,4.220129385714394,31,2540,Clear,1012.6627415256836
30/11/2024 20:51,5006,London,Summer,13.096823076687013,33,1.55839087847214,19,121,Storm,1007.3293438139756
14/09/2024 00:59,5265,London,Autumn,18.016848837643604,51,16.00042544170846,5,7337,Storm,997.6137004951383
25/02/2024 03:23,6806,London,Spring,18.609651348623544,92,6.762435795726855,15,6116,Fog,992.9080019714328
19/02/2024 14:15,8135,London,Spring,26.138823155852563,38,5.688159169464823,2,8199,Snow,1003.4423276266066
14/08/2024 19:26,5485,London,Autumn,20.860868917542888,66,10.241322098473209,26,6722,Storm,1012.9375792250108
10/09/2024 02:27,5692,London,Autumn,25.946733395539606,94,0.211466817062992,16,624,Clear,981.1847068968152
24/01/2024 23:39,7125,London,Unknown,17.17894099939647,38,200.0,25,6201,Snow,982.5853391346808
05/02/2024 00:21,7547,London,Autumn,15.535474960479918,35,15.27360183118745,33,6046,Snow,991.9736305774684
13/07/2024 06:35,7344,London,Summer,9.167209676670964,57,13.200512871746731,54,7341,Storm,1003.8309591562128
18/10/2024 12:45,5296,London,Unknown,23.976397042843047,42,9.24129112534804,1,554,Snow,998.683377549053
05/03/2024 15:32,5067,London,Unknown,29.05148939899929,88,8.50751009380524,58,4956,Rain,996.0462711660016
29/08/2024 11:52,6181,London,Unknown,35.273554116391125,63,2.1233573358998283,1,9503,Clear,994.0233365744824
06/04/2024 18:46,5963,London,Unknown,21.780953723486597,87,2.0790728263005827,52,3337,Rain,1021.2809309955378
18/04/2024 07:39,7254,London,Autumn,36.71419893286519,46,11.412576144320544,40,50000,Clear,1007.7805242436986
04/12/2024 05:37,8028,London,Unknown,33.99310609877249,38,9.548745196942289,50,6701,Rain,992.9784973689274
01/05/2024 23:59,6874,London,Summer,12.66196856089914,29,17.365961281903804,0,696,Rain,996.620024505287
21/06/2024 22:47,6885,London,Winter,13.926000753324216,43,8.77452792650936,8,5634,Rain,979.8629127001312
29/04/2024 16:45,7783,London,Spring,9.803533662639348,89,20.39774546453608,49,7250,Clear,994.6817016980204
01/02/2024 18:40,6625,London,Autumn,7.606700441059939,87,12.806809833632116,55,2184,Storm,996.932700498136
25/06/2024 11:46,5410,London,Unknown,10.762580521561802,31,1.744024501686947,26,5183,Clear,994.3723547226756
23/05/2024 14:38,7500,London,Summer,19.73944300060991,72,6.253747621603207,33,5021,Rain,1000.4340874148716
21/02/2024 20:36,8803,London,Autumn,36.56423079809947,51,6.232608310990415,2,2919,Rain,1009.6110765059196
07/04/2024 17:10,8453,London,Autumn,9.966179988077949,33,3.36819800870233,43,697,Rain,1025.6692301053467
25/10/2024 20:57,6158,London,Unknown,3.753444879694241,28,11.68312765569613,3,8371,Snow,1004.6725734363022
18/07/2024 09:13,6633,London,Summer,-5.474857994744248,90,9.859278180557094,50,8402,Rain,992.4498513151308
08/06/2024 02:30,8472,London,Summer,15.985489663577328,70,13.581771300550946,37,3741,Rain,986.0134265798616
23/10/2024 20:50,7812,London,Spring,15.02432687306352,56,5.099494211119454,41,6637,Fog,1011.5907616280108
01/12/2024 22:03,6154,London,Summer,9.179938122397514,51,20.35643965248652,37,7388,Snow,998.4635414315012
09/11/2024 17:13,6526,London,Autumn,32.42943590220801,26,2.6042988056357483,6,534,Clear,1000.8629870735172
01/08/2024 04:24,7621,London,Winter,20.84504854467689,67,2.088808849844939,28,4700,Snow,995.229912047758
09/10/2024 10:17,6401,London,Spring,10.055570105874512,40,12.541694984052889,48,3059,Fog,1002.657914119281
06/11/2024 19:18,6328,London,Winter,16.737412373993212,42,8.812542759434189,20,1162,Clear,1024.6231312884936
01/01/2024 14:40,5474,London,Summer,12.876126556745746,94,10.20819791091034,28,2643,Rain,1011.2509272581312
25/04/2024 09:09,7896,London,Winter,19.86876652975229,40,1.0923310773565476,29,8626,Rain,1006.3224209315756
20/01/2024 05:18,7641,London,Unknown,14.9554640185799,39,0.6548917827702008,17,1692,Fog,990.8438835560304
15/03/2024 01:44,5370,London,Autumn,23.193648706841643,44,4.4092231496913525,41,4115,Rain,996.2008337770772
23/10/2024 19:22,8724,London,Spring,21.45098571380069,38,11.345640935239402,10,2777,Clear,1001.3124626971144
08/07/2024 07:15,6476,London,Summer,16.918615696859554,47,12.624497451489027,0,2990,Snow,979.578457487222
04/04/2024 04:52,6591,London,Winter,18.128430739335368,97,1.0764758630335454,19,9215,Snow,1004.7872476307516
17/06/2024 04:43,7310,London,Autumn,60.0,26,5.45599683510244,56,7055,Fog,1009.777332961954
25/11/2024 12:45,7986,London,Spring,33.18146648132248,28,8.68853260697918,43,5595,Rain,1003.1765813444208
08/01/2024 18:07,5666,London,Spring,28.294080118999126,54,17.016495036344665,53,4409,Snow,1009.8207761185548
24/09/2024 01:20,7458,London,Unknown,12.268653378916806,68,0.9468966744309002,11,1170,Rain,984.1786763392682
10/05/2024 10:37,7961,London,Spring,19.486547999581983,37,4.16522165074524,41,8039,Storm,992.25702515119
25/03/2024 16:24,7683,London,Summer,1.6096424109133771,75,9.88653569686776,27,9131,Rain,1007.8582900301903
13/12/2024 11:50,6524,London,Autumn,17.72242521833434,79,17.32386488230165,20,5328,Snow,990.8596610218378
30/11/2024 14:50,8868,London,Spring,5.3656935241754,83,15.641981514994985,38,7773,Clear,993.5533282885688
25/07/2024 22:48,7169,London,Spring,13.561679594657672,73,12.121972574596782,41,7214,Fog,990.3020192035248
05/01/2024 12:41,8413,London,Spring,7.083275948102534,70,8.521194244721165,11,2041,Storm,995.8998880145876
10/08/2024 21:06,7026,London,Autumn,18.128430739335368,60,17.1871550301764,28,7100,Clear,995.840769306928
26/05/2024 05:32,6120,London,Autumn,9.585553210784074,50,2.0824869684334346,43,50000,Rain,996.312770942645
25/05/2024 09:08,5361,London,Autumn,14.771006742281868,24,17.7122075245804,7,2768,Clear,994.03568981209
10/03/2024 03:35,8663,London,Unknown,31.58484731276571,73,4.116882732231458,42,2594,Rain,1004.8390248306814
22/06/2024 20:07,7245,London,Unknown,15.803314403834934,53,1.8419082909690752,26,2258,Rain,1006.181709544887
16/09/2024 06:46,6905,London,Autumn,27.21050697570522,91,2.186535756678895,11,4495,Storm,1006.691208601766
20/08/2024 18:45,8116,London,Unknown,14.709833621868132,24,12.924151734204887,44,5294,Storm,995.3610454276336
05/03/2024 04:45,7042,London,Unknown,-0.6545611137827443,65,1.3220756522830182,39,9622,Rain,998.6709912045808
18/09/2024 02:42,6416,London,Unknown,16.509907771738067,90,15.421093243441174,18,1755,Snow,1006.9900481864648
09/05/2024 14:10,8417,London,Winter,14.810251248565296,58,2.400928640497058,14,6188,Snow,991.2663716908056
31/08/2024 11:51,7890,London,Spring,34.96376793611536,71,6.996954315788041,2,7387,Clear,995.8107043715662
08/01/2024 03:39,6356,London,Spring,12.21209695108426,45,0.110561758510709,2,50000,Clear,999.7814757952297
21/11/2024 05:39,7784,London,Summer,7.150230958269738,58,200.0,16,6824,Snow,984.9885418296948
20/10/2024 04:44,8722,London,Spring,7.620701510311507,79,6.994072369941952,40,8101,Fog,1000.6353006056696
26/04/2024 00:45,5108,London,Winter,30.57107373125396,24,12.543529558007316,9,9876,Rain,1000.7435148429508
29/12/2024 23:07,8174,London,Autumn,13.1969927340513,56,3.0191013747053024,53,7213,Rain,980.1842108197492
04/08/2024 10:17,7220,London,Spring,27.72431333255838,99,3.438397091050218,1,8273,Storm,1000.456334065369
26/04/2024 07:28,6928,London,Autumn,4.940612518293985,92,9.582118340484431,32,150,Snow,993.2051313610732
04/10/2024 05:36,7905,London,Summer,-5.727791752451772,31,8.551371927756723,1,50000,Rain,995.302977601908
26/09/2024 18:10,8151,London,Winter,3.505217304986946,85,5.640658560411712,12,3268,Storm,986.5129254583736
21/04/2024 22:47,5890,London,Winter,38.494423784955714,96,2.357243018289961,51,234,Clear,982.1073015223888
23/03/2024 00:09,5080,London,Summer,13.715882964887816,57,5.533026901782751,24,181,Storm,1009.5649577524556
13/03/2024 14:06,6519,London,Autumn,17.714869978150666,75,0.943349013104597,18,3064,Storm,988.8791895907932
04/11/2024 00:15,8567,London,Winter,14.01837027219188,86,11.29629490041161,16,3995,Storm,998.4548030019548
09/11/2024 11:05,6686,London,Unknown,24.74797729605206,50,14.546982587391811,47,2081,Clear,994.8863731723836
30/01/2024 04:40,5379,London,Winter,23.22648531932005,61,10.908515941661822,7,4938,Rain,1005.277584796734
26/03/2024 23:25,8430,London,Summer,14.412403401389756,44,0.5511484562700861,39,2163,Rain,995.0512811231936
29/07/2024 16:34,6268,London,Spring,24.44154000799656,51,1.7107315007909167,7,4536,Clear,1010.3976320782574
06/09/2024 15:45,6309,London,Spring,23.546693741484816,63,8.052955519718003,46,6237,Fog,991.089731610142
27/05/2024 04:00,6398,London,Unknown,26.788426645891995,95,0.8469668859550366,36,7518,Fog,997.8008086777058
04/11/2024 16:04,8280,London,Spring,27.54882527421806,86,200.0,14,1761,Snow,999.9373349231208
15/12/2024 09:13,8664,London,Summer,19.613080442216248,44,1.2977995744862678,57,3757,Clear,986.9173943176356
04/12/2024 02:22,8390,London,Unknown,18.128430739335368,78,6.3883160430575785,7,128,Storm,975.5200138711756
02/06/2024 11:32,7922,London,Autumn,28.92143438054737,38,1.8557664474520836,22,7295,Fog,1000.6244368980808
12/05/2024 22:47,7533,London,Spring,-3.820493171014661,36,2.652836027555548,40,9337,Clear,997.147035424468
14/09/2024 06:05,6921,London,Winter,27.00302150397303,37,4.588474574842216,30,5887,Clear,965.2031407939426
13/04/2024 01:31,6167,London,Winter,10.692344747865189,63,12.88918771038146,8,9889,Rain,992.9012489247868
06/11/2024 14:13,8828,London,Summer,18.07623267878417,98,5.416636344844646,55,50000,Snow,1003.5883093416568
09/11/2024 16:43,6234,London,Autumn,20.780487212176205,40,13.435087420707712,42,6895,Snow,995.741225800744
11/02/2024 15:09,7407,London,Winter,14.445879142909964,35,15.660916031936557,4,3649,Fog,1002.4339386033624
16/11/2024 07:04,6926,London,Spring,24.357567240849384,51,8.772189583563073,45,2972,Rain,996.789079947749
11/04/2024 04:40,7693,London,Unknown,12.259509304116534,25,150.0,30,1266,Snow,995.7259014077204
23/03/2024 23:05,7693,London,Spring,20.330603580903396,77,0.032997934009133,21,2481,Rain,986.8045743314236
04/05/2024 20:41,7995,London,Winter,21.645940028419123,87,12.113262344243685,11,50000,Snow,990.983206397005
28/07/2024 11:21,8544,London,Winter,19.19018224012557,94,11.133797596262191,57,50000,Clear,1010.8984825819408
24/04/2024 22:31,7237,London,Unknown,26.78239140126688,24,7.491731524815773,20,6235,Clear,992.399473582768
12/07/2024 06:41,6064,London,Winter,14.258000489083969,39,17.514717473026316,49,9141,Fog,1005.8881050889984
04/04/2024 02:08,8143,London,Spring,8.006298358542729,85,4.101779871910095,1,6115,Snow,1011.30316275287
10/06/2024 07:05,8572,London,Unknown,16.928210193046944,56,5.52912349695902,59,395,Snow,1000.8352950501156
25/06/2024 00:52,6835,London,Unknown,26.118747978713827,48,0.4629784706844591,4,3051,Rain,993.827023423456
21/09/2024 05:42,5483,London,Unknown,12.169482242689034,49,11.53562986276878,31,8621,Storm,1009.5569899166524
07/09/2024 13:44,6236,London,Spring,18.128430739335368,70,1.8336916266558851,44,2539,Clear,981.3021563171876
06/04/2024 15:12,6877,London,Winter,6.100365799617819,74,11.675477558012368,36,9445,Rain,997.2011956171636
15/02/2024 14:43,6412,London,Unknown,22.82765614585879,58,21.02913055812599,28,4330,Snow,995.0608910442968
03/06/2024 23:13,6283,London,Unknown,17.260265365127776,73,10.093478748298844,37,680,Fog,994.5354942129402
22/11/2024 17:40,6811,London,Spring,6.046028809094858,53,200.0,42,7266,Snow,987.260019154976
07/05/2024 18:51,5529,London,Winter,10.625545800797466,20,12.134029632708389,0,3542,Snow,995.6725765379828
14/06/2024 18:07,7370,London,Unknown,13.979676194124757,38,9.54586357565663,47,7808,Snow,990.501081327418
03/12/2024 13:54,6331,London,Winter,21.13498254398288,41,12.67437331062066,37,50000,Rain,997.3889419252891
21/06/2024 05:53,5519,London,Winter,5.990646911840662,59,5.019522051342204,18,3859,Snow,988.0355267822338
12/07/2024 00:18,7784,London,Winter,17.187029831321407,33,2.039517615378879,28,5314,Storm,987.5061931527474
28/02/2024 11:58,6815,London,Unknown,20.00567889240775,68,14.922043972251112,24,9366,Clear,1004.1002859397156
10/05/2024 05:54,8945,London,Summer,16.883187175984503,97,8.844574300832416,52,5837,Rain,1006.7835807082836
07/01/2024 09:22,5958,London,Unknown,-11.115752087610533,39,3.0148775343991003,23,9439,Snow,1002.48932780339
11/12/2024 04:51,7825,London,Winter,1.5051893626995572,56,9.23891097063727,59,202,Snow,1013.2941914593972
02/03/2024 16:53,6447,London,Winter,19.300090221878527,25,11.500004659761936,52,221,Rain,1008.1687970666056
06/01/2024 00:41,6763,London,Unknown,31.746290813194864,87,150.0,40,50000,Storm,999.1634214959754
11/03/2024 17:35,7187,London,Autumn,28.839008703760413,43,1.521206800321421,59,3783,Fog,1000.7091844897304
29/04/2024 02:04,7098,London,Summer,8.220222007266996,54,14.261542615661352,21,50000,Clear,995.7339691943348
01/12/2024 20:54,8016,London,Spring,6.984012884960396,40,4.1177153049256825,7,7699,Rain,994.6176328524986
05/03/2024 11:29,8035,London,Summer,-30.0,21,8.958983558690123,31,3216,Snow,1003.8373352200906
25/06/2024 07:05,8078,London,Spring,20.20810254171306,94,7.741353246646787,40,1981,Storm,987.6498651839104
06/03/2024 12:26,8604,London,Winter,2.06224236745129,25,14.765259621231564,56,2820,Snow,989.022803128728
29/04/2024 19:14,8976,London,Winter,20.93334794536669,91,16.038565046866438,9,548,Rain,999.8154717318356
25/12/2024 19:13,5286,London,Unknown,19.11384531676252,65,150.0,58,9222,Snow,998.9001097265254
20/10/2024 12:16,7793,London,Spring,18.128430739335368,25,15.294313033513212,42,1932,Storm,1012.3648751111676
05/03/2024 23:29,5946,London,Summer,26.136739941322645,56,2.239352074016226,22,2377,Fog,990.5298055342332
30/10/2024 22:48,5798,London,Spring,14.939027099262308,64,6.548548756839264,48,450,Rain,991.5401279152888
16/07/2024 00:53,7357,London,Winter,21.62751375603744,25,7.304061762937325,53,6614,Storm,991.1035223696264
22/08/2024 20:38,8642,London,Summer,4.79170138789468,29,4.959166468260259,37,8099,Fog,992.794453759924
13/01/2024 15:49,6463,London,Summer,2.434115492131397,37,13.45987623962647,45,8973,Snow,1002.2313200175332
10/01/2024 11:06,6310,London,Summer,25.568663913346004,47,1.614173519296127,4,6202,Rain,1000.4470982530077
07/09/2024 21:10,8179,London,Spring,18.128430739335368,47,3.19507805306397,16,2254,Snow,999.0110234864052
13/01/2024 23:11,6304,London,Autumn,12.05608480434266,33,8.603217439448525,3,7085,Clear,1000.110711832626
06/11/2024 22:27,6599,London,Spring,18.568441278729043,55,3.8332600575941065,7,8287,Storm,978.7386423998336
26/12/2024 15:26,6655,London,Autumn,13.64620901604237,39,6.221873890746581,53,596,Clear,1022.2737892355652
07/02/2024 16:09,7637,London,Summer,25.81488357461696,71,8.04176773222974,8,6225,Fog,1000.13373964678
06/09/2024 08:29,8556,London,Winter,30.049778035793015,35,3.600903168726262,12,9696,Snow,1001.4782067141512
19/12/2024 11:06,7336,London,Spring,26.857635090351085,86,6.347746833589707,15,9276,Rain,988.7122757749696
27/07/2024 18:05,6469,London,Summer,14.701987714915926,95,12.262174758398498,26,1830,Snow,1012.448571094188
21/09/2024 04:53,8970,London,Spring,9.879637421794406,47,7.287512872852345,34,9613,Clear,1011.0456460602292
03/10/2024 23:57,5202,London,Unknown,15.905721742256112,24,1.7866495784025975,59,6318,Rain,1003.8822732127056
15/10/2024 21:57,6953,London,Autumn,25.40473757601176,89,4.453431437623168,33,4816,Rain,994.5040515210778
17/06/2024 09:26,5992,London,Summer,15.837275046239547,59,12.054101429453535,15,6334,Rain,1004.9882146502002
19/03/2024 21:49,7992,London,Spring,19.88204239141269,68,8.359731500043594,36,9314,Fog,1003.003075877937
25/11/2024 13:53,8306,London,Autumn,5.064937443241128,20,8.535576319411662,28,6559,Rain,1003.0680679986
01/09/2024 22:55,8351,London,Autumn,11.280696361299563,39,13.555693443668249,12,8608,Snow,1004.1048027859484
15/10/2024 20:52,6540,London,Autumn,11.239095870329354,79,10.479921351282282,7,4334,Fog,994.3604713205566
15/05/2024 09:17,5219,London,Spring,25.21827033881145,32,13.77439908361671,12,8304,Snow,1005.0277414754586
10/12/2024 09:30,5011,London,Autumn,-0.738306448050686,90,1.0270174534891767,17,8264,Fog,1010.242224140089
07/07/2024 12:01,6919,London,Summer,5.951428917895242,90,18.07435910725018,51,8891,Storm,1002.0700597506398
19/08/2024 00:49,8173,London,Autumn,28.10503827685313,37,0.6107537699354246,31,6405,Storm,1003.8061950571638
27/04/2024 03:58,6465,London,Winter,24.61888256726338,97,8.756524276022247,6,7955,Fog,997.124031558798
27/12/2024 16:49,7418,London,Autumn,11.531745448825468,80,0.3485618770533421,18,1403,Fog,989.4495145294708
23/09/2024 18:13,6567,London,Winter,8.750863588254706,30,2.5299289450733693,48,1008,Fog,990.35018581654
19/07/2024 05:07,6217,London,Winter,25.107354188585504,35,9.443174959639192,47,3411,Storm,986.8392616531082
13/04/2024 08:19,8732,London,Spring,7.608010988069777,23,0.3226283592950922,48,6364,Fog,1011.686243412668
26/02/2024 20:55,6649,London,Winter,31.292263222528494,22,18.08997103692024,28,8245,Rain,992.3742256933645
13/04/2024 21:45,5433,London,Summer,32.43691955286516,97,3.694163650689852,6,4314,Rain,1004.2233353546928
09/08/2024 16:55,6590,London,Spring,13.005501109058072,44,7.582978382641567,0,3990,Rain,993.1200655254014
26/02/2024 20:58,5808,London,Summer,-30.0,84,8.393754126707694,55,4787,Clear,1017.3849365895576
22/09/2024 21:01,6262,London,Autumn,30.184081203440662,68,1.534053068013577,5,4927,Clear,999.9296205277656
17/03/2024 10:19,8954,London,Unknown,10.337779412645611,72,150.0,44,565,Storm,979.881612633718
06/10/2024 19:22,7940,London,Summer,20.57060192121541,44,4.166757804473439,12,9075,Snow,1005.1790531582798
19/11/2024 04:55,7095,London,Autumn,18.128430739335368,36,0.0167723467302431,39,2009,Rain,991.9998056695972
11/06/2024 01:46,8348,London,Winter,16.366433354483448,87,10.121385384092084,23,7705,Storm,998.6429731861753
15/08/2024 22:19,7240,London,Winter,5.698480141803902,68,4.339216610378953,50,146,Storm,979.7624305385972
27/02/2024 09:34,5126,London,Spring,11.719432421072236,53,1.7910767685515363,7,8954,Snow,999.4147744304684
29/05/2024 17:49,8503,London,Spring,19.510824244513127,95,2.058640862519084,35,1676,Rain,997.2565002845088
30/01/2024 06:17,6003,London,Unknown,3.5017224378012117,39,0.1511373996596239,50,8342,Snow,1012.4287731658832
16/12/2024 08:59,7715,London,Spring,21.86312071840248,29,4.811635319596528,26,4626,Clear,995.652918373529
14/11/2024 22:51,5211,London,Autumn,19.295979796089966,42,15.00444946202014,6,5576,Rain,1013.791731204946
16/06/2024 18:16,7409,London,Winter,17.480686925052687,76,3.965589632347077,7,9540,Rain,994.967224877089
05/04/2024 05:13,8281,London,Summer,22.327055519222892,55,0.9275185786866578,31,4764,Snow,1004.3975061302712
12/06/2024 13:37,6129,London,Unknown,9.164379071577594,95,0.1429674170781574,4,50000,Fog,1015.1940066728904
06/09/2024 11:15,5625,London,Spring,11.917512142296331,38,4.806065411429606,35,5420,Clear,1000.9602599254472
07/11/2024 04:30,8989,London,Autumn,3.6794668168017672,32,1.2768052155417309,24,50000,Rain,997.6080500973494
12/12/2024 07:18,8033,London,Winter,15.020374041016858,65,1.5801281768112905,22,5053,Storm,986.2544130277028
08/01/2024 19:16,5775,London,Unknown,15.883338172169076,30,2.749547447900814,7,6610,Snow,1005.217321679115
16/06/2024 20:28,6742,London,Unknown,27.56570596582208,26,6.412941283283966,34,6713,Fog,1016.4286324406174
28/08/2024 02:41,7859,London,Winter,8.883159474632876,22,16.821958340042656,23,7221,Clear,1004.9525423174556
27/02/2024 01:48,7561,London,Winter,13.137216073372326,87,10.440432916966495,44,8327,Clear,999.1869408504843
27/06/2024 23:40,5336,London,Summer,14.92637829925892,75,100.0,46,1467,Fog,991.0464043094672
11/04/2024 23:47,8454,London,Autumn,22.23022343425756,55,12.365892509561023,53,5924,Storm,994.3703577872916
31/10/2024 23:19,6917,London,Winter,11.256654594803043,54,100.0,46,50000,Storm,989.0883381246326
18/09/2024 10:52,8746,London,Autumn,23.896367175167427,59,7.653253479450178,6,2015,Snow,996.2439715032632
07/03/2024 16:23,7204,London,Spring,4.445355754416465,67,2.886517398588883,2,9601,Fog,1002.4916251388628
27/03/2024 14:42,6924,London,Spring,22.745384301134184,93,19.60237218931051,3,4835,Rain,1001.034857686644
26/09/2024 08:15,5957,London,Autumn,28.32642606918884,79,12.140848749095014,41,159,Storm,994.1269550011668
14/04/2024 14:13,6566,London,Summer,27.46811497978609,68,0.5284578453174227,29,9947,Rain,999.9398192451062
12/09/2024 13:50,6880,London,Autumn,30.62337566974898,93,16.62912850465895,4,5341,Rain,1001.7323089239774
05/06/2024 09:10,5709,London,Unknown,29.00701049082577,31,8.81420944138664,5,2749,Storm,1004.2387327592892
08/12/2024 07:51,8482,London,Spring,14.358996530086822,84,10.300745918940503,9,5512,Storm,1014.6057452827126
22/07/2024 23:33,7773,London,Summer,8.544294101509042,46,3.044761538204474,28,9985,Storm,1014.0903808747008
13/06/2024 12:45,6083,London,Autumn,27.980571871706587,32,6.306810358705695,27,8113,Rain,986.2238595061108
06/07/2024 20:53,5955,London,Summer,14.026952229063705,65,1.443604654035493,52,5225,Fog,980.6110851728822
24/04/2024 03:15,8054,London,Unknown,17.738924798077445,59,1.2860402997922522,27,2176,Fog,1004.9527116060096
28/11/2024 09:28,7892,London,Autumn,9.664042744295676,99,6.762762395552891,26,3254,Clear,1000.064398821268
05/03/2024 00:51,6194,London,Summer,18.128430739335368,21,6.820220733359234,39,5209,Fog,1008.0447484020904
27/07/2024 21:22,8680,London,Autumn,18.128430739335368,87,2.395625684012739,45,1710,Clear,991.8673302430312
19/05/2024 16:46,5035,London,Spring,36.647392810053375,85,12.271399681572094,13,4225,Storm,998.3230041542204
20/06/2024 07:41,7192,London,Winter,28.94590791831492,73,18.210285361890385,22,50000,Rain,994.31770430446
04/11/2024 06:03,7791,London,Spring,21.816470982386072,56,9.247412621123168,38,50000,Snow,1002.9989209349234
22/06/2024 01:51,7499,London,Summer,22.61944301465396,22,5.237749869415222,50,3877,Snow,997.4453252778068
04/05/2024 17:31,6034,London,Spring,-30.0,21,10.794920367984504,31,50000,Rain,983.8570975718148
13/04/2024 01:10,6228,London,Unknown,3.8249114822188712,83,0.6046987354248774,44,7968,Rain,991.336106199993
27/01/2024 09:10,5757,London,Spring,17.067960101824625,40,26.21669146698683,17,4975,Fog,986.198009963064
24/06/2024 07:59,5857,London,Spring,26.13159317726696,27,17.96221371651721,50,6007,Rain,994.9667747052756
13/05/2024 01:49,7054,London,Spring,35.74025050496958,59,6.2791728132994375,58,7042,Clear,1007.4104305735456
08/08/2024 07:34,8480,London,Autumn,26.67462746135438,75,9.15343311953026,26,6223,Fog,997.7691559886664
12/11/2024 07:13,8683,London,Summer,28.126915142213484,46,0.476989596455966,45,8203,Snow,1011.2820497006836
27/03/2024 09:23,7703,London,Autumn,27.4435944687,61,4.809659680798014,51,8290,Fog,979.7610710057417
09/04/2024 18:20,8155,London,Autumn,16.315632011386516,62,6.048568408545554,11,3753,Snow,989.908985503989
13/06/2024 00:11,7951,London,Spring,23.002871737637197,49,4.603348409275611,3,6221,Rain,1012.1013828178512
30/10/2024 03:37,7934,London,Summer,19.770067572865106,68,4.2593067660234745,33,9169,Snow,983.6040486477071
06/11/2024 23:48,7499,London,Winter,20.667523467595416,73,16.66206273010839,46,8664,Rain,995.6040879555112
24/07/2024 05:19,8960,London,Winter,9.713590963837712,37,13.495615511685918,37,4205,Clear,1003.8773374347404
24/05/2024 16:02,7510,London,Summer,14.708000464442229,50,5.288661393329452,14,2476,Storm,984.5194853450304
04/04/2024 09:57,8891,London,Summer,12.005543223624215,46,14.842623941985911,14,2308,Storm,973.9049168541526
02/08/2024 09:10,5258,London,Autumn,19.25630129411629,76,2.396690670384887,21,917,Fog,993.8122376780708
04/08/2024 09:23,7206,London,Spring,15.16159754558118,45,4.181570456148114,3,257,Fog,984.15229730573
06/08/2024 00:33,8229,London,Winter,7.125721202909681,21,7.842554509891514,37,8648,Rain,985.8322840914024
05/12/2024 19:37,8604,London,Unknown,33.97718742382333,67,3.24670724931927,22,6284,Rain,998.505387761327
23/04/2024 17:45,7384,London,Autumn,18.128430739335368,77,14.106367774738665,29,1135,Rain,1005.6471900672263
12/01/2024 14:38,7173,London,Spring,25.4744145608987,46,3.780063278383345,44,1476,Rain,976.260691611195
10/11/2024 21:00,5226,London,Spring,5.4539313332686845,24,0.4487207666944952,10,2099,Rain,988.73997381921
01/02/2024 21:28,8090,London,Unknown,22.60150533606611,44,9.710014858604117,8,4705,Rain,987.8563953381864
18/10/2024 03:59,8565,London,Unknown,24.63916534388194,79,11.648743474580304,28,9551,Clear,997.9483262635122
13/02/2024 01:22,8135,London,Autumn,14.091957852268235,31,6.8675805704165045,50,5065,Rain,1001.7464877354446
19/09/2024 00:24,6479,London,Summer,17.318773918189102,83,0.3911342156024053,8,8361,Storm,983.7553504442418
10/09/2024 18:24,5182,London,Autumn,10.652224747212928,69,5.4019684799380645,57,2788,Fog,990.7429355025048
06/11/2024 19:41,8992,London,Winter,13.66809314879701,74,2.1977034477546624,49,3635,Rain,1008.5179943887456
04/10/2024 01:37,8560,London,Winter,18.01195211435849,23,6.220121455761644,13,7060,Clear,1013.8603841928044
16/08/2024 12:56,8619,London,Summer,9.017383135186972,22,1.9318930062855488,39,3535,Clear,999.8948793606672
19/03/2024 03:10,7590,London,Spring,11.840076215039804,93,13.03771743382254,4,1521,Clear,992.267284718326
05/08/2024 16:16,8887,London,Autumn,18.128430739335368,58,7.183192353192776,9,5261,Clear,1004.7318552211592
23/07/2024 07:56,6180,London,Unknown,33.87244604274222,77,1.449615407977484,41,2724,Rain,993.835086318587
07/03/2024 18:57,7213,London,Unknown,18.128430739335368,59,12.438937056707267,28,368,Snow,1016.4538124799044
23/07/2024 14:02,5650,London,Unknown,24.195138237426328,57,3.403629594935305,29,9070,Fog,1018.8861037817966
04/06/2024 14:23,7178,London,Unknown,-30.0,44,5.645842981745012,18,1468,Snow,1018.9453790542078
31/07/2024 23:50,7426,London,Winter,29.78074935583524,41,17.738796483532795,30,8762,Storm,1000.3791915724488
21/10/2024 20:23,7405,London,Summer,27.909295026491645,96,6.226390814931182,19,8340,Fog,1026.4639038575845
14/07/2024 22:28,7455,London,Summer,12.478583633569666,93,5.8884898221960364,57,5791,Snow,996.0989728285864
04/09/2024 19:14,5150,London,Unknown,13.15580396668604,73,2.6380349762857165,18,2287,Rain,995.8847887460754
29/05/2024 05:19,7594,London,Summer,20.25604490853404,85,20.85971277737785,44,3680,Clear,1006.9296253793912
13/11/2024 13:53,8793,London,Summer,6.464530113848326,85,5.30578321109507,37,8388,Rain,1006.18680248379
03/09/2024 10:37,5298,London,Winter,32.52051448966229,27,4.617727819318738,50,7061,Snow,1006.4394195494656
15/08/2024 18:28,5599,London,Spring,15.186049661004578,32,16.306805772764903,43,4176,Rain,983.96183506098
07/10/2024 00:50,6097,London,Unknown,21.63812458239121,97,0.4732675403948203,44,9457,Rain,1001.7731693343512
05/01/2024 05:24,5407,London,Unknown,22.39156218074938,74,17.31094182737421,27,5004,Snow,1001.8170394040692
19/09/2024 17:27,6252,London,Summer,31.008403005502345,87,1.6059416213998197,9,50000,Rain,1016.602422652595
04/02/2024 15:43,8858,London,Summer,41.59740856512715,94,3.5388376643809387,50,3472,Clear,1005.9311539489358
02/07/2024 22:06,7062,London,Autumn,17.461594682726982,60,7.098886179879639,24,6631,Fog,1013.235379723509
11/09/2024 23:01,6084,London,Autumn,28.16866391223048,38,11.86229630744123,30,1765,Rain,989.0383603527353
02/10/2024 18:11,7066,London,Spring,13.683829464970437,99,200.0,30,310,Rain,1007.5747082968892
24/07/2024 21:01,8352,London,Unknown,16.15705037258412,49,4.320895288728686,38,5050,Rain,1004.659760113234
15/01/2024 17:39,6996,London,Autumn,22.341446269904853,23,11.82144524690647,20,3537,Rain,1034.2038127991236
31/10/2024 11:02,8519,London,Unknown,-3.005737309443802,91,2.473940612537158,37,8936,Clear,1007.3174695476424
17/11/2024 08:15,8261,London,Autumn,16.602427552162222,87,7.036718940056375,30,4170,Fog,1003.977215323662
02/03/2024 20:53,5863,London,Summer,12.512347487326323,36,2.2645083644945805,30,7954,Fog,997.9771638041724
07/04/2024 11:46,5772,London,Autumn,22.976828907112445,46,9.195659052879158,43,8837,Clear,1001.744850286917
29/09/2024 08:56,6008,London,Summer,17.062351568330012,70,6.815642068819267,45,1269,Clear,1009.4841434412806
10/04/2024 11:48,8633,London,Unknown,42.93129062923427,28,6.781077017892593,22,3917,Rain,1001.7872058371348
19/07/2024 01:18,6726,London,Winter,31.401881107503616,59,9.41860012539383,54,2183,Rain,1011.9032240869892
13/03/2024 12:04,5972,London,Unknown,16.251085755342704,27,5.743987674112605,40,5171,Rain,1010.5515188360982
17/09/2024 03:17,6279,London,Autumn,28.13168686537366,71,11.27834291280474,14,50000,Rain,997.7270856922576
20/11/2024 13:51,6184,London,Autumn,13.634368975615327,23,3.231073225765396,39,3167,Clear,1003.4672047612308
26/03/2024 17:33,6354,London,Summer,16.233969638419552,24,14.067075522526231,13,7930,Rain,1013.2585793424896
17/02/2024 21:44,5443,London,Unknown,16.514910938067416,51,8.167278668553438,49,261,Clear,980.2760480280906
01/06/2024 07:56,6641,London,Unknown,6.508085245177924,97,0.0225516079885776,59,6117,Storm,994.5518526185958
12/08/2024 03:17,6768,London,Spring,17.275457185370264,29,3.0110335145344425,36,257,Rain,1002.7571578748556
08/08/2024 22:02,5963,London,Winter,-6.941369408626699,61,0.7752072847357674,20,50000,Snow,1001.6784483612488
27/06/2024 12:15,6487,London,Unknown,60.0,37,12.436840088934144,22,326,Clear,988.791957202102
16/03/2024 12:02,8925,London,Winter,18.967097367860127,41,26.84270941802848,40,7127,Fog,1001.028331413205
20/09/2024 12:04,7029,London,Summer,19.033354763808447,71,6.192338380388798,4,9744,Storm,980.8697681841109
09/11/2024 14:48,5991,London,Autumn,10.90393168407988,85,20.016928350703395,26,2541,Clear,1005.5737355896078
02/11/2024 19:01,7178,London,Summer,11.811986627349892,44,12.896148438278992,33,4303,Snow,991.1450459768952
30/03/2024 16:11,5365,London,Autumn,20.41022379944661,28,7.566529537139648,34,9989,Rain,993.4403805293902
12/08/2024 14:04,5203,London,Autumn,23.054989680263372,30,4.698591496041055,33,4759,Clear,1011.9214598906964
14/06/2024 10:44,5126,London,Spring,22.403076870069363,30,1.5610538622488723,33,4782,Rain,1020.4173036258716
13/05/2024 03:37,8440,London,Winter,8.43397472200542,66,4.918278500667848,21,2086,Storm,980.2845076608288
23/11/2024 21:52,8319,London,Unknown,26.32640523626913,46,0.9797106567137828,40,50000,Rain,994.8847682523914
31/10/2024 17:55,8507,London,Summer,4.299551125359766,49,11.789490317498505,40,8067,Snow,988.5131533455713
05/07/2024 09:27,5120,London,Unknown,60.0,61,3.5178599354974702,58,7845,Fog,999.3303365018672
29/12/2024 18:34,5387,London,Winter,12.859845293419935,61,9.29653927688964,20,5541,Rain,1009.8190027624206
12/01/2024 05:41,8593,London,Spring,18.128430739335368,83,3.881930164781784,39,4548,Snow,980.2976684105672
15/04/2024 12:24,5183,London,Autumn,60.0,56,12.62026820547921,6,6834,Rain,1004.933776684786
04/02/2024 08:29,5473,London,Winter,19.578200033784533,62,3.710336959453951,3,4134,Storm,993.9842319499672
07/07/2024 04:33,6041,London,Spring,20.27328235580428,71,13.6354814200568,33,1636,Snow,990.9664195274892
15/03/2024 12:09,8786,London,Unknown,4.195336504928484,69,7.865720261413244,32,3187,Storm,1011.208034581106
16/04/2024 10:18,5640,London,Unknown,60.0,73,5.608192899037393,27,3963,Clear,994.8048137210584
31/03/2024 17:50,7131,London,Spring,36.904754008219015,47,1.359865248562885,44,50000,Rain,992.860516630121
20/03/2024 22:11,6054,London,Winter,20.27561491899405,66,7.283132055714084,38,763,Rain,991.9363779260708
19/03/2024 07:20,6369,London,Unknown,6.736920015041054,25,10.525424171598118,24,9285,Rain,992.8319489082342
14/01/2024 18:16,6402,London,Winter,21.949573059794236,48,100.0,23,7711,Rain,986.963152743262
18/09/2024 19:41,8194,London,Winter,7.768307005802113,74,8.890044058560745,28,6088,Snow,1013.9985836772624
09/01/2024 09:58,6779,London,Unknown,11.545671487424029,52,3.2736692589372094,32,50000,Rain,1004.1294487166994
03/05/2024 12:59,8816,London,Autumn,6.124465243721229,75,8.036927610510707,2,9960,Snow,1007.461225632858
05/06/2024 16:54,8133,London,Autumn,16.3841865740977,69,0.5948425444706205,16,7961,Rain,996.775638384494
18/10/2024 22:13,5734,London,Autumn,28.375616161870106,76,17.300099491240694,59,4287,Snow,1005.3480327277956
20/04/2024 11:06,8435,London,Autumn,7.48550302039475,99,11.927796642707124,11,8337,Clear,1027.4727572696418
14/02/2024 06:40,8686,London,Spring,13.766972082115624,20,1.6486990500437222,53,2372,Clear,1001.851901249318
08/07/2024 23:28,5858,London,Winter,25.675432895856545,96,7.660105275253086,53,50000,Fog,1000.58080714038
22/01/2024 03:17,5601,London,Autumn,24.06009451491927,33,10.064609454513622,51,3766,Clear,995.3977224027392
23/01/2024 08:17,5511,London,Winter,25.160264631188937,73,5.342996980821615,21,4967,Snow,1002.7917505008248
27/05/2024 18:56,6969,London,Spring,23.52895891614246,86,2.5991016258640176,13,219,Storm,1005.1699630510574
05/02/2024 15:27,7057,London,Winter,12.728972059587717,94,7.421529388899865,11,145,Storm,1009.271623253811
11/06/2024 07:18,6586,London,Autumn,21.475217474264262,75,200.0,8,4822,Rain,999.2507665460952
01/06/2024 21:02,8860,London,Summer,17.784653360375387,31,4.385688158598667,1,3488,Fog,983.620218894786
02/12/2024 09:50,7295,London,Autumn,25.87193892804208,64,1.846621022371905,34,9916,Rain,1014.934270314202
31/08/2024 03:14,7686,London,Summer,31.00964232759362,23,9.55675030749898,51,9739,Storm,1008.4683256581624
15/11/2024 17:47,6248,London,Autumn,18.128430739335368,79,150.0,48,477,Fog,1006.7826991019568
28/05/2024 05:32,6449,London,Spring,21.18330813571302,38,0.1457631894341915,11,7172,Storm,1001.2025395297544
11/07/2024 06:55,6249,London,Summer,23.60119481501237,46,14.243571622355615,10,3489,Fog,1005.5372075093264
18/03/2024 10:34,5993,London,Summer,13.630517413707665,22,3.8380071376201066,45,6172,Fog,982.5617217251744
01/01/2024 20:18,7338,London,Spring,20.63848771981077,39,0.4428865402127195,3,3391,Storm,992.7155850614874
06/07/2024 16:15,6260,London,Summer,18.128430739335368,23,8.621693528680451,7,6144,Rain,1001.5430799730402
29/07/2024 08:07,5155,London,Summer,16.760072757930402,34,150.0,43,2409,Storm,1000.5721759558376
13/11/2024 17:35,6676,London,Summer,37.2642676617358,20,2.449686704014849,45,4176,Rain,986.4686754312934
24/04/2024 16:41,7489,London,Winter,5.618861741636698,39,5.336895980839203,40,1238,Rain,986.2411340458837
18/09/2024 22:48,8458,London,Spring,16.86428506396035,86,15.186992272917433,44,6253,Fog,994.6853062847634
29/05/2024 14:29,7993,London,Spring,12.911557749080156,51,13.951082522383606,21,5986,Storm,1006.862380222513
11/04/2024 14:37,5355,London,Unknown,20.918636723229657,32,7.242813436725472,34,1084,Rain,1003.178905243868
04/09/2024 23:08,8366,London,Summer,15.877776190977348,73,6.890381527189051,31,3545,Fog,991.209078188526
05/08/2024 04:28,8321,London,Spring,13.412810938591772,86,2.682068265335998,14,7835,Clear,1006.230804863154
30/07/2024 11:55,7856,London,Unknown,17.82522887370456,61,2.8005052237522894,59,7004,Fog,1003.1796523028192
08/10/2024 10:44,7238,London,Winter,21.755420091950004,31,0.904944631556206,22,4344,Clear,994.1429564354248
05/07/2024 11:11,5881,London,Autumn,7.612323176256579,22,7.063863065975804,8,3661,Rain,1008.305304851772
30/09/2024 22:34,5667,London,Unknown,8.037354085820242,71,0.4842318183827023,47,3206,Snow,997.0869848063944
07/08/2024 22:23,8170,London,Spring,8.646671308867054,51,2.9859053853799447,0,4869,Snow,1019.261358496624
27/04/2024 05:01,7340,London,Winter,34.183974886055694,58,3.0630733282862046,20,9385,Snow,1001.238936087492
19/04/2024 08:23,8370,London,Unknown,4.315405028907634,20,1.261637400957924,58,7598,Storm,997.3400588076272
08/04/2024 02:54,6496,London,Winter,7.546046999296747,78,11.44124881329528,31,3756,Fog,999.7621335526763
27/05/2024 07:41,8150,London,Summer,17.007246569188716,51,12.40412824360985,18,9847,Fog,1012.8937819246668
02/03/2024 14:26,5388,London,Autumn,7.857236063251147,70,9.50260253696588,10,6154,Storm,1000.4554065783506
18/06/2024 07:12,7224,London,Unknown,23.38971821370952,82,150.0,40,1470,Rain,1008.7957402287878
17/10/2024 04:39,8451,London,Unknown,30.66823358826597,66,14.25068557776988,28,4368,Storm,1012.3995111168576
03/03/2024 06:46,8743,London,Summer,17.46434514084206,60,4.223515980618735,19,7600,Fog,1016.0918479887875
26/03/2024 06:25,7822,London,Autumn,9.883955361437954,44,6.232664318861251,22,8043,Rain,991.0716888278102
06/10/2024 04:31,8142,London,Spring,28.580346022642622,52,11.391022080806376,8,5687,Rain,991.4929800994064
25/12/2024 13:57,6792,London,Winter,14.461544518676964,42,5.0989307354895175,52,5039,Snow,995.8209000432812
06/03/2024 16:37,7033,London,Autumn,3.26969795128576,59,1.3305890577663662,53,3530,Storm,991.999567626936
13/11/2024 05:31,8241,London,Autumn,60.0,45,6.880855227901932,11,8471,Clear,998.7744066266204
27/04/2024 13:28,5982,London,Summer,17.70648406670896,90,6.545564800994949,1,2990,Storm,1004.5198598694318
06/07/2024 00:22,6482,London,Winter,18.128430739335368,90,19.580468954348827,33,6308,Rain,999.403942255512
04/10/2024 21:42,6651,London,Winter,20.542671807601405,63,8.49692402543665,20,1981,Rain,1007.3074915539532
06/04/2024 03:11,7930,London,Autumn,14.28880800408784,30,4.034663915117527,47,3898,Fog,1017.4118084003331
31/01/2024 18:53,7247,London,Unknown,30.321287742417425,87,9.651093811698452,55,9264,Rain,1008.992200093732
29/12/2024 07:47,6887,London,Autumn,15.12974452299802,24,17.629850954190026,11,5657,Snow,977.032640410992
04/10/2024 20:56,5009,London,Summer,26.262836545469607,84,6.974147161194994,19,5969,Rain,1005.4657436688008
22/05/2024 05:32,5404,London,Summer,12.931443634077915,67,20.18818396557132,36,4378,Clear,1004.9429643692235
14/12/2024 14:29,7405,London,Unknown,5.2342377404422304,94,3.4953814195492967,52,5448,Fog,988.9901396225836
14/04/2024 14:30,6450,London,Summer,5.764954060079404,67,2.2716488705199014,25,9343,Rain,998.2403964701988
16/04/2024 00:26,6839,London,Autumn,24.892550425159754,48,10.585203169160948,21,3619,Rain,1010.121624893308
14/09/2024 19:08,7183,London,Autumn,13.440303952813595,29,13.3430977501958,51,4799,Snow,988.2008781711412
05/10/2024 11:58,8564,London,Autumn,21.688410251379697,24,11.126273757184844,24,1584,Fog,990.0605003546736
03/01/2024 19:34,5119,London,Autumn,50.22861433425604,87,6.226284563359991,42,6552,Fog,992.5950919127127
08/05/2024 09:03,6491,London,Summer,18.128430739335368,65,3.879518612444524,41,1981,Fog,1003.4128518713412
17/11/2024 14:01,8983,London,Spring,28.379593323102007,79,2.5059720186308967,8,9917,Fog,993.6872969061388
04/09/2024 00:20,8679,London,Autumn,21.88791415904165,88,5.721338267506075,19,318,Fog,1004.5979865927025
15/07/2024 04:47,8978,London,Spring,26.84586130879665,52,13.152367387340965,5,50000,Rain,1010.8309884574312
31/08/2024 05:05,7941,London,Winter,19.41397503680976,99,0.1332939379657167,19,4092,Fog,1011.52734385516
30/12/2024 05:08,8120,London,Spring,18.71750455351389,84,1.4615077276511048,21,2238,Snow,1000.437115586226
29/04/2024 00:03,5717,London,Winter,19.13375140092617,83,6.851476938995916,25,8291,Snow,1002.2227825054448
27/09/2024 00:19,5645,London,Summer,15.89392348891214,29,7.718952401531073,40,9948,Storm,1004.5171875823193
04/07/2024 15:12,6647,London,Summer,20.840277802956795,85,1.9862051377303944,1,4000,Snow,1007.4018243691066
25/04/2024 23:18,5308,London,Winter,13.37039463784874,51,6.860743884400461,23,5890,Rain,995.6689564008526
04/02/2024 17:22,5060,London,Autumn,9.729184413602209,26,11.264299316628364,12,8810,Storm,1002.4887243673312
28/03/2024 13:54,7108,London,Summer,15.677248264493214,23,8.061738078163469,49,451,Rain,996.854543369456
14/02/2024 02:15,6947,London,Spring,18.128430739335368,84,2.0575658942725923,20,1911,Storm,991.479595403671
11/07/2024 05:55,7916,London,Summer,36.72282687058589,76,5.52322721526062,8,8799,Rain,1007.5128691415304
11/10/2024 01:53,6851,London,Unknown,11.28345722307006,60,8.460969807828796,52,1780,Fog,1011.641133512406
26/11/2024 01:02,8451,London,Winter,28.84508254916532,86,2.3104842895457267,55,50000,Storm,1000.451360898184
13/02/2024 12:50,7199,London,Winter,1.1354264351724763,89,2.954793699868895,32,708,Storm,996.5796343859628
25/03/2024 12:02,6314,London,Winter,24.67330040291887,45,0.4492606875410025,21,8013,Rain,1007.193049682069
25/07/2024 16:47,8915,London,Autumn,16.987247358235365,38,11.056675827776305,59,8647,Snow,1012.30786456197
09/10/2024 17:07,7358,London,Unknown,29.20410046183993,37,1.7530476341232797,37,8810,Clear,985.0250261002844
23/07/2024 10:06,8115,London,Autumn,13.066962300610973,54,7.993953658350324,15,2273,Clear,985.1203565186712
06/04/2024 00:33,6126,London,Unknown,6.513177515498938,96,20.29652258111993,59,2909,Rain,1010.1139033861484
21/07/2024 21:27,7493,London,Unknown,25.17787980288208,30,9.440506831204589,18,2036,Fog,994.4464675267296
12/10/2024 09:41,8790,London,Unknown,25.758094506469977,71,3.1607916560765887,30,4350,Fog,1002.6666329750332
26/06/2024 08:37,7174,London,Summer,12.172475277859425,90,6.607157286212619,58,536,Clear,1014.051966729339
19/02/2024 19:34,6587,London,Winter,18.50665514266815,41,0.7914563806035844,39,3592,Storm,1007.9265269330582
24/05/2024 01:01,6491,London,Unknown,18.128430739335368,70,9.104050632507844,12,8715,Rain,1003.7408460695724
12/10/2024 11:46,7476,London,Unknown,25.5580664343234,87,20.2251945807079,24,1776,Clear,1007.468456718444
24/11/2024 21:05,7752,London,Summer,13.17548693286748,95,23.34106017933091,27,5144,Snow,1002.7117586797754
09/03/2024 22:43,6135,London,Spring,28.349958133116093,64,17.906891550948153,22,7438,Fog,988.9356820669354
19/07/2024 00:58,7175,London,Autumn,13.872343008251246,70,6.868007817921001,45,7050,Rain,997.8855946678008
12/01/2024 06:27,8871,London,Winter,18.128430739335368,44,2.9180343281205565,32,980,Snow,1005.3444826451404
15/08/2024 22:13,7475,London,Summer,-3.2484792324323024,86,10.532745005113853,29,920,Clear,1001.0646401174693
06/02/2024 13:53,6163,London,Summer,31.490537671282368,54,9.286542537914215,3,5125,Fog,1007.7153680193736
05/10/2024 05:30,5889,London,Summer,13.739053186271931,36,10.381655010507076,54,8536,Storm,1003.0744459407528
06/03/2024 16:38,8650,London,Unknown,6.953416808507734,20,3.695873619656634,21,8934,Fog,993.2556674277764
30/04/2024 03:47,8851,London,Winter,12.28191657146503,53,10.442992813740355,25,2686,Storm,1007.0587150890163
17/12/2024 13:19,7418,London,Spring,31.35467370750941,50,12.71263775969275,21,6972,Snow,1012.5718452450316
24/11/2024 22:34,7551,London,Unknown,3.693482737815153,22,23.395879682504628,26,8745,Clear,990.3630794166864
02/06/2024 07:07,5334,London,Unknown,18.128430739335368,57,11.239366900324722,55,7311,Rain,985.2046464163056
04/11/2024 06:38,8309,London,Winter,6.001200156454008,49,4.994232712613483,34,3566,Snow,1019.6267030482855
06/12/2024 11:31,8851,London,Spring,13.065810163802476,36,12.341061718939898,25,6305,Clear,1016.2188680039734
30/06/2024 18:50,5863,London,Autumn,18.225511738502814,49,23.463858270885044,10,2494,Rain,1012.9653958761428
29/03/2024 10:54,8544,London,Summer,13.28140711161382,87,19.74084440914636,33,50000,Rain,1011.6629574275388
26/05/2024 07:43,8754,London,Autumn,5.802191096942529,90,1.5450250693265843,6,6175,Storm,1009.63646232567
20/07/2024 22:12,5217,London,Autumn,21.425149938249056,48,8.415797000060012,19,916,Clear,1004.5798581675608
17/03/2024 10:00,6448,London,Summer,29.486345945576367,24,11.170640642524098,51,4986,Rain,996.661038934509
14/10/2024 08:07,6104,London,Winter,9.329689220556656,82,11.788140253388162,32,3633,Storm,1004.0209281493744
11/11/2024 22:28,7270,London,Spring,5.315190415089468,26,7.951647767853784,14,2670,Rain,998.6119406889126
19/05/2024 10:28,6253,London,Unknown,12.674086285598593,56,150.0,8,6874,Snow,992.8236720400064
22/02/2024 08:39,8018,London,Unknown,23.986969139454,91,3.3851574937736157,25,1092,Fog,1010.69912471042
15/05/2024 17:53,6406,London,Autumn,6.896225691072743,55,18.57978046770345,20,177,Rain,1017.3684365962898
14/02/2024 06:24,6369,London,Spring,42.07980726323154,96,6.9777830363754045,8,4215,Snow,1006.2260480223616
02/07/2024 15:01,5622,London,Unknown,18.128430739335368,84,1.4886103921046785,26,235,Rain,1003.848293253474
05/06/2024 07:29,7103,London,Summer,10.286746964919097,60,15.139026930118646,50,50000,Fog,1002.3998980964254
24/06/2024 22:13,5469,London,Unknown,11.668813059883824,86,4.834834270393895,12,7187,Rain,994.4026776387184
04/02/2024 09:39,6927,London,Autumn,16.10525702419005,50,2.611189650895585,9,7768,Storm,995.4829743972656
29/04/2024 17:40,8321,London,Unknown,32.52307305689929,26,5.8530595888442924,22,3406,Storm,994.6883311283228
13/02/2024 12:00,7342,London,Summer,5.589997572439984,59,22.20737036815114,5,3080,Rain,1002.518225468019
17/10/2024 19:10,6761,London,Winter,14.048212183370692,76,0.2536436287771701,35,1401,Clear,988.676546664224
07/03/2024 06:09,5104,London,Winter,39.31195404058427,99,3.215040647983105,31,272,Rain,976.19559104553
03/02/2024 15:11,8299,London,Autumn,6.816395521575116,37,12.74257786333932,24,3002,Rain,1016.2831182194402
08/01/2024 02:45,7993,London,Summer,19.185557371282435,24,0.2412781233959195,9,3417,Fog,1015.4599457686944
31/05/2024 05:30,7282,London,Winter,8.032723577431549,44,13.712768188100831,12,3795,Snow,1000.26641626181
13/07/2024 19:52,8461,London,Spring,19.510711538688184,53,8.024633199653852,48,8911,Snow,1002.7642331132536
29/10/2024 11:12,7234,London,Autumn,6.129098317289149,28,150.0,13,8568,Clear,1014.0382236873028
20/10/2024 09:21,6245,London,Spring,28.08924820263501,84,4.480310603849977,5,8627,Storm,1011.7750875256852
28/11/2024 00:49,6042,London,Summer,19.364958037414752,78,4.041241629617585,36,7431,Snow,980.974355013639
15/08/2024 01:46,5588,London,Unknown,16.56195504556428,96,11.66266584604564,24,1443,Rain,1000.4944973170172
15/11/2024 05:40,8870,London,Autumn,2.989273657292472,47,3.4539688505952224,36,6332,Rain,1003.903066901314
24/01/2024 20:13,5284,London,Summer,15.229620864292718,31,10.21382688629012,23,6670,Fog,1004.17740707887
18/07/2024 04:53,8476,London,Unknown,9.555015000851116,34,7.447243553225014,24,7411,Clear,1000.1365447070608
25/11/2024 02:50,8995,London,Autumn,6.197168425222333,88,15.529839138609606,31,9243,Storm,995.7454819302008
01/05/2024 17:55,5818,London,Winter,13.803184530112867,50,2.616071927317972,56,3652,Fog,992.5058300233368
06/02/2024 18:29,8178,London,Unknown,24.996091360698237,90,7.825791834630852,22,7494,Storm,982.7339966783416
23/07/2024 02:48,7403,London,Spring,26.111540305889637,96,13.77868759138525,38,2754,Rain,994.6819678634556
18/01/2024 08:58,8964,London,Summer,9.731642978225032,53,12.123281413144944,2,250,Fog,981.6875856511648
10/03/2024 20:39,6191,London,Unknown,18.128430739335368,88,22.46668673095328,14,7996,Clear,1012.758209734605
13/04/2024 21:14,5772,London,Winter,7.887349209590566,93,6.981985546398118,55,6154,Snow,999.5581219238688
15/09/2024 01:19,8937,London,Winter,10.87473969724092,21,7.00448700530527,13,664,Storm,999.8168141179996
05/12/2024 02:38,5822,London,Autumn,18.128430739335368,58,13.295014249808784,39,2969,Clear,995.2881505673924
29/02/2024 01:23,8172,London,Autumn,15.436476817687394,65,4.506952273521428,39,9897,Rain,1024.2840060849169
06/07/2024 04:12,7425,London,Unknown,18.128430739335368,54,1.7045006906513531,51,9817,Fog,998.7698792079552
20/04/2024 23:23,5561,London,Unknown,29.911910618415547,84,150.0,51,6751,Storm,988.7419871834292
19/03/2024 22:54,6730,London,Winter,17.05285422875297,78,0.1422075507721469,32,6533,Rain,1002.4175014216992
07/07/2024 06:20,8788,London,Winter,22.419587313921888,74,5.728620026011255,35,4096,Rain,984.147114018866
27/01/2024 18:40,8930,London,Autumn,26.059845337557427,69,15.781793216825776,31,8747,Rain,998.2937657929764
18/08/2024 08:12,8191,London,Winter,15.599587135251175,39,23.139797492552045,47,1646,Rain,1005.1761656405588
16/10/2024 20:51,6021,London,Winter,0.7860657420857287,82,19.01373447857753,6,5455,Clear,987.8442023484204
03/12/2024 20:06,8718,London,Summer,12.245497662558702,36,5.499361261336208,2,1952,Storm,990.1380069451416
30/03/2024 16:10,6620,London,Spring,-10.07681330988894,51,0.3212227424587457,12,9423,Snow,1003.411983626326
22/07/2024 19:02,6758,London,Spring,-30.0,63,18.5594798363884,4,6349,Rain,1000.6805126789036
13/03/2024 17:30,8270,London,Unknown,13.24502468492906,92,8.859116672740724,40,3061,Clear,986.0937553597632
07/02/2024 10:37,5013,London,Winter,20.8243616641735,30,4.360439502899093,29,2832,Fog,1005.2676889966336
07/04/2024 09:01,5095,London,Unknown,11.204845249830129,22,8.896239979573828,14,5944,Rain,972.2434291766688
30/11/2024 06:52,8641,London,Summer,0.5405139806291679,98,9.432006652524947,43,50000,Clear,991.5084932312338
26/12/2024 16:01,5990,London,Unknown,15.68814051416645,46,2.79737558887778,48,499,Storm,992.8870825694952
05/07/2024 04:38,6658,London,Autumn,-0.2753035181765142,57,200.0,54,1610,Clear,1001.3050332867898
06/03/2024 14:14,5331,London,Unknown,24.289557162237948,72,6.433035870414429,42,7751,Rain,982.8211294684496
28/05/2024 04:54,8172,London,Unknown,24.811378808100446,98,1.4459342365747934,48,6165,Rain,1002.2697460228133
27/08/2024 18:25,6611,London,Winter,12.527452218120484,54,10.345287018405408,47,9737,Storm,1002.7610934434172
06/10/2024 04:53,5780,London,Winter,18.128430739335368,32,1.4179555214751955,23,7017,Fog,1002.1266868541652
27/08/2024 10:28,5296,London,Spring,18.8260038168696,24,0.691616455857198,25,8254,Clear,995.4869357315306
07/11/2024 09:40,6797,London,Summer,17.04227982399137,54,6.040328530146841,20,6863,Rain,993.7232509734088
20/03/2024 15:34,8745,London,Summer,14.91531170632108,71,12.7037788575958,14,6666,Rain,990.8031468319354
09/06/2024 00:48,6920,London,Unknown,5.989640841917225,34,8.49670044175403,6,50000,Storm,1010.8114182998928
01/01/2024 18:46,6202,London,Spring,9.667152188792109,93,5.452279769204553,9,5520,Rain,1001.1763721841425
13/09/2024 22:12,8369,London,Spring,24.80425156596744,79,9.107263223322484,5,4247,Rain,1000.3345848292248
28/10/2024 16:09,5498,London,Autumn,9.674179443317955,46,31.11503293881523,15,8764,Rain,999.2850481929564
24/07/2024 10:33,5166,London,Spring,28.202299299063284,49,14.695995104543472,38,2116,Snow,991.9566829310152
10/06/2024 01:22,7891,London,Spring,15.07675277244082,89,7.67971803359098,2,9701,Rain,999.7852253727776
03/02/2024 22:21,8962,London,Autumn,19.581491015789943,61,200.0,20,8306,Snow,990.7552712108184
14/08/2024 03:17,6002,London,Unknown,-0.4768665216351841,71,6.118943928119712,3,6217,Storm,1004.2476559478228
22/05/2024 06:32,5376,London,Winter,9.32496465374641,85,16.40181588933913,2,1115,Clear,1002.0925233168864
04/12/2024 12:09,5590,London,Summer,16.485320454172065,74,1.0247933645260678,14,331,Fog,998.1261312184278
13/06/2024 18:20,8942,London,Winter,20.25621469436036,69,6.7493536581429225,32,50000,Fog,1002.78945663976
06/01/2024 11:20,6676,London,Summer,-0.0694988633362498,97,0.0387893658549653,19,633,Storm,1000.1804599854496
10/08/2024 07:49,5961,London,Spring,35.432071554482675,37,5.936554994842792,23,6576,Clear,995.562401645263
17/03/2024 14:39,5613,London,Winter,-12.807266903580343,99,3.2674262765217965,20,50000,Fog,991.016105695092
29/07/2024 20:29,8027,London,Winter,16.115395862185665,89,1.841116266673117,47,836,Storm,1000.0972489849898
09/02/2024 01:06,6507,London,Winter,11.85090066847021,38,0.504117034266371,30,2228,Rain,1017.1315792365916
17/09/2024 14:22,7610,London,Unknown,14.92276343149973,78,14.933926121541088,42,1177,Rain,1022.3389769618808
06/05/2024 12:16,5954,London,Winter,16.31556255007238,30,2.808371202901266,26,1058,Storm,992.0789379168668
01/11/2024 05:21,8281,London,Winter,14.431949515954646,26,9.861538519480323,5,8800,Clear,1002.76585201588
26/03/2024 05:22,7311,London,Summer,4.605005595382556,46,3.723529358317742,3,8386,Rain,1001.04465113816
11/06/2024 10:01,8126,London,Summer,14.631524726022164,55,17.822847877198555,32,9113,Storm,980.8261651818729
18/04/2024 21:24,7925,London,Summer,26.12589427465456,21,12.729316273471865,18,4031,Rain,1003.446373922108
04/12/2024 15:38,7318,London,Unknown,17.978450773182313,84,8.366981568377982,17,8368,Snow,1000.1488389090176
28/11/2024 00:23,5121,London,Autumn,18.68764750720389,69,100.0,55,5633,Fog,1014.101534893484
25/02/2024 11:54,8446,London,Unknown,12.344398118095604,74,13.626625856649586,6,50000,Clear,996.6848538891328
14/08/2024 14:40,8935,London,Autumn,17.172082487204374,21,5.29523228507429,54,1933,Storm,996.034633618412
26/05/2024 12:30,8865,London,Summer,16.41238164410771,42,7.052136051182245,42,9079,Clear,995.3658805417074
04/12/2024 14:49,6960,London,Unknown,23.10128668025521,90,0.0221833315481818,0,5883,Rain,1002.5783823839243
03/07/2024 16:33,7789,London,Spring,20.21798849659109,33,2.2788162819356,21,7262,Fog,1002.4932799778596
14/10/2024 17:36,7189,London,Spring,32.756618768204405,58,23.18384633368038,0,8884,Fog,1003.6781514528848
17/02/2024 03:15,8293,London,Summer,8.65626817620588,47,5.245935354331893,40,4502,Fog,987.2937184631054
05/11/2024 06:50,7534,London,Winter,27.14281431446902,47,9.85485894195258,43,1646,Storm,987.8121743500984
14/02/2024 19:33,8245,London,Unknown,14.55075454073358,80,100.0,40,9528,Fog,1006.8729696336724
07/07/2024 13:55,7978,London,Winter,-4.0058765667559015,71,6.018125582215248,1,7382,Snow,1001.9182470336912
24/03/2024 17:45,5447,London,Unknown,16.59560989151589,21,100.0,44,9593,Storm,988.5559141380496
20/09/2024 19:00,8254,London,Spring,27.933983070182208,68,21.939069874337843,14,6067,Clear,993.8694149473856
08/11/2024 20:42,6058,London,Winter,19.224799342739,31,13.595431084886792,56,9731,Snow,996.7266107082806
23/02/2024 00:02,5944,London,Spring,12.22421263273067,31,3.80126859463958,45,1319,Rain,983.9813377934468
26/11/2024 12:30,7048,London,Spring,30.62102617626964,36,13.84259541413918,28,9690,Storm,1012.601006012402
12/08/2024 14:29,6512,London,Spring,20.51131855549212,80,13.428115108473946,3,5943,Storm,1008.4068559410752
06/12/2024 15:22,8893,London,Winter,19.049628148383853,58,17.577951364379444,37,5330,Clear,998.9492134652314
05/10/2024 12:34,6733,London,Unknown,12.617708473713815,21,13.19534312154312,8,3357,Snow,981.1937318189936
10/08/2024 17:36,6437,London,Autumn,23.025899285352388,94,3.3729782771720247,53,2870,Rain,999.76190243233
14/10/2024 04:16,7261,London,Summer,26.205000012048345,70,7.444150323708839,47,4126,Fog,992.4691672886062
26/10/2024 09:55,7945,London,Winter,-0.5710608883414032,32,18.30689480298974,24,1298,Rain,991.845965067508
24/03/2024 22:22,7785,London,Autumn,24.629286947931107,66,13.3399660421532,53,1113,Rain,982.4055823199748
06/08/2024 12:15,6667,London,Winter,14.422717499100028,92,1.2194382495050915,44,6739,Storm,1008.1458513958754
14/11/2024 18:56,5098,London,Summer,4.786085560359506,36,6.343651128904018,34,5635,Snow,992.7792739552756
29/09/2024 01:14,8327,London,Winter,12.261279934020754,92,1.2909836799590817,33,7477,Fog,994.1766791663924
05/06/2024 04:13,7233,London,Spring,29.44664992278665,61,3.780196432696673,10,3015,Snow,1004.9838550095666
17/07/2024 22:36,8932,London,Summer,18.128430739335368,78,3.6052637595402928,11,3427,Storm,990.2973296979404
02/06/2024 08:21,8888,London,Autumn,12.334706541536749,65,3.8690368916990816,21,8096,Rain,995.1276028718148
12/03/2024 22:28,6612,London,Unknown,24.02021624160431,65,2.3932146711010223,6,5748,Snow,979.2418768717604
10/08/2024 07:01,7391,London,Winter,15.037907856915831,96,7.881236381902939,32,8734,Clear,1011.4836471122416
01/07/2024 14:14,6911,London,Unknown,13.229588188305438,56,1.5473419663556285,49,50000,Rain,988.725169100616
03/11/2024 23:44,7932,London,Spring,11.181146183831412,59,13.440974775296253,10,6649,Storm,984.8626411519824
16/09/2024 08:20,5847,London,Spring,4.846106410992983,92,23.531741058752736,27,8364,Clear,1006.3351748206074
08/06/2024 23:41,8169,London,Unknown,11.579797065547666,89,8.301556126852908,9,8783,Storm,1003.791530219932
25/11/2024 13:43,5881,London,Autumn,29.746919706732697,38,3.0084435284828057,35,3810,Rain,1002.9619121842672
08/11/2024 12:10,6752,London,Unknown,30.04255541972408,89,10.368504635706302,29,5012,Clear,1003.276446774764
07/09/2024 04:34,5583,London,Summer,3.355909272211669,52,4.450456708605746,50,3276,Fog,985.4222329637782
08/04/2024 05:47,7767,London,Unknown,-30.0,57,200.0,20,6487,Snow,1004.910836687386
14/02/2024 05:47,6946,London,Winter,-30.0,95,200.0,28,4826,Fog,990.8168387568008
10/08/2024 11:25,7422,London,Spring,12.119285839228002,53,2.439295584012096,1,2447,Clear,996.7106487878629
01/10/2024 18:10,5738,London,Autumn,11.069989051387113,22,4.857042418692901,17,4225,Rain,1013.8101600147378
07/10/2024 01:36,8633,London,Spring,18.128430739335368,34,12.554038621602867,2,3125,Clear,1003.5260748364084
30/11/2024 11:06,8054,London,Autumn,3.5727947994135043,67,9.819977599488528,25,8852,Storm,986.5110165335628
23/04/2024 19:16,8718,London,Autumn,9.68140106552596,61,13.881025703195066,31,2922,Fog,988.5013954421208
27/08/2024 09:11,6728,London,Unknown,6.840817633186209,45,3.074325784380126,54,4575,Clear,1005.5127293770672
09/09/2024 01:33,8751,London,Spring,29.149671834966437,38,2.3204538512243564,28,9858,Rain,991.7389926464788
06/11/2024 01:49,5869,London,Winter,18.128430739335368,57,13.794397571329176,18,117,Rain,974.0958078470998
29/01/2024 09:37,5822,London,Autumn,25.28797060562289,61,3.0546949685293203,15,8502,Fog,979.9801625790652
28/01/2024 14:11,6639,London,Summer,3.877100081666629,76,1.781448171428628,26,8037,Rain,982.7713216858688
30/09/2024 16:01,8160,London,Summer,37.27854689764398,48,7.559588107246891,48,8366,Rain,998.5473675919332
15/06/2024 01:20,7131,London,Winter,19.396028817137942,79,9.594991270672097,57,4759,Storm,991.2542022861976
03/06/2024 09:11,8101,London,Summer,10.843261919963894,94,5.817793814507636,49,9545,Rain,1002.0142320664384
05/09/2024 15:21,5762,London,Unknown,33.50838476253881,25,16.81389422399235,39,3425,Snow,1011.5638458289906
15/02/2024 15:11,8080,London,Summer,20.08741514989502,46,14.6008357844528,55,9309,Storm,1008.3392330702256
02/06/2024 02:05,7817,London,Winter,19.417510717132927,69,6.512114417434383,48,5856,Clear,1007.490055437088
02/05/2024 23:02,7268,London,Unknown,31.51156343753724,93,4.23448132271866,41,9516,Rain,1004.644957481357
12/09/2024 02:28,7202,London,Summer,11.102886096763608,97,2.3041456034559475,53,5699,Fog,1004.4818177600464
12/07/2024 06:07,8499,London,Unknown,5.491426247848164,87,15.958234929096408,26,2696,Fog,1005.7326115865276
14/03/2024 08:47,7701,London,Winter,24.14071069572107,54,5.3354274879711285,30,3780,Rain,999.4928478473216
24/11/2024 14:02,8689,London,Unknown,27.10044672896572,20,8.19190415983686,54,9523,Rain,999.9543694194516
13/04/2024 15:29,6608,London,Spring,21.75630066493748,86,0.6003151107457301,42,7132,Rain,982.8338736913868
27/03/2024 08:02,7648,London,Summer,24.96175653581605,95,1.0262366236991252,49,3420,Rain,997.3244848461136
10/05/2024 10:01,5916,London,Winter,14.388982067598864,80,6.12007709815615,43,3186,Rain,1004.4702158668003
22/11/2024 13:09,7143,London,Spring,14.444348213549295,98,2.151718716390766,5,50000,Rain,1005.5072894719476
25/03/2024 00:23,6622,London,Unknown,38.68188047350367,32,8.572939802763361,33,6097,Snow,1019.4437298605236
22/06/2024 04:28,6419,London,Autumn,26.912201846057798,80,8.372509907590837,50,3533,Snow,995.8817388603792
28/07/2024 23:16,6132,London,Unknown,27.79735743764159,82,1.500026164624261,36,9513,Clear,995.3906067275962
15/05/2024 01:10,8993,London,Winter,60.0,94,12.152170043235628,6,7660,Clear,988.2544943432712
28/07/2024 18:12,7735,London,Spring,28.523048095246736,38,1.8961598854055164,31,2438,Snow,986.6064274416508
29/02/2024 16:22,8125,London,Autumn,-2.3759207163180704,28,10.57872625866102,54,4864,Snow,999.5390712778876
27/05/2024 12:28,8720,London,Spring,4.033251810428816,51,3.4141672011542283,38,5891,Storm,995.597214701456
12/04/2024 01:53,8703,London,Summer,17.807096871378658,34,8.399981055105,12,7380,Rain,1018.0983010285072
22/04/2024 11:17,7727,London,Spring,31.310091642731532,51,6.918011634694642,32,50000,Rain,993.948644090324
22/04/2024 12:39,7510,London,Summer,36.53859104126136,65,1.3833569359175106,51,3583,Snow,988.2544867075812
23/09/2024 02:15,7571,London,Unknown,60.0,70,6.731481435852276,22,1634,Rain,997.316778175198
18/06/2024 08:41,6118,London,Spring,20.91752952562891,75,200.0,35,2807,Fog,987.6043993218768
06/08/2024 11:39,5359,London,Summer,20.176696295312468,75,0.2794310263832082,55,942,Rain,996.231270267944
06/02/2024 03:06,7864,London,Summer,24.754552960611377,69,12.959392643944213,1,2656,Rain,1019.9774262238568
04/05/2024 10:49,8221,London,Unknown,21.571466492054583,85,2.720470965394626,52,4441,Storm,989.950089483588
04/12/2024 15:05,8829,London,Winter,11.409576877055276,47,5.02512383465076,3,6327,Rain,1017.4217899111528
26/05/2024 22:56,6582,London,Autumn,20.931023782644125,89,8.787782520099109,29,390,Storm,986.3473467354404
15/03/2024 14:12,6236,London,Winter,0.9665764813618658,47,14.383915238233792,21,9921,Snow,996.223361877912
21/09/2024 03:53,7240,London,Summer,24.70018189052655,41,9.215125215985983,4,8199,Clear,997.2458759029652
25/07/2024 00:57,6856,London,Autumn,22.11870904750624,92,14.598953775422068,2,7757,Snow,988.7611799959932
01/07/2024 21:25,6786,London,Winter,6.559519122948785,36,2.481726931161752,39,2264,Fog,989.9853096871352
12/10/2024 18:02,5709,London,Unknown,23.39680542051317,83,6.901780980271723,42,9366,Rain,1017.9218320680532
08/06/2024 08:41,6373,London,Winter,29.870714106120708,73,1.9149299236855573,48,7453,Rain,999.6366479622257
02/10/2024 04:35,8553,London,Autumn,17.09576721046362,24,8.685285130523146,1,507,Clear,1013.0705352716494
01/05/2024 16:43,8059,London,Unknown,11.48538127760522,36,2.323686567664048,4,3596,Rain,992.231509992438
06/05/2024 21:09,8234,London,Unknown,28.37819101593198,27,200.0,26,3556,Storm,996.3521943384384
27/06/2024 16:05,6863,London,Spring,7.550828674971974,72,4.598017087175858,12,8409,Clear,994.956233629765
23/08/2024 12:08,7504,London,Spring,12.24096753114812,63,2.050902212164417,43,7232,Rain,993.387830054848
03/12/2024 19:19,7359,London,Summer,24.610442925455157,39,2.796657502216457,16,6442,Storm,1006.8660574104172
16/04/2024 14:29,7805,London,Unknown,18.128430739335368,84,7.998919552730967,54,4388,Rain,1011.512172099406
28/06/2024 00:31,7527,London,Unknown,15.84336060918278,68,1.8274067806707857,9,7713,Clear,1000.6992389280128
23/10/2024 07:04,7109,London,Winter,19.25475640154519,57,4.4674494426537965,17,3116,Clear,1014.0464466163786
24/07/2024 18:11,6177,London,Unknown,19.81423341402234,25,4.162631559242603,22,6356,Rain,1008.7436962308492
05/04/2024 01:37,5161,London,Winter,12.556488658645293,81,5.519939923029352,21,4112,Clear,992.7065800745196
05/05/2024 15:54,5999,London,Spring,28.444477171438272,68,9.219792494265498,16,4057,Clear,999.4073474798398
10/09/2024 05:03,6965,London,Autumn,26.310277901218736,93,100.0,39,3190,Storm,1015.5596555867672
10/04/2024 13:21,8271,London,Spring,25.94872580932816,43,0.4903001665465254,15,8329,Fog,979.448558594362
25/10/2024 11:12,8749,London,Unknown,34.01538327244775,84,15.413685266978623,32,4421,Rain,990.8548592177884
17/01/2024 18:15,6071,London,Unknown,24.430188974353214,27,100.0,2,9577,Rain,998.0838778488384
09/12/2024 16:52,7046,London,Spring,21.52880506914652,36,17.093652975252713,38,1367,Rain,983.9274034147436
11/09/2024 20:54,5419,London,Unknown,26.69315827054822,57,14.785770494132196,4,2377,Fog,1000.1354745875263
29/06/2024 14:16,8639,London,Autumn,26.485457241849797,44,0.4884353426283727,2,9543,Snow,1000.8709196917744
18/06/2024 13:23,6187,London,Summer,60.0,48,1.2454323121116797,46,8219,Clear,1012.27662569324
09/12/2024 09:37,6807,London,Unknown,8.246082262385501,81,13.46555089736795,37,3004,Clear,990.2821351442104
09/12/2024 08:17,7387,London,Winter,17.841662126015592,85,15.269707439862144,1,7816,Rain,1003.2654129990394
11/09/2024 00:52,5940,London,Spring,25.45228832254548,51,7.879632263987105,45,2687,Clear,992.2746947317868
28/12/2024 03:40,5430,London,Autumn,35.52192104487551,27,17.213049378885557,53,4576,Snow,1000.0797323687384
19/12/2024 16:36,7380,London,Winter,10.788102540101375,99,17.75494374518525,16,4440,Rain,997.6636662368478
19/11/2024 07:47,8446,London,Spring,20.813660537880462,28,11.865679023425376,54,3008,Clear,1007.151197925462
01/07/2024 15:49,7867,London,Winter,18.128430739335368,59,2.232819819948419,9,1805,Rain,993.3179484279998
21/09/2024 10:19,7035,London,Spring,5.488090339362387,43,7.127729203038969,6,7505,Snow,1001.0593911251218
05/08/2024 06:25,7208,London,Winter,5.349031852408816,74,7.6880540792125025,16,3412,Rain,996.5596943406492
01/12/2024 18:48,5782,London,Unknown,26.468958250774254,47,6.847663335202212,25,9161,Rain,994.87146565539
20/10/2024 22:44,7436,London,Spring,32.673818045262514,72,10.49323682604565,7,4229,Clear,1003.3458457874568
14/03/2024 03:48,8750,London,Spring,24.55739891648508,82,14.425710683586562,4,402,Fog,1001.352695689299
31/05/2024 06:53,8621,London,Autumn,32.07578575251493,39,1.5999374032838016,33,4949,Snow,997.5439413260674
11/09/2024 14:44,7494,London,Autumn,6.66529593895188,38,3.967748859698676,3,5004,Storm,1009.0517209384128
02/07/2024 13:51,7700,London,Summer,27.268967579552204,85,9.755696941627315,9,2958,Storm,1000.244985863903
30/06/2024 22:31,5807,London,Unknown,17.297293973163793,56,5.910899614519441,1,7826,Rain,986.2512151193686
15/05/2024 07:37,8713,London,Autumn,33.40028764022567,62,2.761236681859176,29,6415,Fog,995.5973218257176
14/07/2024 09:24,7727,London,Winter,18.128430739335368,77,6.121559305768883,52,8864,Fog,1002.235682393886
14/05/2024 21:04,8292,London,Unknown,25.928694864599223,45,19.965849316026777,41,5321,Rain,998.2445927385075
13/03/2024 11:39,6853,London,Unknown,16.40025887563653,38,7.999653738812205,22,7479,Fog,983.7719190483944
12/06/2024 19:42,7102,London,Winter,14.06736590136606,88,9.70747014898948,49,1247,Fog,999.7047781862868
03/12/2024 09:10,7783,London,Summer,5.990930710275704,76,15.29341121953254,54,4261,Rain,978.1322120395056
19/01/2024 05:03,8944,London,Unknown,33.80620128973091,60,5.039422415961333,19,7030,Clear,1001.5342446234392
28/08/2024 06:31,6640,London,Spring,12.709241098261051,61,3.985949095157317,54,153,Snow,995.3513520759049
27/06/2024 04:18,7739,London,Summer,31.06909976925128,98,2.424117605711693,42,5705,Rain,1012.4112916908216
07/04/2024 23:21,8352,London,Autumn,60.0,84,9.87446285341018,31,1764,Storm,985.9696100579264
15/11/2024 23:13,5497,London,Winter,8.48818914249781,91,0.6841514364596399,4,2965,Clear,1023.3881103448106
18/08/2024 18:05,7708,London,Spring,12.57052379755924,81,1.40051424326483,5,9012,Storm,986.9415186271416
06/06/2024 07:50,6926,London,Summer,9.543469647379052,79,5.237263183214036,0,2481,Rain,1006.645900484284
22/01/2024 07:00,5104,London,Winter,5.059750496509142,66,3.401474374139495,50,9062,Fog,998.5133195549232
03/03/2024 20:35,7863,London,Autumn,20.377574130922607,67,1.9393991947292035,28,931,Rain,1004.5092583335936
25/03/2024 11:53,7494,London,Summer,33.48337008613591,85,2.4835606618350763,11,862,Fog,1001.3288508623674
14/05/2024 16:24,8896,London,Unknown,21.721583834448577,78,100.0,16,9742,Clear,1010.52039361591
11/04/2024 21:39,8149,London,Spring,10.686918564231942,79,2.085630094101986,28,2178,Rain,991.4486938033612
20/08/2024 21:47,5208,London,Autumn,32.05168080484205,40,0.1909753825703433,20,6738,Clear,981.6828844186116
02/02/2024 07:06,6154,London,Unknown,20.952829204570328,85,12.53299098081332,6,219,Rain,986.3678501427372
24/09/2024 18:31,5642,London,Winter,40.90454967086281,73,150.0,9,225,Fog,1000.59423548
11/11/2024 13:06,6148,London,Winter,7.942165355762091,24,4.197599450623234,23,1016,Clear,1007.087063805738
28/05/2024 14:21,5298,London,Autumn,1.4396273537982367,65,3.3241475306062256,52,3194,Clear,1002.7217242336832
07/02/2024 12:06,5993,London,Summer,7.084201824905271,88,2.875108720570472,12,6076,Snow,1004.675346808824
21/11/2024 12:23,7358,London,Spring,14.270830668683182,82,8.91119594225483,26,5385,Clear,997.1831810305812
24/11/2024 01:57,5323,London,Spring,19.976435014508283,93,2.379159453040157,31,50000,Storm,996.5209101111705
23/07/2024 22:07,6762,London,Unknown,16.307554655460955,81,6.753562219772579,47,50000,Fog,1006.511529062318
08/06/2024 23:31,7426,London,Unknown,10.835752630927905,78,9.158497948619743,15,2916,Rain,992.7814435183974
20/09/2024 11:39,8844,London,Spring,24.385243835868145,99,18.93756454121506,24,9046,Rain,991.1832866724814
17/09/2024 07:05,5606,London,Spring,18.41365994397553,38,10.151493526134225,1,4775,Rain,1016.3533852245828
22/10/2024 19:42,6514,London,Winter,5.891193625027405,33,3.4242861347213296,56,3627,Rain,998.7461684888516
11/06/2024 02:13,7181,London,Unknown,25.527224496070293,79,22.33150217465325,12,7894,Rain,1000.0211218483842
02/02/2024 02:40,5126,London,Unknown,15.119281977901842,82,5.678129584204676,28,9934,Snow,988.9328103488403
07/06/2024 13:04,8521,London,Spring,9.266946781647878,45,11.67679921344309,51,7224,Clear,1007.4052229569868
28/08/2024 09:28,6289,London,Spring,-8.149430224967798,47,4.8363762863538255,52,2806,Fog,1012.0881839744015
29/02/2024 18:11,6056,London,Autumn,7.883039916221762,43,7.201708152460087,22,5480,Rain,1000.4561732378468
21/02/2024 04:40,6347,London,Spring,13.659481563457764,50,9.128226807676516,57,6820,Rain,989.639420208235
06/05/2024 05:50,6624,London,Winter,18.590163829478545,75,6.635021444986819,56,6835,Clear,986.8469128143104
23/06/2024 01:08,7643,London,Autumn,16.07121216521723,64,10.256017927853389,48,1976,Rain,1010.8760889159604
19/04/2024 13:25,7430,London,Winter,12.270824830411453,27,1.3247276158258732,21,7415,Fog,1009.9926503713928
20/09/2024 04:27,5310,London,Winter,21.09861397729011,90,13.960293537675351,23,1908,Rain,1000.8149268328946
03/08/2024 11:53,8367,London,Unknown,15.248522252843348,43,1.9999280972880145,46,5059,Snow,990.5123748182
03/11/2024 06:57,8882,London,Summer,23.348639536482665,84,4.685054096318917,30,8440,Clear,1009.7878737688864
28/02/2024 22:01,5398,London,Winter,17.925284599949304,36,4.086910813752265,0,5739,Snow,998.3275295979294
28/05/2024 15:00,8575,London,Autumn,18.128430739335368,47,2.3637543104430687,48,3070,Rain,1012.6044154522052
03/08/2024 01:53,8226,London,Summer,33.68952111696882,64,2.474742818221747,6,5973,Rain,995.2883958007166
20/01/2024 19:55,7768,London,Autumn,22.9263448841576,20,2.4073025169262383,34,3287,Clear,1004.5248988342728
03/06/2024 21:25,5712,London,Spring,15.365523460700306,82,0.0750422950427678,4,4220,Snow,1014.3257465338608
23/07/2024 22:18,8530,London,Summer,18.799924571705294,64,2.237838306567455,10,7606,Rain,1014.3949585606636
12/10/2024 23:52,6114,London,Spring,11.53641496131587,76,16.001338480043543,9,6674,Clear,994.8400161910134
12/11/2024 19:00,5392,London,Winter,13.464655175172558,84,15.621356023751206,58,3130,Rain,986.0506913168024
30/03/2024 03:51,8120,London,Autumn,6.752726101629971,48,9.61114950976631,3,6759,Rain,1005.8796684910412
24/03/2024 13:43,7867,London,Summer,17.790570222656914,44,14.574889647927131,0,2356,Snow,1011.861256226341
20/02/2024 12:41,6968,London,Unknown,-2.4336604237176225,51,8.059398002579693,8,930,Fog,994.4451698810238
08/12/2024 22:20,5470,London,Autumn,14.167125024342752,38,5.211201385894019,57,4046,Snow,1004.714590121386
12/04/2024 15:56,8107,London,Autumn,30.84806910141953,89,5.415933636739069,0,7524,Rain,1026.3360098260875
01/02/2024 03:10,8026,London,Unknown,19.46098773533013,75,6.599394468043176,24,754,Fog,1003.4423639255724
26/01/2024 08:28,8517,London,Spring,16.44763395731077,24,3.4529036701541225,9,9980,Storm,994.6041796542502
22/08/2024 07:50,5674,London,Spring,3.2286407166859927,78,7.318666819992778,59,6636,Snow,1017.3245162115024
25/08/2024 09:54,6252,London,Spring,18.128430739335368,86,13.25966681364755,9,1824,Rain,1009.1671478642792
10/12/2024 16:43,8368,London,Winter,16.93909598540879,34,0.1675863809348232,32,3901,Rain,1002.6287971542444
08/06/2024 09:32,5868,London,Autumn,24.81084758678507,30,0.2971042532312529,34,6801,Fog,1004.6140284294746
16/05/2024 15:44,5407,London,Spring,16.911385492046268,42,1.7737185346385864,14,8981,Snow,988.9833085335443
31/08/2024 22:04,6742,London,Unknown,14.174478729026388,59,7.393488982621257,2,50000,Clear,1004.952570527433
19/08/2024 21:30,5004,London,Spring,9.643329216467809,89,9.238402421510418,57,3650,Rain,1009.331027733086
17/10/2024 13:53,7915,London,Unknown,24.490342268385216,56,13.69859813293067,16,6107,Clear,1007.128817727327
26/11/2024 03:52,8009,London,Winter,27.025380842742024,48,8.77645935979096,17,7221,Fog,1014.0002238087208
18/10/2024 01:56,6394,London,Unknown,11.580152224849178,86,200.0,16,1441,Fog,985.1693011795396
31/05/2024 02:22,8349,London,Spring,9.899772886096036,46,3.2312309504496675,56,8488,Fog,1008.7390102847256
15/03/2024 04:46,5494,London,Spring,-1.0873614808695216,87,1.203264239217198,35,5191,Snow,994.9063448001796
28/03/2024 02:46,5265,London,Summer,28.51170444248244,48,10.828468066590943,42,1286,Fog,998.8186328682608
30/09/2024 03:04,6971,London,Unknown,22.171061698354254,42,1.358776149379162,8,7374,Rain,1009.133450939528
07/12/2024 03:38,5503,London,Unknown,11.645005142004964,91,6.792365129726374,53,7285,Rain,999.860770780072
11/01/2024 22:59,5862,London,Winter,24.51927439627177,79,4.209024173382183,18,1844,Clear,992.1597614209765
07/04/2024 21:02,7668,London,Spring,34.52897155340782,24,7.6066196604701295,46,4346,Rain,1012.5094720202457
18/09/2024 18:22,6197,London,Summer,11.984065223448226,74,13.626831113739833,3,9961,Storm,1007.6949692403562
03/10/2024 22:25,5676,London,Unknown,2.197747205822445,23,23.22342116268796,9,5938,Rain,1006.8796544182552
07/05/2024 06:51,7287,London,Winter,33.30508808357442,25,2.421160135048522,16,1889,Storm,988.2625962127506
09/12/2024 00:36,7443,London,Autumn,17.766789667624995,24,5.587666686158975,12,7669,Rain,1014.3145361045132
01/02/2024 17:52,7868,London,Unknown,28.075430035480306,60,2.327448673177112,36,5107,Rain,982.8204676646558
26/09/2024 11:53,5268,London,Unknown,-0.6747850109699662,22,6.894834431817544,20,9312,Rain,1016.3892649391444
15/09/2024 17:17,6399,London,Unknown,33.12170309171461,26,4.759505954212587,23,3843,Clear,1002.0628678344568
30/12/2024 06:08,6344,London,Winter,12.102203592013783,69,2.251122628719406,31,106,Snow,990.8372444268198
19/05/2024 11:34,7590,London,Unknown,4.390161038925799,43,14.828645378195429,51,108,Clear,1007.9438806620868
30/03/2024 15:52,8659,London,Autumn,29.815412562744196,20,11.478565557610873,7,1160,Rain,1017.0143377661248
15/01/2024 05:06,7313,London,Spring,0.0754610666063761,57,10.50955408543991,29,8050,Rain,1011.6164335538274
29/11/2024 14:53,8640,London,Autumn,29.084393444915957,43,9.832477410341223,20,3649,Rain,1005.9444438164178
26/06/2024 06:05,6782,London,Unknown,31.62737533674132,92,0.2156666273210534,52,5043,Rain,983.7854485904872
28/03/2024 22:31,8830,London,Unknown,14.157167144488634,87,7.705531453000555,27,1784,Rain,998.3672608607224
31/07/2024 15:26,8331,London,Autumn,24.00373416148781,84,11.037935055394192,31,7100,Clear,1001.5943537444252
05/06/2024 13:30,8758,London,Winter,12.177286526890594,94,13.415906196224416,49,3433,Storm,999.318828617952
26/12/2024 16:34,6536,London,Summer,16.497717754867473,37,5.742243995740219,18,6643,Rain,997.5274697104576
20/03/2024 08:42,6855,London,Unknown,32.11186776784565,44,8.773779253368243,36,1448,Rain,990.3843278563604
28/06/2024 23:35,5775,London,Summer,9.19965456095408,20,9.87044873044623,53,8695,Rain,1011.4101701943496
17/10/2024 04:57,8106,London,Autumn,29.924660859694544,46,13.909447966615536,37,320,Clear,992.7861177678328
26/01/2024 18:23,8920,London,Spring,11.155040163642722,88,5.797530866222286,58,8874,Clear,995.465903034164
26/04/2024 06:11,5470,London,Winter,18.005749185002614,23,10.64324469162021,39,5601,Snow,997.8427507673536
15/07/2024 17:45,6417,London,Summer,27.80914015847639,60,5.76897862807664,21,9256,Snow,1010.0663149281136
27/05/2024 16:09,5884,London,Spring,16.99221283586453,70,3.462456351398644,24,9941,Snow,1000.452022526745
21/05/2024 23:10,7556,London,Spring,12.625597392931086,92,17.849485269484518,23,1768,Rain,1005.8679461410362
05/02/2024 09:38,8809,London,Summer,32.829291771696006,86,0.5976039818223162,18,3401,Snow,990.0986430379838
16/06/2024 20:57,5726,London,Winter,13.577434293450272,42,13.787756494566215,7,3107,Clear,999.4540837525644
20/12/2024 08:28,8504,London,Winter,18.927358918648597,27,17.701269131974783,32,2386,Fog,999.2956130284024
23/06/2024 13:11,7332,London,Winter,21.66371847010186,77,7.503315173998152,53,7163,Storm,986.9465345519872
23/02/2024 23:53,7973,London,Winter,21.688933592067755,76,10.326916353942742,0,9205,Fog,1021.4628855021562
28/04/2024 01:33,5917,London,Spring,24.02192110344461,87,14.960054831175924,3,5512,Rain,990.847873142243
02/09/2024 20:26,6763,London,Summer,15.117707538739715,70,17.78168257163166,13,7955,Snow,1003.222006771958
29/05/2024 07:10,8866,London,Summer,21.97302796725984,41,6.980599797117577,54,5617,Storm,998.5013340678422
02/08/2024 18:52,6283,London,Winter,11.466580619382883,54,11.492372224270332,38,2449,Storm,997.1149093767708
02/05/2024 16:04,7235,London,Spring,22.63980769642265,49,2.972908639220851,22,5251,Rain,1002.925566636808
17/03/2024 01:38,8490,London,Unknown,25.01885529323044,23,7.082686798993912,43,9988,Snow,985.9141048845396
04/07/2024 21:45,6617,London,Winter,-30.0,66,7.392660589539924,35,172,Clear,1002.3960018944144
17/03/2024 20:48,5893,London,Spring,4.505915146960376,55,10.633960774683764,8,6522,Clear,1001.29563598308
25/02/2024 15:51,6382,London,Winter,18.326156192688767,75,0.2761170341602081,55,8854,Fog,996.2775337604882
30/03/2024 02:59,8663,London,Unknown,18.128430739335368,70,13.019257167817566,19,9524,Clear,997.3129272042454
02/02/2024 03:48,5991,London,Winter,11.212727889482167,49,1.841534465149306,26,8427,Snow,990.662268609264
13/04/2024 07:55,7527,London,Autumn,22.87390750400198,21,5.774069336260241,1,9247,Storm,992.2313241734452
14/04/2024 17:58,8446,London,Winter,28.754910226794628,88,10.790429686922518,52,3788,Snow,1002.5474941104408
07/05/2024 23:42,6534,London,Autumn,10.563565341429255,40,9.121431228606635,15,9056,Clear,999.8014038032668
21/07/2024 12:58,5988,London,Spring,30.94408681436737,71,20.07775815283861,35,9884,Snow,984.2481049330056
16/05/2024 11:50,7654,London,Summer,11.9753307528005,76,3.712296904913216,57,4954,Rain,997.5771488623476
23/06/2024 20:55,6440,London,Autumn,7.729233970493137,98,200.0,7,8340,Fog,1003.7847504778824
12/02/2024 10:15,5707,London,Winter,6.849009371943467,72,1.368842704007788,47,2139,Rain,1001.6570641436492
26/10/2024 22:46,5407,London,Winter,18.58515787245446,33,9.566922313865682,49,50000,Clear,996.5560520509702
08/05/2024 04:36,8055,London,Spring,17.802921407832528,30,15.83387334203273,59,5555,Snow,1011.6660204182316
07/08/2024 01:41,5524,London,Autumn,-30.0,90,0.3934661736287648,50,9345,Snow,1009.2680606730268
06/09/2024 22:32,6048,London,Summer,22.06185714610531,56,2.958703131037062,28,50000,Clear,1015.0801113958574
04/07/2024 06:53,5333,London,Autumn,11.09930123465844,59,18.58512899814801,26,9108,Snow,991.9075777244252
23/11/2024 10:45,7827,London,Spring,43.83367189858137,26,11.348100217132965,55,8954,Rain,984.1743763990436
09/05/2024 05:18,6238,London,Summer,18.128430739335368,87,19.31939195203584,34,5966,Fog,992.241738740881
01/05/2024 01:40,7072,London,Winter,18.466958571236457,47,4.356984200160465,31,3272,Rain,1003.9573374925004
08/01/2024 18:27,8958,London,Summer,8.798580882495909,67,6.6772557573777895,2,3937,Storm,975.9699880662168
18/02/2024 14:41,7812,London,Winter,9.622010492599786,33,12.575896887487788,57,6227,Fog,980.7969525798444
20/02/2024 01:44,8430,London,Autumn,17.299937705024103,22,0.3802076607928129,54,3312,Clear,993.8351755320022
28/05/2024 15:12,7953,London,Winter,17.292250289809434,31,6.791260114069921,36,7355,Storm,989.833283447432
24/06/2024 00:46,6090,London,Spring,18.128430739335368,66,1.065677302004156,32,2890,Fog,986.307413582062
22/04/2024 06:21,8184,London,Autumn,14.633140068537172,65,3.964085477838831,48,9794,Fog,998.199507076287
06/07/2024 11:28,7450,London,Summer,18.36672831436059,29,2.278222744510768,46,7530,Rain,1010.1026524654573
02/04/2024 14:43,6550,London,Winter,23.730821294382025,65,6.24038960541315,44,5393,Fog,1019.808092909725
23/11/2024 19:25,8912,London,Summer,27.98842047406763,93,0.3340594466607829,57,4728,Storm,1016.2077670489648
28/03/2024 09:11,8789,London,Winter,11.765989779673705,46,16.46787816649452,40,5837,Clear,1012.6319143264363
17/04/2024 12:54,5045,London,Winter,18.529334010962152,86,8.976790772607927,25,2917,Storm,992.6145364986202
09/03/2024 02:04,5513,London,Spring,30.44415168192762,75,8.003778946470984,44,1451,Snow,983.4654691740792
05/10/2024 01:48,5244,London,Unknown,18.13213522117951,65,9.420769604102883,31,4613,Clear,1008.837501450014
17/05/2024 20:39,8625,London,Spring,18.65361732319009,93,14.930182256249186,29,2799,Fog,1003.339926378562
23/11/2024 11:15,8678,London,Summer,23.756815924744718,31,3.3491697809349343,53,3585,Rain,1004.4753695544796
07/12/2024 20:33,5131,London,Spring,34.927149611856706,28,8.909644049166587,59,4004,Rain,1014.5710872995418
10/08/2024 15:47,5521,London,Unknown,36.34527426595107,87,8.125629649482127,50,2429,Snow,1014.7183778093618
12/11/2024 03:12,5452,London,Autumn,24.09221150715929,31,1.3494646173343847,3,1921,Clear,1001.5725381134648
11/07/2024 22:39,5572,London,Unknown,13.03453546207752,75,20.474605364180952,31,5896,Snow,1002.4863722799996
24/04/2024 03:51,5748,London,Unknown,33.06196357496146,30,8.69716281136893,44,1864,Fog,984.1292148603952
30/01/2024 12:08,6959,London,Spring,15.908545833291717,30,15.104454984197613,14,5428,Fog,978.0410400835082
11/12/2024 07:55,5701,London,Spring,23.24607249535082,93,200.0,55,3834,Clear,994.8584135719184
23/10/2024 00:12,8993,London,Unknown,14.138202951630497,98,0.4162399134189645,44,50000,Rain,1001.5624797912716
16/06/2024 10:37,5258,London,Winter,8.204443517990264,21,12.253084890216089,18,9027,Snow,1004.7082783580424
21/06/2024 00:52,8845,London,Spring,16.063524037516615,88,1.7286117343252565,4,1621,Fog,1008.0437071157244
21/06/2024 23:07,5027,London,Autumn,30.357939030930183,37,1.6914574560553723,15,4348,Rain,1015.8981722846338
27/02/2024 15:47,6318,London,Winter,27.350617072615748,38,10.872973773873952,40,6419,Storm,1003.261963424394
14/09/2024 23:05,7429,London,Spring,35.53344405410755,29,22.051647910967127,39,6690,Clear,996.4503722089456
24/09/2024 09:40,7648,London,Autumn,31.45096289044045,47,16.126784318356783,20,2466,Clear,998.5473314812627
28/12/2024 08:35,7910,London,Autumn,30.062020453146204,62,16.349868212793105,0,6069,Snow,1003.4528802383574
01/08/2024 15:46,8553,London,Spring,20.80023863408337,50,100.0,57,50000,Fog,1011.040741761958
04/02/2024 02:28,7630,London,Summer,7.605554450568967,45,6.403873209853416,55,2683,Clear,1023.9362496160728
22/12/2024 14:37,8989,London,Unknown,19.47157111693221,32,10.644717521211629,13,50000,Rain,1000.1154405595988
24/05/2024 07:02,7705,London,Autumn,26.2869493956086,51,5.2175776922742765,53,1423,Storm,996.1365367779669
13/09/2024 04:00,7918,London,Spring,10.192652860871435,98,0.3871299684706351,20,5255,Rain,1004.849089644124
17/02/2024 09:09,6134,London,Winter,8.926034659179633,98,1.762958385531019,24,3435,Clear,1001.5199215044772
11/03/2024 03:34,5616,London,Autumn,12.952470941698316,59,6.380344630160193,20,3208,Rain,1001.0744933723914
28/02/2024 13:02,7064,London,Autumn,-3.098100578887596,62,10.489067348901957,0,4902,Clear,1002.3195802613892
14/10/2024 02:17,8617,London,Summer,20.12280204204842,24,3.3733438474497,50,285,Rain,987.0344004931128
07/11/2024 09:46,6656,London,Summer,8.17148846825498,69,16.762300303200266,52,2003,Clear,1000.7673959849348
21/03/2024 09:55,7253,London,Unknown,1.8570857889752048,57,13.20810043916615,51,50000,Fog,1004.4446123325372
26/06/2024 06:49,8640,London,Unknown,23.01739915128765,46,1.9452458719793368,15,7346,Storm,998.2395383564684
24/10/2024 01:29,5401,London,Winter,23.01910467420185,35,100.0,7,4659,Rain,1004.3230774460368
02/12/2024 00:25,8656,London,Unknown,24.235117205768503,47,6.247857530860512,39,5274,Rain,1007.2586378544516
06/03/2024 14:38,5418,London,Autumn,12.840010340483524,98,20.221090116028087,48,5528,Clear,973.346403377452
27/06/2024 11:54,8190,London,Summer,13.90082926824498,92,8.957938567425124,21,5025,Snow,1017.578398829152
01/04/2024 09:13,7152,London,Unknown,18.128430739335368,44,11.212303693470798,2,7980,Storm,1004.9546375979756
08/10/2024 16:36,6634,London,Winter,-2.0438047824446564,25,4.009666096166495,18,7663,Clear,1000.1939322922228
05/12/2024 04:40,7109,London,Autumn,15.6443588464015,25,13.571925897726908,9,8457,Fog,979.837170336746
24/05/2024 05:42,5574,London,Unknown,17.14549947136521,67,16.381218822897708,26,2995,Clear,1003.0129772462128
04/09/2024 19:54,8177,London,Summer,-0.3275879691453376,40,1.297660602041292,6,481,Rain,1022.2800146938636
15/03/2024 10:58,7537,London,Spring,14.81250594769541,27,6.592614278359752,43,1762,Fog,1005.146172268705
21/03/2024 10:35,6112,London,Autumn,21.082250269991857,32,5.466645198125658,13,9326,Rain,1011.999183559859
19/04/2024 03:34,5134,London,Winter,20.165902932284425,31,0.7916745315969562,9,7320,Fog,985.7188099249988
22/03/2024 14:47,6820,London,Unknown,7.3729833875699455,38,6.47497788817366,17,9131,Clear,1004.8957370275956
18/04/2024 09:12,8842,London,Summer,37.43712843777841,20,2.5542376783882963,27,7456,Storm,994.0196355665862
09/10/2024 03:53,5985,London,Autumn,14.64901249309102,84,4.145922496474914,15,50000,Snow,1009.5426925661494
05/10/2024 16:35,7521,London,Summer,19.78588036456748,52,12.510359672567684,13,1365,Snow,994.4981939931585
10/04/2024 16:10,5468,London,Unknown,12.261876463248978,69,6.661905499089553,46,7836,Storm,1008.6860134391176
02/05/2024 08:55,8777,London,Winter,26.207969553297577,25,6.404461667260676,17,8064,Fog,1007.0956007092236
09/06/2024 19:28,7208,London,Summer,31.085156649008688,30,2.716295836976013,54,4663,Rain,998.1437800398533
10/12/2024 18:26,8973,London,Summer,29.114371919018662,55,22.84684207573426,43,4994,Fog,994.4533114304644
25/03/2024 17:06,7711,London,Autumn,34.277289486854485,46,6.026885397028327,4,1130,Fog,993.773746312187
05/01/2024 09:02,5326,London,Spring,18.128430739335368,52,14.461198056799962,18,1115,Snow,993.3295748946068
15/12/2024 06:58,8161,London,Summer,15.581646056680524,52,14.617501914327978,54,3374,Rain,1012.827538538764
20/07/2024 12:59,8347,London,Summer,19.69255744869264,88,19.234284189935902,35,5098,Rain,1013.677278062732
23/02/2024 11:17,7438,London,Autumn,12.546701456916807,30,24.11538691409415,5,4785,Rain,1005.545997664314
27/01/2024 14:42,6063,London,Autumn,31.82294917443518,60,7.456510601622545,33,7409,Storm,1004.6982025327518
28/11/2024 02:28,7976,London,Winter,15.674025272339582,39,14.823951697363457,52,1825,Clear,1004.7406391353248
02/06/2024 09:27,6168,London,Winter,21.310875897906342,94,5.274011485349571,38,9507,Snow,1009.5461366507914
01/08/2024 08:35,8170,London,Summer,7.978293609075443,51,3.6007396114609063,51,7976,Rain,1002.6237778103766
04/04/2024 06:56,8367,London,Summer,12.428008277156286,81,4.886600375732433,24,50000,Storm,979.3855682094772
28/09/2024 15:10,7746,London,Spring,17.41413926217117,81,3.3208589807165367,37,7212,Rain,1001.200688264296
25/03/2024 00:56,6619,London,Summer,22.88640467774096,33,11.254129667194109,18,8848,Rain,998.4942569934924
20/04/2024 12:58,5088,London,Unknown,21.612303585729222,21,0.504580371933324,51,9574,Rain,997.0313872549724
28/04/2024 04:39,5865,London,Autumn,10.289453682491596,25,7.360649218749805,41,6284,Rain,1005.8696614818324
28/03/2024 05:37,8748,London,Unknown,5.5436696123669655,71,2.413903009777893,33,6227,Clear,998.2716670501212
05/09/2024 03:43,5577,London,Autumn,23.082905023240137,97,0.5319624671676779,57,9359,Rain,1006.4742981931488
06/08/2024 16:16,7865,London,Winter,12.1922361739373,89,8.004408184333911,33,3451,Storm,1001.989897663326
17/03/2024 15:45,6976,London,Summer,6.354559812184375,38,1.9767568147516763,24,9081,Rain,994.4088490843784
08/06/2024 18:35,6024,London,Unknown,27.361400431209137,71,1.1067035673517729,24,3532,Snow,1005.8502433126168
01/05/2024 14:08,5607,London,Spring,14.438226032464716,46,23.24516100544892,33,4664,Fog,997.0351102153576
10/02/2024 03:03,6314,London,Winter,35.52610842607689,65,4.54674111591646,37,7460,Fog,1009.1104591879496
21/10/2024 07:45,5827,London,Winter,31.950295974080024,53,0.0347278983042622,13,5899,Fog,997.3539426013756
05/10/2024 05:51,8854,London,Winter,-30.0,30,2.756534957833745,6,5115,Rain,983.8121200297692
05/05/2024 05:42,7480,London,Autumn,12.602086691553756,46,5.465167620439205,27,4438,Storm,1001.1694466262188
08/11/2024 19:21,7755,London,Autumn,37.36298376282852,37,2.5571288437118525,4,7314,Fog,995.4080788817488
27/12/2024 01:11,7709,London,Winter,37.58896317835711,46,6.476167008930876,13,9219,Rain,995.6073200588588
09/12/2024 14:52,8757,London,Summer,8.996428011872865,80,11.026864893432418,35,5793,Snow,996.3119957955228
12/09/2024 10:08,7749,London,Spring,18.099835891525327,24,10.473212060242052,27,3265,Rain,1002.0156365510144
05/02/2024 08:35,8300,London,Autumn,19.04831406097248,22,14.343329408743251,28,8890,Fog,992.976776797746
11/08/2024 00:20,5726,London,Autumn,25.146574051955085,94,5.141426898539166,13,9966,Rain,993.0789654600716
04/01/2024 17:58,7524,London,Autumn,25.47012800370043,61,3.589931289552055,34,8164,Snow,988.8618506747026
27/09/2024 05:45,8825,London,Summer,5.156592141281351,75,14.313805212967244,16,3306,Storm,982.4907972425614
02/07/2024 10:49,6766,London,Unknown,23.91847636190324,67,4.416111885747894,47,2633,Snow,994.2170497128814
21/12/2024 11:16,6901,London,Summer,4.760374437581882,23,5.741169416684414,14,850,Rain,981.015103325982
30/05/2024 14:12,8087,London,Unknown,18.848478287266605,22,8.1774659498044,6,4383,Storm,994.3535074655232
04/04/2024 05:50,8723,London,Unknown,31.00017527056326,25,0.5918284560860485,12,2102,Rain,997.649618998908
18/09/2024 03:05,7686,London,Unknown,38.83879588874822,28,11.90473744834862,17,3387,Rain,1014.2581981115738
06/12/2024 19:26,8654,London,Unknown,18.128430739335368,25,8.542081512155903,45,4628,Snow,1007.7748373639706
09/08/2024 16:23,6932,London,Unknown,11.246358969874835,80,10.63464728751284,7,6821,Snow,1000.0305531748924
13/11/2024 19:41,7193,London,Unknown,26.172703385370443,67,5.766832266785501,52,3488,Rain,993.7651116718464
20/08/2024 02:44,5377,London,Summer,23.62353892124763,70,13.33229121394992,59,3593,Snow,1006.498977488518
30/03/2024 07:20,7901,London,Summer,5.430009654223575,61,6.096890047498671,8,742,Storm,1015.7860897451816
14/10/2024 06:21,7825,London,Spring,18.73064473435437,82,11.211620044325802,57,351,Rain,1005.8234296565344
04/08/2024 17:36,5441,London,Winter,25.84152278815814,96,7.745401604380079,2,5310,Rain,1000.9849871439862
03/06/2024 01:43,5983,London,Summer,18.128430739335368,37,8.253959258255712,27,8636,Fog,979.7764432520228
09/03/2024 20:18,5339,London,Unknown,24.878519716798884,96,8.89356319603574,26,6372,Rain,1006.3466642976406
11/07/2024 16:59,6346,London,Winter,22.655633102625632,89,200.0,17,5070,Snow,1007.5805874984592
08/11/2024 14:59,5025,London,Unknown,27.837810076209596,81,10.912314014865586,21,8694,Snow,999.1853922090112
26/10/2024 20:16,6522,London,Unknown,-30.0,83,14.538289298189104,42,5281,Rain,1021.9533081666466
20/07/2024 21:33,8420,London,Winter,10.12779433923016,51,3.864001814871772,1,4023,Clear,995.4038071801892
09/01/2024 17:04,8389,London,Summer,60.0,59,2.308657541759964,50,6283,Rain,1003.1407223920694
27/11/2024 02:25,6384,London,Spring,19.99982480163913,70,8.311401921178662,52,7666,Clear,1003.2426287375594
21/11/2024 01:45,8189,London,Winter,28.2513626918185,35,8.407817129898753,1,50000,Clear,990.5873631492832
12/08/2024 07:59,8966,London,Autumn,22.211749917914148,64,6.649946141418292,18,5310,Snow,998.5112081652818
20/10/2024 22:37,8486,London,Autumn,12.851132202309016,97,5.85459915037378,3,3822,Rain,991.0597581101767
08/03/2024 16:30,7555,London,Spring,18.128430739335368,24,5.706330238862083,4,50000,Clear,992.0888209715432
10/09/2024 08:16,6466,London,Summer,33.1210135933509,77,2.1324434562137693,46,7022,Clear,989.0635916901148
03/01/2024 16:05,5486,London,Spring,8.431965459314611,69,6.129524610000767,51,4241,Storm,1015.5963006302048
14/07/2024 16:32,5821,London,Summer,24.68117831555437,59,1.6975575426370648,31,2458,Snow,1020.9997874251226
19/11/2024 02:25,7072,London,Unknown,3.425361651378376,26,9.198539903337227,10,1044,Rain,1001.7961669289516
10/07/2024 06:38,8365,London,Unknown,18.51189113033901,33,16.520542812407882,57,6546,Storm,1005.9252816605529
04/05/2024 23:03,8110,London,Summer,34.36081282795317,40,10.969477638184324,17,5810,Clear,1013.1936738005716
10/09/2024 22:15,6677,London,Spring,16.867057860273636,28,1.4068818459542245,57,335,Storm,1018.6186601526132
03/05/2024 15:50,8784,London,Spring,13.254079451714428,67,6.972440169792274,26,9784,Rain,993.05851832126
12/04/2024 07:21,8467,London,Unknown,23.424839756511624,21,15.651056736608083,34,5640,Rain,1007.5377768807406
09/10/2024 17:08,6587,London,Spring,13.965666553811497,77,3.2465782655048887,39,9190,Storm,1010.745188244232
18/11/2024 06:20,8952,London,Summer,29.671150399388644,22,18.793323103658828,18,2905,Clear,994.364672360339
17/09/2024 22:09,6655,London,Winter,24.247363390191737,24,6.525602722041187,8,8695,Rain,993.8926552342696
15/02/2024 03:10,8793,London,Summer,15.635379626976407,64,7.733851928933526,31,2863,Rain,1008.563480446289
18/05/2024 03:02,6362,London,Autumn,27.39779598546033,91,3.65952318744082,45,50000,Rain,988.6388265274368
07/12/2024 20:41,6030,London,Spring,13.59591410019081,29,7.087503602827542,56,403,Fog,1015.9909417478252
12/05/2024 05:34,6354,London,Unknown,13.79650941194312,59,0.2547862605359512,49,50000,Fog,988.8002316870844
16/10/2024 10:30,6987,London,Autumn,16.53090120794605,92,0.3251677252131593,58,4730,Rain,991.6773258747132
02/09/2024 14:32,5615,London,Winter,3.1751655430111363,79,1.013523610144869,57,50000,Storm,1010.1425966926512
24/11/2024 13:37,5864,London,Unknown,3.40194418442489,26,17.22467944420361,52,3345,Snow,991.3810427926344
11/04/2024 18:22,6876,London,Unknown,25.29365932723743,35,2.1546758087920974,10,9189,Clear,1027.7450972156046
16/02/2024 23:47,6775,London,Summer,33.55880775035169,61,14.323544021592866,5,253,Rain,991.278943953726
25/03/2024 15:13,8673,London,Winter,13.515600506630848,33,6.141762731400173,24,7465,Fog,1001.9306533340152
13/07/2024 20:50,7940,London,Winter,37.20752400162962,37,8.707380436949038,29,311,Rain,990.970692372481
04/01/2024 07:02,6126,London,Autumn,23.858602624066943,86,13.62989593033289,54,3681,Snow,989.449070031515
06/06/2024 17:44,7826,London,Autumn,25.814945003013925,92,7.67640433721736,4,746,Clear,999.7491463431168
24/05/2024 23:45,7716,London,Summer,24.850339485717,80,6.9177775522996585,58,3807,Clear,1002.2095795303258
07/03/2024 17:10,5025,London,Autumn,6.924522080842433,59,5.5219405048966745,8,7941,Clear,988.0112996628848
19/01/2024 21:39,5300,London,Unknown,24.20626465245656,71,11.025496659323856,45,7727,Storm,1004.4839077323544
21/02/2024 06:53,8412,London,Spring,21.7491221704919,65,2.8529386376170445,22,6915,Storm,990.7012336786808
23/12/2024 13:28,7131,London,Autumn,12.764955887492924,53,9.48156096864415,41,6219,Storm,990.212212076276
22/04/2024 07:57,8235,London,Autumn,9.461139513432768,79,100.0,28,718,Clear,1015.5136693646424
22/08/2024 12:59,8906,London,Winter,27.056712435773896,40,4.50814337761198,34,6912,Rain,989.4874040284272
04/07/2024 04:35,7464,London,Autumn,18.128430739335368,58,7.01569238647853,6,7408,Rain,985.1889675529452
06/08/2024 20:22,7634,London,Summer,21.5919909513852,37,5.747379226935062,38,816,Storm,1010.0021156041024
03/12/2024 13:12,8608,London,Winter,9.767865841042214,78,11.575585937205108,28,3950,Rain,984.6346319102994
04/12/2024 07:38,5346,London,Autumn,21.22992110866474,35,20.626245203486334,41,7125,Storm,999.7155164593566
23/05/2024 09:12,5754,London,Summer,4.10206515289784,62,4.535737480121436,30,4438,Rain,987.7307205310472
09/01/2024 14:43,7187,London,Unknown,20.462370369256725,72,4.080764669698056,22,2866,Clear,986.8939611920404
18/03/2024 20:31,6419,London,Unknown,30.077426210200837,75,0.9983179531467296,46,847,Fog,1012.2743827393824
21/03/2024 20:28,5568,London,Summer,28.81765288003149,30,7.066442591726041,39,2331,Rain,993.647725137353
21/12/2024 22:09,5622,London,Autumn,28.6329761243403,38,6.140414722974602,9,9200,Fog,1001.8180017548448
02/08/2024 03:01,7061,London,Unknown,14.699623440536524,36,8.066356093485918,25,1266,Clear,1001.031288854381
14/11/2024 11:24,7250,London,Winter,23.327459546671346,66,100.0,5,5957,Clear,1016.4168396631964
04/01/2024 12:12,6199,London,Summer,16.816636704054183,30,5.12052860320802,28,2289,Snow,995.059540834116
13/12/2024 21:07,8885,London,Unknown,10.0393810840399,48,3.8226254284033567,30,9353,Rain,1006.4713949333412
06/03/2024 09:21,8987,London,Summer,18.128430739335368,74,20.960159328690946,49,7476,Storm,1002.754759361393
18/08/2024 13:07,5601,London,Autumn,19.018363855038835,92,0.7953629820596824,11,5776,Fog,983.0996839844662
20/05/2024 11:35,6372,London,Autumn,30.35997625979569,90,3.643768146262521,0,7482,Fog,1005.0500224607482
27/02/2024 00:47,7362,London,Autumn,14.75434389437407,87,5.861008872870087,43,1136,Snow,1000.2562024632846
23/01/2024 02:45,7829,London,Summer,9.759982059535416,93,11.409037053119144,33,7931,Rain,994.4221509527908
07/07/2024 05:03,5638,London,Autumn,18.128430739335368,45,1.217217849387791,37,1604,Storm,1005.6548198557568
16/09/2024 21:20,7858,London,Summer,25.109534029955917,91,0.088511981605837,51,8994,Rain,1009.8263608059736
15/03/2024 11:41,6258,London,Unknown,15.792472519552156,50,14.782078634443849,59,787,Rain,1008.1392460261636
03/11/2024 01:13,8057,London,Summer,12.785574533456607,63,150.0,32,9170,Rain,1002.4147974174342
29/09/2024 17:53,6573,London,Spring,32.01113598252022,54,21.96834916428266,42,9325,Storm,996.1488538935146
15/12/2024 16:44,8912,London,Unknown,-8.148029006984295,99,4.1493900494181375,19,4113,Storm,1006.1508764322538
22/05/2024 07:33,5542,London,Spring,9.364168676823097,33,0.8429286557193159,16,6910,Storm,1008.8314003775236
11/03/2024 23:26,5718,London,Winter,15.033159661080838,81,200.0,39,9234,Snow,1009.9505918046344
09/04/2024 01:34,5131,London,Winter,0.3033946514052914,51,4.690383189982973,16,5063,Clear,988.9105186522823
09/12/2024 16:53,5831,London,Spring,22.46923426158161,45,3.6888456582029416,0,7727,Storm,992.7555013478552
21/07/2024 14:45,7381,London,Winter,24.57496012331818,95,10.753912810845543,49,9769,Snow,1007.719941389507
07/11/2024 23:12,7120,London,Spring,-30.0,74,13.996723879014988,51,9194,Rain,985.8975363762636
25/08/2024 02:40,8730,London,Winter,12.396493635551463,94,3.022891287614299,26,2058,Fog,1004.905935662724
28/10/2024 11:54,6215,London,Spring,17.26113860341593,68,10.334216534119518,20,6888,Clear,986.5743483502724
04/06/2024 20:38,6208,London,Summer,33.05035496503512,45,5.088686568143169,49,3099,Clear,1002.1650625816284
02/04/2024 08:45,7276,London,Unknown,24.90933589525875,93,2.3291225748508757,0,1704,Rain,993.9068401946269
14/03/2024 21:09,5797,London,Autumn,13.341527150646169,40,10.578438460738464,25,3228,Fog,996.3671258617788
09/08/2024 00:17,7289,London,Summer,25.771861626610495,84,12.110901869814288,38,9890,Rain,1008.4335350985372
27/04/2024 22:46,7170,London,Autumn,15.15365694284672,68,19.80908408267477,48,7895,Fog,999.5527444479422
26/07/2024 14:16,8594,London,Autumn,16.980764659637444,20,3.695982966610313,49,3257,Clear,984.8327681498909
25/02/2024 16:55,7414,London,Autumn,-1.4962167062949625,49,8.495114930740892,50,1352,Rain,1007.3224191146278
29/04/2024 17:44,7531,London,Spring,12.79219735759144,70,3.6210891659144337,6,6116,Rain,1012.7647228164672
08/03/2024 17:53,5479,London,Unknown,20.466968133701968,25,1.7310384726570236,45,50000,Clear,994.1446448362848
13/07/2024 19:30,5038,London,Unknown,17.084114618624284,37,14.408661778070064,48,7022,Storm,1007.7491483719948
06/11/2024 05:00,8708,London,Autumn,33.33148877756016,53,1.4836577789920078,2,6872,Clear,1018.4267077660256
30/09/2024 19:50,7162,London,Unknown,7.417216175243384,81,6.08995147510508,35,8324,Snow,990.1076254114032
01/09/2024 23:24,7823,London,Spring,23.446960889414413,70,13.642151954493814,48,1982,Clear,1000.4581565429708
30/11/2024 05:22,6494,London,Autumn,21.81346005352382,32,9.57748455381601,27,1879,Storm,982.8842759082804
14/12/2024 03:37,5095,London,Winter,-2.178612456225,50,2.9127369822282283,50,217,Rain,980.9016639628708
08/01/2024 03:21,5317,London,Winter,4.469255191359441,49,20.46484348871843,49,7213,Rain,1009.9975691740236
28/10/2024 02:25,7019,London,Summer,18.197740943173493,69,7.792058689466705,6,8034,Snow,994.1885738927004
18/05/2024 13:52,5356,London,Autumn,18.90876061397172,48,18.394668316761955,27,4008,Rain,1008.0110235935616
05/01/2024 20:23,7895,London,Winter,0.5580765175030216,93,5.944297837082207,46,3680,Clear,987.1867624695584
04/02/2024 06:53,6891,London,Summer,17.036247321495953,62,1.6301149522775642,43,2163,Rain,998.7564763842108
26/07/2024 21:13,8921,London,Unknown,12.226095734602492,69,1.803853024588197,2,5939,Clear,991.6345755062924
28/12/2024 16:22,5133,London,Winter,16.16804816787138,83,8.54200795778589,27,5108,Clear,1012.3968206284447
06/12/2024 10:24,8481,London,Autumn,14.102029216254584,54,1.5534179354100734,34,7622,Storm,998.2375375184128
27/03/2024 14:00,5734,London,Spring,22.90642978171283,33,4.200145567546832,5,2505,Storm,1000.8983792438086
29/04/2024 13:53,7313,London,Autumn,10.722571661486182,20,2.9037258483970616,18,365,Snow,1010.0880087460584
21/08/2024 23:28,7582,London,Spring,11.491868645735988,91,13.655380474348958,10,5376,Rain,995.678508414476
25/07/2024 06:18,7870,London,Winter,35.043772324937365,35,12.062835283391188,22,2215,Fog,1007.0118892698353
04/01/2024 15:31,6768,London,Unknown,6.022629193374522,63,150.0,5,50000,Clear,998.3802703545648
22/02/2024 07:57,8207,London,Winter,7.247157252649734,37,11.654483466185429,27,724,Snow,999.5346758111328
25/10/2024 07:42,5828,London,Winter,30.94475005400821,57,12.186303963953796,9,3475,Storm,997.1523799825604
25/07/2024 11:06,8738,London,Autumn,24.393259541885215,75,1.4058642839379631,56,2987,Fog,1006.0558592270878
22/10/2024 21:48,7282,London,Winter,38.3099180759412,91,5.809218076850073,24,9265,Clear,1000.003758904614
13/07/2024 06:20,8687,London,Unknown,15.58939604432208,44,15.871941746845906,30,9427,Clear,998.8248895438924
17/06/2024 18:26,8136,London,Autumn,18.128430739335368,60,6.626488294484732,35,3518,Clear,987.8820239039492
22/03/2024 05:26,5665,London,Spring,15.0339846907489,23,2.1345080727149126,51,4979,Clear,1004.868267434818
25/04/2024 16:34,8208,London,Winter,15.710411930778053,82,13.2031716094999,18,6855,Clear,995.0883714807936
23/12/2024 08:42,5756,London,Spring,25.482703339040107,80,150.0,54,7295,Rain,987.1367655927188
11/01/2024 01:06,7326,London,Winter,22.53120248980686,94,3.9557040399477534,15,8930,Fog,995.271433794055
07/04/2024 02:27,6557,London,Spring,12.701606016982348,21,4.74324803208219,50,2369,Snow,1015.7490833492752
03/07/2024 13:13,6862,London,Summer,12.988455484024083,27,12.412378426089544,5,7966,Clear,1002.9688180216644
30/08/2024 13:50,6569,London,Winter,6.661382249650728,97,11.695634624452977,33,9764,Clear,987.056951165672
01/01/2024 08:42,5273,London,Summer,12.703062763730015,81,1.5856142993618776,47,3623,Snow,986.8545483465376
23/05/2024 04:17,6021,London,Spring,35.650106666938974,90,7.872110337324824,27,949,Rain,1013.0937360705956
28/09/2024 12:22,6299,London,Winter,17.269972225666947,51,5.602837767134316,13,8318,Rain,977.2979243209744
09/02/2024 08:38,5226,London,Summer,13.565334809033846,91,6.205698758625831,46,50000,Rain,996.0442727633124
12/12/2024 13:03,7597,London,Spring,25.94955733967644,42,12.389261889640604,26,6943,Storm,1012.0768209507884
27/11/2024 10:34,5110,London,Spring,17.161654109824852,87,1.6614287974042057,52,1631,Rain,1015.47762050512
23/06/2024 22:57,8366,London,Spring,14.657615211799412,28,4.860641083319452,20,50000,Rain,1002.0421493321988
23/06/2024 15:04,8183,London,Winter,21.212886790198347,65,1.3101266471321242,24,50000,Storm,999.8188601598388
15/07/2024 21:02,6848,London,Summer,18.128430739335368,26,4.030122304771483,4,5726,Rain,990.3126942692936
30/05/2024 11:27,7985,London,Autumn,27.206148046592155,95,5.690810031273636,17,4846,Rain,981.3309279369828
24/03/2024 11:46,7663,London,Spring,10.98237750236617,86,12.934919228207187,40,9578,Snow,974.4003904166916
20/11/2024 06:19,8998,London,Unknown,28.552783273201605,51,10.410591184578266,13,2393,Rain,1001.8978816559616
30/11/2024 20:12,7270,London,Spring,23.994300357235907,54,200.0,1,2755,Rain,995.3604726703526
11/10/2024 03:46,6181,London,Spring,17.651339073203754,79,8.41049450953895,16,4067,Snow,1006.9085069759344
13/07/2024 22:03,5883,London,Spring,24.291407448049235,85,2.2742882119148,59,3641,Fog,996.3408154482108
16/10/2024 12:53,6835,London,Unknown,7.413807932302511,50,0.5877468713645886,50,912,Fog,992.7764083256318
24/04/2024 16:47,7170,London,Autumn,10.270721841579018,64,0.8150172264392905,35,5924,Clear,1003.287825968091
21/01/2024 04:22,8932,London,Summer,21.448768382448108,72,5.220538015435355,49,1206,Rain,1009.9783735036592
15/05/2024 17:52,5193,London,Spring,32.16455342850224,94,4.5225831801289935,18,3480,Rain,998.7941979768594
01/09/2024 15:02,7786,London,Winter,18.752038226851933,48,6.871818598477542,27,9548,Rain,1007.3058832709784
14/02/2024 07:48,8010,London,Unknown,3.3282099273464603,28,8.03066556431365,4,2131,Clear,986.2299201978626
05/06/2024 10:59,8468,London,Unknown,-5.8039887833105865,52,5.160677294497473,32,826,Clear,995.323017673498
08/12/2024 21:27,5561,London,Autumn,15.131810862450408,38,100.0,31,8249,Snow,1003.6391660868364
26/12/2024 16:33,7561,London,Summer,9.249326800623429,93,10.821781249963664,56,7553,Fog,987.102026969382
09/05/2024 07:33,7176,London,Summer,18.128430739335368,82,5.859095042114885,50,50000,Rain,987.1550495039112
30/01/2024 14:50,8188,London,Autumn,23.854245757606037,60,0.6562568461835276,19,4143,Storm,1008.2666038949692
15/09/2024 22:23,5202,London,Unknown,22.02582545255241,46,0.302751953789155,34,9423,Rain,996.394344207264
05/08/2024 05:54,5623,London,Winter,15.203748894733216,46,12.14041160271666,36,6376,Storm,989.7408251295408
27/12/2024 06:35,7671,London,Summer,26.859313273839675,27,1.4313025982254426,30,4351,Rain,1002.5716684958128
27/05/2024 19:00,6888,London,Unknown,20.79904297743107,47,6.283830528195227,57,260,Clear,1002.8842172384902
14/09/2024 05:27,6908,London,Unknown,17.780832826655583,29,6.4567396461735305,7,6047,Storm,1003.1645531718792
16/05/2024 10:03,6697,London,Summer,9.902465293616928,21,15.598351188731987,29,50000,Rain,994.5855002684668
15/07/2024 03:35,8344,London,Summer,14.045708150688776,76,18.392584240399408,19,8837,Clear,1010.6655088251748
25/03/2024 08:13,5817,London,Summer,25.14355802919997,34,7.134623899578575,42,5284,Rain,994.4225596384936
21/02/2024 22:59,8108,London,Spring,9.614924250134932,32,13.49861748581025,10,3535,Rain,1014.638283690604
16/07/2024 01:31,5140,London,Autumn,16.353842466364306,93,17.548226960046232,45,2601,Fog,1011.2640702340948
26/02/2024 05:17,7983,London,Unknown,18.1838275149004,36,0.3887986064572679,0,8346,Clear,978.2481609554044
05/07/2024 15:33,6754,London,Spring,2.2918359923897498,95,9.76012830020463,59,7218,Rain,999.5747756790488
27/10/2024 06:37,7020,London,Spring,38.60320820159771,66,3.4275632516501635,37,9589,Rain,991.1341356215656
06/04/2024 05:47,7271,London,Spring,9.823127624786324,37,11.115529722323814,57,712,Rain,1006.122341793002
15/04/2024 14:14,7819,London,Winter,11.405835754726894,33,4.287733211486405,16,124,Rain,1010.1821620747093
12/02/2024 08:00,6275,London,Spring,9.620279615992947,67,11.230693253047855,22,4205,Fog,1008.530825333951
23/04/2024 06:17,5106,London,Unknown,26.73143608561601,42,7.380454890094501,24,9705,Snow,1006.3375916227496
27/01/2024 23:06,5980,London,Winter,18.128430739335368,54,2.884813028369153,31,4261,Rain,993.7364138303994
12/06/2024 18:29,6643,London,Unknown,34.45694140117676,26,8.731695059699653,53,294,Clear,983.0254660449884
16/05/2024 13:46,7790,London,Autumn,17.117691246609855,31,7.158322686297845,6,3264,Snow,1007.0827561430948
11/04/2024 02:40,5045,London,Summer,24.459361155079627,77,1.5860939568848726,56,7286,Snow,993.5289786916444
05/10/2024 05:14,7017,London,Winter,26.5208125787474,70,1.814299746868972,45,908,Clear,994.0694302604156
06/09/2024 03:07,7820,London,Summer,12.599662856625374,32,13.289245266831474,49,1653,Clear,972.7612460789276
06/10/2024 03:55,7518,London,Winter,20.430304020084243,71,19.416767100484044,52,1130,Snow,1011.9628907482728
16/04/2024 20:52,7036,London,Winter,13.1020660441474,37,16.802730567969856,40,7576,Clear,1017.2792032266418
30/03/2024 16:26,8115,London,Summer,20.452024858713852,24,150.0,17,2639,Rain,1007.0797378341496
17/05/2024 23:19,8893,London,Summer,18.128430739335368,48,3.751809585937989,28,474,Rain,1001.7481434873764
03/02/2024 11:35,8566,London,Winter,15.819036756052508,84,19.780265034833413,33,1222,Snow,988.8262123995272
06/11/2024 22:10,6653,London,Spring,18.50721232667213,42,3.319850790415884,51,4057,Fog,1009.4566461567
03/12/2024 15:36,5434,London,Spring,25.205596492748096,69,2.6844899031437346,47,547,Rain,992.3595708414812
23/03/2024 01:02,7018,London,Summer,20.826034169675538,24,5.822655608770772,47,487,Rain,996.4143759839144
06/07/2024 12:54,8136,London,Spring,20.674882600722405,34,9.789875330624788,11,5313,Rain,1001.8018458802792
28/10/2024 23:35,7728,London,Winter,3.0419548064299136,96,12.305656384254572,15,5288,Storm,997.8433655152962
30/09/2024 02:00,6864,London,Winter,15.40725182084104,88,2.8422785999189597,54,6521,Rain,976.1811800655054
03/04/2024 05:40,8999,London,Unknown,16.457294236701273,43,0.7482474570395361,4,3765,Snow,1012.8051056086236
17/03/2024 18:19,6151,London,Unknown,20.665205457953647,94,18.218037658972733,19,4532,Storm,995.9734037780324
05/09/2024 04:57,5104,London,Winter,-30.0,93,13.73774109527072,10,343,Rain,1003.3134851626384
13/10/2024 23:05,8467,London,Winter,18.44349374454249,23,8.661283793209059,6,9591,Rain,1026.7359649273872
12/10/2024 14:07,8135,London,Autumn,1.9059406028777133,71,9.622052801513602,19,7923,Clear,995.587848254554
24/02/2024 18:22,5073,London,Summer,22.662920960247448,35,3.182418780992892,24,9052,Storm,1004.4030759049422
25/01/2024 03:44,8695,London,Unknown,19.743088643311683,25,1.5679008972902602,46,1165,Storm,1003.6304968677103
10/02/2024 21:15,6787,London,Winter,25.607698712807043,53,19.03867077490501,2,2075,Snow,1005.7991053760924
08/10/2024 03:07,6346,London,Spring,25.913605365579425,55,2.1111657286710432,16,9456,Rain,1006.284326804223
03/04/2024 22:27,8199,London,Autumn,10.39925486474339,41,15.826737607376357,48,480,Snow,1003.4379475497516
21/06/2024 16:28,8637,London,Autumn,7.307768109493018,31,7.61742935834558,56,7297,Rain,988.9677862470528
18/01/2024 16:48,7279,London,Spring,41.57322171767513,33,1.1181607895491803,42,267,Fog,1001.1822667941506
29/02/2024 11:09,6032,London,Spring,21.58929646847553,74,3.652589772064427,1,7359,Fog,984.7062952761296
13/07/2024 01:40,7738,London,Summer,17.270531919182215,30,11.304850145663094,30,9822,Snow,1004.75909350834
16/10/2024 00:10,8676,London,Unknown,15.425050282079107,43,4.676369441702396,50,4399,Rain,985.1241718958372
31/07/2024 08:59,7374,London,Unknown,18.542840459975725,99,2.355154970577245,7,1454,Rain,1007.34670606217
29/07/2024 16:51,7983,London,Autumn,31.34604597836714,33,1.4252511524783733,31,5137,Rain,1015.0041522837464
05/05/2024 01:15,8469,London,Summer,7.155902119238258,66,1.244579402101656,28,6916,Rain,995.0011381261918
06/02/2024 04:39,8788,London,Unknown,6.869904888702552,32,10.57396973635058,14,8467,Snow,1011.8892584181376
18/11/2024 20:52,5662,London,Summer,30.7836046114722,39,7.703384498574351,25,7157,Rain,1010.8103759918088
27/08/2024 13:40,5072,London,Summer,-1.9568413350668687,93,0.8578266790927049,26,445,Snow,1009.0428956834432
19/11/2024 11:33,8623,London,Unknown,14.36068491813881,70,2.1847763377803706,9,7414,Clear,980.5400245309328
15/04/2024 06:38,6694,London,Summer,28.08010031706934,26,6.949339367412908,21,2822,Clear,994.5948097515997
03/06/2024 18:39,6241,London,Autumn,19.24917651986587,22,11.976098328374364,48,7736,Snow,986.263832732738
28/03/2024 13:23,7797,London,Winter,5.091786577208126,97,6.6435037387769125,34,593,Rain,997.0689283536324
10/06/2024 06:50,6275,London,Autumn,15.242775499427346,35,3.5549496971888703,8,6785,Rain,1004.924067932952
02/09/2024 01:29,6380,London,Unknown,25.424083885815705,70,5.11758340652198,38,5515,Clear,1006.8570854713352
28/07/2024 21:45,7992,London,Spring,27.608161959460045,65,7.344757204580952,4,9125,Storm,1001.976788806694
09/03/2024 18:00,8825,London,Spring,14.655940035419142,57,0.1595569171688655,5,5523,Storm,1012.416102474838
28/09/2024 20:44,7695,London,Summer,-1.5688097631895168,22,3.544708183019152,59,8474,Fog,992.909600665958
29/08/2024 05:42,7067,London,Unknown,26.052055678618903,39,0.2039030484501545,0,2353,Rain,1006.4103636967152
29/02/2024 16:04,7407,London,Spring,15.47336107428965,37,0.8929276132030166,42,8137,Fog,1005.852366407068
03/10/2024 22:41,5449,London,Unknown,34.03158644272489,31,2.714583408393087,19,2948,Rain,992.113372325935
02/01/2024 20:04,8535,London,Summer,-30.0,73,9.117730026122922,27,1254,Clear,999.7558534384216
03/01/2024 17:39,7873,London,Unknown,11.152766948549564,27,0.906889366129178,2,7935,Rain,1007.867642376812
20/03/2024 12:28,6144,London,Autumn,30.797108195293863,93,8.637142393876232,47,5224,Rain,1002.9025475520484
26/03/2024 23:39,7677,London,Autumn,4.156340564852606,96,2.936866975162141,7,3395,Storm,1021.768695334036
01/02/2024 15:46,5426,London,Spring,18.128430739335368,30,3.063701206120082,40,1030,Fog,1004.9159173257484
20/12/2024 01:24,6139,London,Summer,30.566865548955825,38,9.841713806025789,55,4781,Fog,977.89079551279
30/09/2024 01:58,6294,London,Winter,0.5978071602437289,87,15.69864886570628,28,7735,Storm,998.3255961184648
17/09/2024 17:23,5421,London,Spring,13.507026764940118,22,3.035639404286192,22,2048,Storm,1001.0806854291224
06/02/2024 05:34,8332,London,Summer,33.00328013800416,94,2.2787842197490757,52,5353,Storm,997.5039126326302
09/06/2024 03:26,7304,London,Spring,16.886530341159407,85,5.1207667340700205,40,9683,Clear,980.4401744158288
25/01/2024 08:54,7971,London,Winter,18.128430739335368,79,5.051050057187616,12,6863,Snow,989.994352589684
12/11/2024 15:58,5261,London,Summer,17.89292433660485,58,0.3511275646309313,44,2483,Rain,999.8216358300588
18/12/2024 12:29,6939,London,Spring,12.8437659837921,73,5.908029559475839,51,9687,Snow,1005.9016667580952
23/01/2024 00:35,6384,London,Spring,10.29389424353635,69,19.99074035325738,29,9006,Storm,995.5797349841148
23/08/2024 07:36,5600,London,Spring,19.553281739224776,53,0.1891420439250151,33,2647,Storm,984.6759918353008
28/12/2024 09:46,6285,London,Unknown,34.97943332855996,69,13.64714244451502,28,8334,Rain,1005.9601979370016
23/02/2024 04:38,7566,London,Autumn,17.213280646006186,69,3.711513474716869,37,7632,Fog,1012.5834629577693
15/10/2024 19:30,6089,London,Spring,31.743815290997222,73,7.089331580025581,2,2308,Storm,1006.326024582758
29/10/2024 19:14,5059,London,Spring,5.401877651746149,43,10.070118097292006,36,9229,Rain,1008.0384084072872
27/09/2024 06:35,6063,London,Autumn,-3.77358343119009,91,5.602850164484195,33,9051,Clear,986.6799764398658
23/04/2024 09:00,8001,London,Autumn,16.57525380373959,38,9.85808840816674,38,2174,Rain,1003.290471144079
13/08/2024 21:42,5880,London,Spring,23.26206445390692,91,3.4341326412158164,3,5139,Snow,995.6066102170588
03/02/2024 12:28,6009,London,Winter,3.164238189826847,52,2.617905778979643,32,2698,Rain,989.2271554416152
16/01/2024 15:42,7336,London,Winter,7.059044558383318,52,10.431950589457136,8,2370,Storm,1008.8598096102284
25/09/2024 06:55,6023,London,Winter,13.003756816219216,67,0.8305621468758693,56,2105,Clear,996.96791200233
02/11/2024 07:47,7600,London,Summer,-2.0266222833939054,80,3.717126756665575,21,556,Snow,1007.415253355023
21/04/2024 00:54,5146,London,Summer,60.0,72,7.328759664656146,22,6091,Rain,996.974465338582
10/11/2024 20:13,8785,London,Summer,23.21298856210666,80,10.32699488051358,38,2425,Clear,983.7389147543636
25/12/2024 21:26,6792,London,Unknown,25.93672502823015,55,7.457719329940524,21,3265,Storm,999.5306872405494
08/11/2024 22:20,5684,London,Autumn,8.608134805445008,97,4.822051633418978,42,3850,Clear,996.6955281895052
21/12/2024 05:12,5203,London,Autumn,8.743811264892202,32,13.32726161166278,56,8069,Snow,1011.73811003799
02/11/2024 06:28,7708,London,Spring,4.531820441336578,98,17.163746622883217,17,6067,Clear,1015.9306704763786
26/01/2024 01:32,7746,London,Spring,12.696770962013677,34,4.567423524872709,49,50000,Rain,1002.4877829348574
26/04/2024 22:12,6957,London,Autumn,38.660347353023226,67,3.3261186844881228,42,9266,Fog,990.9186954393588
20/04/2024 11:09,8514,London,Summer,-2.4136656366035822,42,5.706698926163689,40,1067,Storm,1000.1129695328674
06/01/2024 17:10,6856,London,Winter,19.32783766155656,45,12.137686486430528,45,7988,Snow,996.9212996051734
05/02/2024 02:19,6369,London,Summer,24.09027140606373,35,4.442805438686385,21,6214,Rain,1000.6062051084104
12/03/2024 05:27,5016,London,Spring,13.24065316524675,41,5.374768152562306,52,6426,Rain,994.7593006543816
08/11/2024 02:00,8953,London,Spring,13.248793302660218,37,17.059318258225183,45,6822,Snow,996.685886673797
06/03/2024 04:25,7297,London,Winter,27.947283159574766,20,150.0,6,4244,Storm,1000.172143276417
17/05/2024 10:10,5664,London,Spring,22.27953801367753,66,8.266225352757806,59,6708,Snow,999.9897667657148
11/09/2024 08:16,8308,London,Autumn,25.16836030554853,57,6.078033693645872,0,5749,Rain,1001.6307005995084
17/08/2024 01:23,5397,London,Autumn,12.230217416316806,27,13.43316677238989,46,5522,Fog,1004.3295027793818
22/10/2024 00:04,6156,London,Winter,27.48930928719149,27,9.330773386316068,14,3380,Clear,998.4371694265988
30/08/2024 03:34,7260,London,Spring,22.455224536068,21,16.567884248440215,20,778,Snow,991.5096051327362
11/06/2024 01:17,8363,London,Winter,17.49188741131992,91,14.448990358046933,55,8985,Clear,1013.5962555146124
30/03/2024 07:27,5803,London,Summer,11.912376470258028,89,1.339396022177481,17,5719,Rain,998.9740912094896
14/04/2024 01:25,5364,London,Winter,17.477259891988574,90,8.536614146600611,38,6998,Snow,1002.6100413494402
06/06/2024 14:05,7350,London,Winter,19.90414644648409,83,1.8313348546762616,17,50000,Rain,988.0643244918864
19/01/2024 12:09,7757,London,Winter,6.260224763085361,43,4.576591158784357,48,3963,Clear,1004.224363273652
03/11/2024 09:19,7468,London,Autumn,15.532641804698606,21,0.8120339600824975,16,8877,Snow,1012.7089369376746
08/07/2024 14:04,8678,London,Spring,18.128430739335368,28,7.4768938513589,9,8621,Fog,994.66682541934
05/09/2024 22:59,8118,London,Autumn,21.4749640853178,44,17.543581779746443,13,3339,Rain,1004.7951178950892
30/11/2024 12:41,8276,London,Spring,18.136673063419927,46,5.106730435451016,53,591,Fog,1017.4327782562156
16/07/2024 06:35,6669,London,Unknown,18.128430739335368,82,8.565687136396743,16,1446,Clear,996.6823700210716
06/09/2024 12:39,8735,London,Autumn,12.286259638626916,95,14.53423020001497,20,5802,Clear,987.4406964158892
20/03/2024 02:31,5943,London,Spring,18.128430739335368,82,2.384340436188221,14,6249,Clear,998.0364124005011
14/05/2024 22:35,7222,London,Spring,12.813896194361794,70,1.5226973934836645,11,3030,Fog,1008.7889507660652
19/04/2024 04:35,7594,London,Unknown,16.685314906134362,28,6.288957436084722,11,893,Storm,1005.6404830461332
30/01/2024 11:57,5256,London,Summer,22.16831428576003,67,9.663293629641114,25,4795,Storm,986.421303168597
16/06/2024 01:48,6609,London,Winter,14.892575684088328,57,8.000790025507255,19,1145,Clear,990.5215962447702
12/05/2024 14:09,5004,London,Spring,27.261528582758917,90,1.5478527585989283,41,2076,Storm,989.7141665318244
23/07/2024 18:55,5975,London,Spring,31.379772096072077,94,14.456441837536158,52,1791,Fog,990.8679797746
14/07/2024 10:22,8204,London,Winter,20.19523983909812,25,0.5621236164336327,26,5549,Clear,993.912843422464
27/07/2024 22:45,8187,London,Unknown,31.6409695136496,92,12.952791316098422,8,7233,Snow,1004.8016354046885
29/01/2024 15:19,7771,London,Summer,22.83939370835174,85,13.058796695811894,8,2607,Storm,1022.9005837565616
15/05/2024 23:49,7705,London,Unknown,20.87639355973369,66,9.313033211029456,26,4080,Rain,995.048602451474
23/11/2024 03:11,5338,London,Winter,18.037699793211075,93,7.234061479312318,3,5098,Snow,1012.771731869854
28/04/2024 19:45,5405,London,Summer,22.84794555068554,91,7.738115293724681,50,8260,Clear,994.1430898953702
16/08/2024 01:07,8690,London,Autumn,23.466300526920318,30,22.387146129536912,15,4738,Fog,997.077836255798
29/02/2024 08:22,6673,London,Spring,32.100209373804944,62,150.0,38,301,Rain,995.2949687191552
18/11/2024 02:59,5557,London,Autumn,18.128430739335368,78,6.832224535553655,40,7105,Clear,1010.8743104770864
18/10/2024 13:28,5434,London,Summer,15.627238370490565,30,12.231417899613636,43,1007,Rain,1008.2861570990862
18/11/2024 23:55,8384,London,Summer,30.609950816404485,84,3.71915934838684,11,3154,Fog,1000.0683496324748
17/08/2024 05:35,7368,London,Unknown,23.26579518680033,59,3.750214387286857,42,1077,Rain,991.9824693755872
05/12/2024 08:41,8658,London,Summer,6.372078269902374,72,0.9328369393283094,5,4741,Snow,1018.9853889706288
10/02/2024 04:34,7867,London,Spring,30.48799765751356,62,16.465059693155183,41,8531,Snow,1012.9606205931328
21/01/2024 08:53,8901,London,Spring,22.874102853810577,64,200.0,37,6250,Rain,993.1704965256988
14/10/2024 03:30,8787,London,Winter,-1.5233171878869456,95,6.479872908745015,40,9719,Fog,1010.2830857097018
01/12/2024 17:50,6023,London,Winter,20.661341008001727,55,0.5218772581700044,57,4956,Rain,990.065082106944
22/01/2024 19:03,7842,London,Spring,18.704508066870027,58,5.358607377526704,28,4079,Clear,1012.7447070441837
05/01/2024 20:23,6840,London,Winter,15.539483747759595,62,11.123208145820758,29,7400,Fog,1009.5863180383794
11/06/2024 14:13,5373,London,Summer,25.01002896256034,24,11.552879837248042,28,4539,Rain,1006.0308360769218
22/12/2024 05:22,7514,London,Spring,29.086303055632698,20,7.252355284501684,27,9073,Rain,1008.553983784518
12/12/2024 20:59,5417,London,Autumn,21.04169714662727,51,11.201656233266853,36,7089,Fog,982.4026271457034
06/03/2024 05:26,5777,London,Summer,18.15509322083499,61,8.466478010186133,11,3545,Storm,1010.3417128899667
11/02/2024 09:39,7332,London,Unknown,20.952675230894386,64,0.6500172557514441,32,8937,Snow,1009.2646878916182
20/12/2024 07:17,6550,London,Unknown,9.636416294495127,57,1.1200888397439064,20,7384,Clear,1021.20305786759
18/12/2024 01:48,6751,London,Spring,28.126334826942283,57,5.370904447089146,27,4948,Storm,991.4007066623792
20/02/2024 03:05,6869,London,Unknown,27.514472259147198,87,27.24071042996276,35,158,Snow,998.736423231504
02/01/2024 22:56,8455,London,Unknown,25.44948870415768,65,2.860122105273115,50,2173,Snow,996.2014499946368
22/08/2024 15:27,5459,London,Spring,22.000611267270383,53,1.0304411800990874,35,477,Fog,1017.4172563896392
28/09/2024 20:32,6898,London,Summer,23.12053774572473,76,16.32034582569144,20,1778,Clear,987.5741295395812
14/11/2024 21:03,8580,London,Summer,16.29802101239391,29,6.100794484193386,4,8430,Snow,1001.3161460088962
10/01/2024 14:44,8446,London,Summer,14.89994298826625,34,12.383733278783112,35,4245,Rain,1006.9712015678884
09/09/2024 10:52,8660,London,Unknown,22.040135074730514,65,21.165812107724484,0,7391,Snow,992.2656906136956
14/08/2024 02:41,6942,London,Winter,-30.0,99,10.727607382308843,42,4960,Rain,1000.2080546129944
16/01/2024 02:21,5734,London,Autumn,7.299566745210978,64,0.9260805512878064,15,6191,Fog,1003.7202237719446
25/04/2024 20:18,5343,London,Spring,25.36930403575209,92,13.448043539971597,4,5180,Storm,1012.081415779376
16/01/2024 08:36,5423,London,Unknown,22.634298347384377,73,1.250235234303557,56,3810,Clear,997.517282928334
13/09/2024 18:42,8940,London,Summer,16.008329088870298,44,10.906597709499524,40,1051,Storm,995.43674213548
28/07/2024 10:53,7167,London,Spring,2.127781492983969,79,0.4673987155278336,13,5549,Clear,1000.329231342046
10/12/2024 13:00,7589,London,Winter,28.60500289589488,73,6.605712268996313,53,8733,Snow,978.0201185560112
12/11/2024 19:48,5661,London,Spring,15.720762773784854,69,2.623458901214167,42,9045,Storm,996.0661689539962
28/02/2024 22:00,7861,London,Winter,33.11108730455157,53,5.673176073071179,21,1774,Snow,998.538790141724
17/06/2024 02:32,5901,London,Spring,-4.652007354332827,70,5.826161645673574,27,8348,Snow,1004.6245639888132
03/01/2024 14:24,6610,London,Autumn,60.0,79,4.893793900603921,47,7882,Rain,1019.519679360159
30/04/2024 16:03,8000,London,Unknown,-4.249947436429363,40,1.2064345016494125,50,50000,Rain,988.6843524912337
01/10/2024 21:50,8390,London,Summer,27.17539690770029,54,13.313159235451652,10,1014,Snow,1007.6095239395662
11/05/2024 15:58,7234,London,Summer,33.05692956754756,22,6.932256927718441,31,6695,Clear,987.4103496973
11/11/2024 10:58,6477,London,Unknown,17.31458535844793,67,1.549131331147399,40,2183,Fog,993.7888406872736
14/07/2024 04:06,8714,London,Unknown,24.13372345880132,52,0.3630428941582027,57,2537,Storm,1004.0155662595164
06/06/2024 00:16,8662,London,Winter,18.846711475840756,27,21.15958247040123,9,8674,Clear,975.0367678273034
13/10/2024 01:50,7948,London,Winter,60.0,69,11.43283344456106,23,311,Clear,985.9509502577006
26/04/2024 13:48,7320,London,Unknown,60.0,26,2.9339425493902214,53,5231,Storm,1006.8067463736384
10/01/2024 09:39,5740,London,Spring,18.880330994695058,62,11.60739349161808,4,7710,Clear,994.9742589606112
14/07/2024 21:07,8802,London,Unknown,43.43376806221882,49,150.0,4,9583,Storm,999.4552270552508
18/01/2024 10:36,8636,London,Spring,23.151531438053944,82,1.0867807441249957,12,5223,Rain,999.1280632475572
07/10/2024 14:29,6506,London,Summer,18.63882462405673,21,1.0334065388100946,8,2077,Storm,991.6819856343544
02/11/2024 22:45,7627,London,Summer,11.837636823414584,89,18.15624175387836,2,2465,Rain,983.6418120893192
28/05/2024 18:59,7395,London,Unknown,18.48608048233773,96,3.504776190947656,24,272,Clear,1014.0310943357546
26/07/2024 16:33,6359,London,Winter,26.8577256694064,71,8.374772230072312,7,6913,Rain,998.093158429652
08/05/2024 23:48,5217,London,Autumn,19.52603729643459,26,9.873178538229574,17,1296,Rain,1017.7124149470004
13/11/2024 14:32,5403,London,Summer,-3.703504743222752,28,2.5776658167103133,18,4541,Clear,996.5535071021994
15/03/2024 23:05,5483,London,Summer,13.819416761972324,89,20.141265782894955,54,1970,Fog,1001.9303581955688
11/10/2024 07:41,5681,London,Winter,18.128430739335368,60,12.705838845346786,42,5346,Clear,1008.9872785673268
06/09/2024 18:36,6722,London,Winter,17.342560913118245,91,1.0852422213925177,53,7090,Fog,1008.317561553132
30/04/2024 21:01,8194,London,Unknown,17.101712152198047,31,2.2691959100492305,7,650,Storm,1005.5183301774084
16/11/2024 15:50,8352,London,Spring,3.290110473660693,65,5.2715582561609615,54,1134,Clear,1005.0932818905364
29/02/2024 21:48,8519,London,Autumn,18.128430739335368,53,12.21549674148848,15,1182,Rain,1004.5373827858268
03/05/2024 11:27,5032,London,Unknown,15.501609763388254,52,2.277807261996533,8,9424,Rain,1004.8748761325965
18/08/2024 06:53,5100,London,Winter,19.066341109039318,46,5.419755401999243,48,9894,Rain,995.8124673290714
14/07/2024 17:15,5574,London,Winter,18.2199878762538,81,2.1211516166819453,50,3322,Rain,1001.0387617697248
26/10/2024 02:53,7499,London,Unknown,17.337360686780126,49,200.0,10,2151,Clear,992.4804378841512
25/03/2024 04:32,8365,London,Spring,21.08506725253498,48,0.6020889791619339,49,2551,Rain,998.6600325981836
10/07/2024 01:42,5566,London,Summer,31.684525660970404,35,1.7371418911798715,33,2873,Rain,1022.0428668214524
07/07/2024 01:28,5885,London,Winter,5.00011253450125,90,8.267527919412064,8,169,Storm,989.111424549357
27/10/2024 20:57,7870,London,Summer,60.0,41,14.541967910359368,42,3930,Rain,998.3556451225965
02/04/2024 04:03,7444,London,Unknown,16.3599406550001,59,4.288215567962801,49,5327,Storm,1014.7572866099224
15/04/2024 19:31,8705,London,Winter,10.006126277518876,39,16.703858869800357,29,5418,Fog,1007.5769635085594
27/08/2024 09:40,8694,London,Winter,-0.1447441153502886,43,5.179890510148009,4,1305,Rain,1005.278691307129
30/07/2024 19:16,6516,London,Autumn,21.948355952672408,50,4.527190111233813,23,9697,Storm,998.7250432345764
29/11/2024 10:47,7071,London,Winter,10.075343786186629,62,3.5859816816253467,14,2718,Storm,997.556829637718
15/12/2024 19:52,6474,London,Autumn,16.83376606234316,28,2.322420435724164,53,8403,Rain,993.6510834501868
16/04/2024 00:47,5426,London,Unknown,16.008674000603776,20,8.700711014539348,3,7293,Storm,1007.337334249164
17/01/2024 02:53,6711,London,Summer,16.634144184450275,70,0.1958127731119345,28,7751,Rain,993.1601234132776
28/03/2024 19:20,7642,London,Spring,18.270271970498158,44,7.900395399494728,56,1207,Snow,1000.3220176801852
04/10/2024 00:31,8847,London,Summer,60.0,80,14.013929600891837,4,2789,Snow,1013.3637587677872
13/03/2024 15:43,5829,London,Winter,29.529622176289365,21,17.30577464117639,12,4667,Fog,1023.5117567301004
03/09/2024 16:50,5126,London,Summer,11.57998512808718,36,6.903800993583234,17,5649,Rain,1000.8679765738586
29/03/2024 09:59,5921,London,Winter,19.3573488289844,93,0.8409957782623616,2,8901,Storm,1014.2764554452048
12/10/2024 08:28,5340,London,Autumn,29.598405464059947,20,7.00878821389114,22,3826,Fog,1015.083967832938
19/03/2024 11:05,7938,London,Summer,7.011783606686594,69,0.9001218405641485,9,1394,Fog,986.6647521830224
05/12/2024 15:02,8201,London,Winter,11.505936632328735,90,200.0,10,4592,Snow,1011.6060077362608
28/12/2024 06:34,8508,London,Winter,11.854577427659958,39,22.120530954723,38,232,Rain,1008.5368591623748
25/03/2024 20:26,7086,London,Winter,6.763221378798619,57,100.0,24,4056,Snow,1012.2504899004708
13/07/2024 16:34,5754,London,Summer,18.128430739335368,83,1.1274370764000388,1,50000,Fog,991.3426333324904
17/06/2024 02:36,5139,London,Spring,20.433058243957305,99,15.831633890439385,23,4241,Rain,983.1555952920788
29/07/2024 02:23,5254,London,Spring,20.77308592161456,99,200.0,15,3109,Rain,991.1415465538328
30/11/2024 08:43,7102,London,Unknown,6.043892716740688,41,8.389652534298131,17,306,Clear,990.8926295030002
20/05/2024 10:08,8211,London,Winter,18.128430739335368,55,9.974019985264675,17,9998,Fog,1002.3618250603786
12/01/2024 01:26,6341,London,Autumn,26.620184910406746,44,6.310993663900738,28,2398,Storm,989.8838611537452
20/07/2024 20:16,8223,London,Autumn,22.043164408545397,84,5.983847305238461,2,2882,Clear,1014.0582604421006
26/04/2024 22:29,7257,London,Winter,-1.9890063709716015,28,6.312132574929294,26,1866,Rain,992.915538532934
23/06/2024 01:42,8461,London,Summer,12.263869949297234,66,0.7617264894875646,26,1034,Rain,1013.3388668713428
08/03/2024 11:35,8999,London,Unknown,21.19275938144376,67,2.0426837492422534,10,1860,Fog,981.6533438650574
09/01/2024 16:29,7032,London,Winter,8.549051467426935,81,8.269358777481056,23,5829,Snow,1004.3756109422392
21/01/2024 12:56,8560,London,Unknown,12.27986146611159,66,16.454013224018215,11,2499,Storm,984.8894984265162
14/01/2024 18:00,6875,London,Summer,16.463594636540723,66,2.8249368242286743,0,8171,Fog,998.9679639344548
16/11/2024 05:01,8783,London,Spring,-30.0,78,10.531562490760647,26,4392,Rain,990.8952327441664
26/01/2024 23:06,8611,London,Autumn,14.45550610702746,58,4.558863315526437,20,6906,Storm,1003.0998272915932
05/03/2024 14:23,6054,London,Autumn,18.93805796210532,61,9.62200808139822,26,8479,Fog,993.0116496489414
09/01/2024 10:18,8856,London,Summer,18.419691146955728,91,5.053691846693241,28,149,Fog,1007.9604508544318
14/08/2024 12:12,7929,London,Autumn,21.24358608219092,69,5.378350864251756,53,7576,Fog,999.3748385174764
20/09/2024 14:43,8829,London,Unknown,30.51733280562608,98,13.022381135201432,32,6417,Rain,1000.256200948806
29/02/2024 23:13,8583,London,Winter,8.662111923514082,67,4.282300113397935,40,7685,Clear,994.5781269660604
26/08/2024 07:33,8050,London,Summer,23.58070900798271,29,8.762590617775833,25,2522,Storm,996.4999387493824
21/09/2024 23:45,5976,London,Winter,22.843400120084304,76,0.7130365212996645,27,8065,Storm,999.1903326095544
08/05/2024 02:55,7242,London,Winter,17.218962851975483,87,12.149960992746138,27,4727,Clear,1001.3098758171355
16/12/2024 12:00,8647,London,Spring,29.59026988414194,94,3.6991541470978593,43,5771,Clear,996.3851548902572
24/08/2024 08:31,6303,London,Spring,22.988395667526937,98,2.8166539702193933,28,4206,Storm,1008.473958456718
11/04/2024 14:36,6372,London,Unknown,28.63259096843936,85,4.473514200964413,12,6160,Clear,1000.8601789181274
14/09/2024 20:41,8486,London,Unknown,31.191490423454617,65,13.241241019015996,25,4860,Snow,1000.8856695859752
04/11/2024 12:24,6651,London,Spring,23.52861358724819,23,6.540018551257953,23,4782,Clear,1019.17986213686
01/02/2024 11:14,5588,London,Summer,11.05270260849708,48,1.7570240980121503,8,6070,Rain,1018.8636955829148
14/06/2024 09:17,6671,London,Summer,22.55817001384724,92,150.0,56,3821,Snow,1015.3829969535597
11/10/2024 10:24,8249,London,Summer,34.26282746155451,68,2.0171365103421124,13,7034,Rain,990.8655267898253
04/02/2024 13:09,5680,London,Winter,11.483615162659357,66,12.121499186009745,37,4347,Snow,989.2951641923376
26/06/2024 00:18,8332,London,Spring,8.267879969036121,37,200.0,48,5373,Rain,1003.2435855263736
07/05/2024 10:04,8898,London,Autumn,13.265726470087609,31,9.17357433181337,3,181,Rain,994.6361664608988
23/10/2024 04:15,5005,London,Spring,-1.061373836163554,81,200.0,8,6090,Fog,1004.145062743883
04/03/2024 04:58,8582,London,Autumn,27.546088054932667,22,12.534735153415744,37,5307,Clear,1004.415286524567
29/09/2024 15:37,5138,London,Summer,16.3878491667219,94,0.4162366433363562,30,3818,Clear,993.9061974075591
16/02/2024 16:58,7622,London,Spring,6.177392319684644,97,2.368305600807549,29,8743,Rain,1001.0115015842022
11/02/2024 01:31,7523,London,Unknown,16.912584044873405,82,17.942515490460025,19,1988,Storm,1008.3064838365718
29/11/2024 15:22,5996,London,Summer,60.0,62,1.2441024333256443,6,7711,Storm,1005.7485540860482
10/12/2024 03:12,8878,London,Spring,26.63395034033062,86,17.634724058054598,35,2572,Clear,990.3295608596214
15/11/2024 13:54,8884,London,Autumn,17.610487057472838,51,2.320776513611063,21,6198,Clear,992.0243820434994
04/04/2024 23:25,5444,London,Autumn,20.840160034346997,27,9.246516096399391,11,174,Rain,1006.2748101514364
28/06/2024 02:21,6547,London,Summer,-4.689951260429506,50,15.669617017537528,38,5434,Storm,999.847262048102
25/08/2024 21:00,8399,London,Autumn,20.816965183167547,20,18.52349944570614,3,1155,Snow,1015.20802988025
03/03/2024 05:18,6521,London,Winter,28.339090364940706,72,3.648772617553107,21,9195,Rain,1003.0097988323796
20/01/2024 23:11,8508,London,Autumn,29.10127555864893,97,200.0,55,1347,Rain,1007.3150524692926
13/12/2024 14:16,8087,London,Autumn,28.86953700583982,66,5.116487136584819,54,2274,Storm,1010.4867730782994
31/03/2024 22:16,5386,London,Autumn,23.885960413822907,86,4.677406507908577,49,529,Snow,990.7522772293688
04/04/2024 07:08,7299,London,Winter,3.2390949787171905,36,8.443725477218702,33,50000,Rain,991.0477725645364
15/11/2024 20:44,7287,London,Winter,17.722404611703126,23,10.951713112831817,28,9973,Storm,1002.6159599627694
03/04/2024 10:59,8834,London,Summer,18.128430739335368,23,4.272576333387004,53,3886,Clear,991.6253821204028
10/06/2024 06:50,8990,London,Autumn,24.577719315620527,68,7.811041205652223,18,557,Snow,991.3228225009876
05/10/2024 04:13,5575,London,Unknown,32.84096390638797,30,5.22169607466122,21,3702,Rain,1021.331111987444
12/09/2024 15:21,8479,London,Winter,14.945628595027074,77,4.492075899023396,15,1273,Rain,992.9237385062332
12/09/2024 21:50,5056,London,Winter,19.230089198971022,38,9.860580047209076,12,2851,Fog,1004.143998363748
30/05/2024 05:07,8807,London,Spring,8.644018870141325,53,6.436337781453638,41,2133,Clear,1017.6577070618208
12/04/2024 01:03,5777,London,Summer,20.10260675133249,81,4.258823453933543,36,5888,Rain,980.1341035666458
26/07/2024 02:15,7124,London,Autumn,18.407889845910603,90,2.6415930632487683,2,7637,Storm,1007.902219835956
31/01/2024 22:21,5089,London,Autumn,19.597051885328085,70,5.943202029448535,26,7634,Snow,1001.2142827411664
01/12/2024 01:06,6584,London,Unknown,3.880137321114813,65,150.0,14,7385,Clear,998.7930956775344
04/10/2024 10:36,6414,London,Spring,32.19356179221346,30,2.497893311160585,49,9394,Storm,988.746412420766
08/10/2024 04:01,8221,London,Summer,21.051579969561917,78,3.363665844274758,13,3452,Snow,1010.0421757920748
01/08/2024 13:26,6907,London,Summer,25.34840238166639,81,1.2906939687368937,26,5698,Fog,1000.4605427576724
29/01/2024 20:04,8812,London,Unknown,10.356625270436613,92,3.525413757812067,6,2882,Storm,1009.5594217294956
06/11/2024 09:38,7351,London,Winter,9.953719545339249,20,16.697581228455384,0,8981,Clear,981.8829976236008
13/07/2024 09:40,5741,London,Unknown,18.128430739335368,58,7.614078291544328,58,730,Fog,996.4028937244378
23/11/2024 16:24,6852,London,Unknown,17.740128205533964,61,5.544292811027502,59,4694,Storm,996.0271615232956
18/09/2024 11:53,8826,London,Winter,-30.0,94,2.428570913328835,49,1377,Fog,1018.6127474558518
30/04/2024 22:32,5828,London,Spring,27.118443665401045,70,8.020852104835413,14,256,Clear,996.9292762474817
23/08/2024 16:03,6998,London,Summer,39.83764810572963,58,16.91150833265364,52,6661,Clear,998.1774276507094
07/08/2024 11:28,5894,London,Unknown,43.53335788820657,77,27.797011556546405,25,3382,Storm,997.5731274380952
22/09/2024 11:13,7858,London,Winter,23.64290642325913,98,10.056436597836353,28,2636,Rain,995.0416397068226
24/03/2024 04:53,6476,London,Winter,10.43310703173739,31,4.53346121287195,39,1816,Snow,1004.1580505438632
29/09/2024 20:53,6593,London,Autumn,14.283093673668356,81,1.6066179603366373,21,553,Fog,1025.7610922863987
30/05/2024 12:54,7842,London,Spring,15.504568863769071,89,100.0,9,4064,Clear,1014.6833355042986
24/01/2024 23:01,6677,London,Winter,0.8440184627535814,70,14.598948263827252,35,3410,Fog,999.5278589069244
08/11/2024 04:19,7069,London,Winter,12.927937701588029,78,17.69133811594444,30,7105,Rain,1014.472178904894
24/12/2024 12:25,5578,London,Winter,18.128430739335368,95,13.245725997453189,2,1655,Rain,995.3510033630814
17/10/2024 19:44,5760,London,Winter,16.455511546485138,24,3.2978005587487997,17,5367,Snow,1001.7779495051216
10/09/2024 07:53,7464,London,Winter,12.781597605528791,35,17.05441578606707,33,9944,Storm,983.1649672189508
08/09/2024 12:20,6455,London,Winter,17.018047585684293,45,6.222632630562447,6,4628,Rain,994.750818357509
04/04/2024 15:16,7469,London,Autumn,9.342009530569182,68,150.0,54,5163,Snow,1012.1795835863508
25/12/2024 12:05,7528,London,Unknown,28.48656170935524,24,0.1480430281564997,20,5840,Storm,1003.4776163818284
19/06/2024 07:14,7227,London,Unknown,21.605474773495303,42,2.855241882796221,24,5295,Rain,999.3241829978556
09/07/2024 01:42,8894,London,Spring,8.943300252384418,61,100.0,31,50000,Clear,1014.6401882456124
02/04/2024 02:29,8857,London,Autumn,-5.43964932796667,25,13.939057405117458,51,756,Storm,1000.4018638682596
28/06/2024 00:18,5841,London,Autumn,19.62233836574158,70,0.5477141315679424,20,2143,Fog,991.3936570244814
17/02/2024 18:11,5652,London,Unknown,25.778346356656737,90,5.574213243604415,23,3851,Rain,993.5746040522243
22/01/2024 14:33,6117,London,Unknown,-7.924867892397231,28,5.41318039828584,24,9744,Clear,1021.9381038302336
16/01/2024 13:28,6154,London,Unknown,14.573987723413737,97,9.755112974925495,30,4084,Snow,1011.2888380196426
16/04/2024 02:50,5054,London,Winter,18.782311309060347,41,6.771966602896942,15,4193,Clear,991.8227001688912
12/04/2024 17:48,5504,London,Autumn,13.106338730616166,32,1.493845658989768,7,8827,Rain,993.3244953828744
08/05/2024 21:44,7844,London,Summer,11.253056662861308,95,5.585610225386303,49,9271,Rain,1015.090875176637
03/12/2024 06:25,5520,London,Winter,21.638480690108985,30,18.05505919748703,19,3995,Snow,988.9590368676178
24/03/2024 16:00,7896,London,Winter,4.975644233174128,84,12.783889774731808,16,4169,Rain,988.8768997741292
08/11/2024 17:11,6345,London,Autumn,10.660491595953662,69,7.980495062962101,7,2452,Rain,997.2734161233806
18/09/2024 21:17,8903,London,Winter,21.97804217305161,79,13.735338085840809,11,7261,Fog,1013.7555530473602
02/01/2024 05:14,8321,London,Autumn,1.4563766547775678,42,2.879633167757502,33,50000,Clear,991.0210710680263
22/04/2024 18:55,7280,London,Summer,12.176157771227532,44,8.42057588925025,22,5223,Storm,1000.6832626042896
05/10/2024 14:44,5516,London,Unknown,10.605172189413638,71,7.652628814792584,52,4485,Fog,1013.173010479862
16/04/2024 02:10,5666,London,Spring,32.22443626052565,94,1.5061821608536734,13,6353,Rain,999.7491108310468
03/05/2024 03:16,7545,London,Autumn,13.15376600288283,47,12.045214029044711,56,3702,Rain,993.3539921095316
15/12/2024 10:57,5321,London,Unknown,18.128430739335368,80,100.0,56,1327,Clear,996.8951378605811
16/10/2024 00:52,5102,London,Autumn,11.94178448379746,91,2.9132100134723977,2,50000,Clear,1016.1504478983144
01/05/2024 08:29,7674,London,Unknown,10.642213415115853,96,6.934958074298589,23,5264,Storm,990.4332855670738
04/09/2024 14:29,8712,London,Spring,23.54390257350792,50,0.0815064534406362,20,7815,Storm,984.2955767118156
27/10/2024 08:53,7887,London,Unknown,9.549838772411418,25,0.4140618732905672,6,888,Clear,997.9408466364098
30/09/2024 19:35,8946,London,Summer,18.128430739335368,29,9.569751808130338,31,2370,Fog,1015.2675269848704
11/03/2024 14:21,7849,London,Unknown,16.961011874479794,30,2.898867298678786,58,1436,Storm,995.4117287633665
30/03/2024 19:33,8049,London,Autumn,6.420403828793191,57,10.097254831021026,55,9163,Snow,1005.2646492500288
26/03/2024 05:43,8583,London,Autumn,23.687603328354516,56,3.3392361519713285,27,440,Rain,1001.9360178600608
19/04/2024 13:19,5534,London,Spring,21.73929526191792,72,3.2326472103863377,45,1510,Rain,1000.2267132805011
10/04/2024 01:52,7858,London,Autumn,1.813793123617085,85,17.691105946280015,24,9034,Fog,1005.6919530906674
14/06/2024 21:27,7554,London,Winter,29.782140087235994,97,8.378091176392195,10,8262,Rain,998.0387890710452
03/07/2024 19:10,5251,London,Winter,18.921942555226085,41,3.4643334468753864,47,1365,Clear,979.243391123618
22/02/2024 15:30,6929,London,Autumn,10.38010253680093,90,2.1647758602983616,53,2970,Fog,1008.8227805651302
04/02/2024 06:04,7780,London,Winter,22.24149285333613,55,200.0,45,6554,Storm,996.3817213018592
07/08/2024 07:25,6486,London,Summer,14.959963179440782,26,0.1735124654535544,0,9487,Rain,1004.1057053996504
24/02/2024 10:40,5731,London,Autumn,7.879933348234557,33,2.0264663753461063,25,3413,Rain,996.5180813748432
03/08/2024 23:23,7711,London,Autumn,18.47963851209907,43,0.6535203090144011,19,9721,Rain,996.885078433384
20/05/2024 02:11,7236,London,Winter,60.0,74,5.173389391686901,13,1231,Snow,975.6286193912584
25/04/2024 03:28,8006,London,Summer,21.92072574080146,60,15.76390799192756,27,7467,Rain,999.688683410461
27/12/2024 09:02,8384,London,Autumn,24.064757168901217,42,6.005920700718805,27,2837,Rain,998.7345856697708
04/12/2024 19:11,6986,London,Spring,25.982741649035447,41,12.804783026108533,58,1632,Snow,1018.619683595059
15/12/2024 15:41,5790,London,Autumn,26.70599066302116,84,0.1990046182564722,7,9127,Storm,992.3262783830894
05/09/2024 02:21,7182,London,Spring,32.699334400162584,87,2.673354531696789,15,4023,Storm,1012.3867836466704
07/08/2024 22:11,6364,London,Autumn,15.514860166909052,83,21.09089534201086,34,1191,Fog,981.5407771289612
17/02/2024 19:17,5315,London,Unknown,21.60589538045205,97,2.973363453800228,58,5218,Fog,1006.1025006078938
01/06/2024 06:01,6806,London,Autumn,20.33369499985429,39,18.878032832263504,24,5672,Storm,995.4829515640594
24/05/2024 07:19,6470,London,Autumn,6.483613686773492,68,11.673062574115466,4,3809,Clear,1021.154445801595
20/01/2024 09:55,6038,London,Unknown,5.509431311959069,88,1.506221110847319,19,952,Snow,1009.0055252187695
30/05/2024 00:32,7605,London,Spring,11.475919671964151,57,15.463962297929315,55,2177,Rain,991.3824335396848
04/07/2024 20:40,8384,London,Summer,21.36731933855456,83,2.644685518911631,47,6326,Rain,982.991570325306
04/04/2024 00:22,6818,London,Autumn,10.70658465131065,57,1.803700642519208,44,7318,Rain,990.2257126772358
19/04/2024 05:35,8837,London,Autumn,24.068255310541826,72,10.307610869412892,45,8217,Fog,1000.682908036738
29/05/2024 04:05,6467,London,Autumn,4.145309254146326,70,100.0,10,3136,Clear,1000.1644258579717
15/07/2024 18:06,5653,London,Summer,23.88038503381282,26,13.94494405059088,7,9861,Snow,1021.7739952975712
26/05/2024 13:20,6953,London,Autumn,27.42637024176215,26,4.50493721492677,27,2862,Snow,1009.2640787770732
16/11/2024 19:45,7056,London,Unknown,7.928553054741576,95,11.62159423004887,47,6535,Clear,1016.5107070114605
07/03/2024 16:58,5305,London,Winter,28.18149384453303,34,3.376181009669925,5,50000,Clear,1023.3253448711548
08/07/2024 23:38,8984,London,Winter,19.051647101637958,58,3.4115083258047822,29,1351,Snow,979.4968536375852
16/12/2024 06:03,6038,London,Autumn,14.825417232730995,71,2.7607029637796936,52,4841,Snow,999.3266710296508
16/01/2024 18:07,8925,London,Winter,36.93800686311765,42,2.2660601639809586,58,5473,Fog,1018.771209536093
02/04/2024 09:08,6211,London,Autumn,-30.0,88,3.1836433250155176,20,4267,Storm,996.0077300631506
13/09/2024 18:30,5055,London,Spring,30.384056165519898,63,5.371682522380311,39,542,Fog,992.682460510256
19/11/2024 23:30,8156,London,Spring,14.979824404396563,78,10.069948364411395,53,7123,Fog,998.4668987279208
05/03/2024 03:07,5674,London,Winter,21.481661780985245,99,14.45287867916026,2,566,Storm,1010.1935250764436
29/08/2024 09:15,8308,London,Summer,21.07278299449681,40,11.933620968936095,12,6386,Rain,1006.7510059243004
31/10/2024 02:53,7391,London,Autumn,2.758891242808172,31,1.737780169292486,14,3971,Rain,1003.6752041111788
31/03/2024 12:31,6060,London,Unknown,-30.0,77,5.270877539430877,52,5323,Rain,1016.0143738507217
17/01/2024 06:07,8209,London,Summer,33.0225842619699,85,13.65254063765438,48,1677,Storm,987.2970272555876
15/02/2024 03:25,8297,London,Unknown,15.206371051899978,92,5.806177361254932,56,747,Fog,1006.2425745241648
13/09/2024 19:17,8754,London,Unknown,25.12003722320216,98,15.645135013801765,41,7880,Clear,1007.4589198743996
03/11/2024 21:16,8200,London,Unknown,32.855615011652645,27,6.406813540275067,9,6427,Rain,1002.4575939845078
15/06/2024 23:52,8934,London,Autumn,13.443298396680976,73,1.1045864218967694,56,3059,Rain,989.5470820667452
04/02/2024 19:55,7508,London,Autumn,25.89624586077965,54,1.814674751836036,59,211,Fog,991.1824650046652
25/09/2024 22:35,8105,London,Autumn,20.658982381817538,35,19.948961345832277,25,9225,Clear,991.5958074887822
11/06/2024 23:05,8969,London,Summer,11.550479145726984,70,16.556093580022367,39,7670,Rain,1005.6472960311446
22/05/2024 11:04,7963,London,Spring,17.55213756332539,88,4.9163964007865175,31,494,Clear,983.924848783942
16/12/2024 09:38,6397,London,Unknown,18.42958253776558,71,1.4404027738927927,50,6386,Rain,1017.773639954546
05/03/2024 10:53,6419,London,Winter,-3.897467794270664,86,6.563442549212283,3,4782,Storm,986.3855452857928
26/03/2024 07:00,6328,London,Spring,26.102991693140112,70,3.883164039610458,45,6299,Snow,991.3222034483248
21/12/2024 14:42,5713,London,Unknown,29.13574773073569,58,6.330809988394634,31,7081,Rain,988.9701869191236
18/02/2024 03:51,8920,London,Spring,14.173713398513463,59,17.417196038050264,51,7910,Rain,984.9367754382196
04/10/2024 18:19,5724,London,Summer,33.48503532312002,50,100.0,50,4815,Clear,987.2424836078488
19/11/2024 03:07,6797,London,Winter,16.3554862655134,60,0.9803193015957667,4,7102,Storm,1016.7472944832856
29/08/2024 22:36,5567,London,Autumn,-2.190972630630327,76,3.0991877323765427,33,9986,Fog,1000.1125714171684
05/07/2024 07:59,8777,London,Unknown,18.128430739335368,71,4.92122581315326,6,2177,Clear,1000.8400206210508
14/12/2024 22:19,8705,London,Unknown,7.189824342806654,44,11.301510467240073,37,1303,Rain,998.173440934421
20/07/2024 06:26,8221,London,Autumn,32.75059369240295,51,10.75558256382216,16,8910,Rain,1023.1149736617328
31/01/2024 11:35,7869,London,Spring,-5.846587268956725,21,6.860571077470532,48,7467,Clear,988.011626091143
11/02/2024 01:01,6049,London,Spring,6.180796513483985,91,2.2753471364671625,52,6099,Rain,1001.5683100083191
02/10/2024 09:55,5909,London,Unknown,60.0,68,12.339290413345903,57,3193,Rain,1002.2390502710856
28/08/2024 18:12,6448,London,Unknown,17.859978861057083,72,9.126057198007071,51,2979,Storm,984.0054418156324
25/10/2024 10:57,6979,London,Summer,11.294887984174563,26,14.28885538310184,17,8933,Storm,998.2034516994886
17/03/2024 08:39,7681,London,Autumn,21.98899914219991,77,7.758294381979232,18,9013,Rain,998.1472967897022
02/10/2024 04:26,8335,London,Summer,3.4544404067932675,22,9.841679755526428,16,8564,Rain,984.281031559222
14/03/2024 22:45,5364,London,Autumn,3.5916273354612773,41,3.849799632475846,12,264,Rain,1012.8897027613136
03/10/2024 16:38,7270,London,Summer,24.18944283319907,45,11.220333364916318,28,4662,Snow,1009.7811543578204
04/07/2024 21:15,6730,London,Autumn,7.930831769217175,39,13.46385866689156,24,4149,Snow,996.6008326032542
12/09/2024 08:21,5055,London,Unknown,26.0110413672888,73,12.79322304893004,10,8041,Snow,1008.2662270053831
21/12/2024 19:30,8945,London,Winter,19.8321730762153,77,21.046188392337186,2,429,Storm,998.0742040065552
08/10/2024 04:03,5818,London,Winter,12.994715249760809,23,8.446263279247312,47,50000,Fog,991.74185518806
22/07/2024 05:05,6674,London,Unknown,1.5973648445287765,58,15.709715517117582,35,6044,Clear,983.7347164576034
12/11/2024 01:19,8860,London,Unknown,24.853558096542407,77,100.0,25,5741,Storm,975.6852536449884
12/03/2024 18:42,5709,London,Winter,9.002368719696197,38,11.18353272793939,20,1875,Rain,989.0404949387632
29/06/2024 02:21,8699,London,Autumn,7.910388655697622,63,0.9713327520438098,45,6700,Clear,1000.1309268243026
15/12/2024 00:38,8954,London,Autumn,-4.183718442544237,54,2.9341403232101264,2,9410,Rain,1006.2128020697364
07/03/2024 19:37,6780,London,Summer,6.26915772803229,56,2.2624166463681403,39,3194,Clear,993.0472693881796
18/04/2024 17:04,5994,London,Spring,27.285986263145148,25,10.574821713825196,31,5019,Fog,1006.2773402421496
02/12/2024 06:45,7851,London,Summer,14.60338337176072,94,3.707467524793808,11,8924,Storm,997.6737412920944
12/02/2024 13:00,8210,London,Autumn,15.320534849707723,36,3.612624219563541,12,5589,Rain,1003.8273325555182
21/03/2024 07:41,6042,London,Spring,19.812656243917058,22,3.7673925557440544,56,3849,Snow,996.525836281308
26/08/2024 01:02,6645,London,Autumn,20.988857591730657,40,6.040637944025383,43,9363,Rain,1017.942445425306
12/04/2024 19:05,7712,London,Unknown,23.60123418880437,88,10.05006844856112,40,4718,Storm,981.3129820837491
28/12/2024 05:02,5958,London,Summer,-5.812279695328815,20,6.868617263037896,15,6414,Storm,1001.6962019465224
23/03/2024 23:03,5326,London,Winter,33.82524671745145,21,5.815119689853624,47,9158,Rain,996.4289700588754
12/07/2024 23:41,8970,London,Autumn,25.850991743543904,76,10.492396576463264,53,5309,Storm,1007.8239361567612
21/01/2024 23:52,6480,London,Autumn,18.79163783958951,21,17.71419317067211,18,50000,Storm,996.147161595276
09/05/2024 06:34,6905,London,Unknown,-7.682786256328292,48,13.66308229235944,40,9682,Clear,1004.4559282503984
13/06/2024 23:30,8648,London,Winter,9.161344077430533,38,150.0,26,6642,Fog,1004.3559028403248
11/08/2024 02:34,8623,London,Spring,26.99646183903767,80,5.130032328278059,51,7495,Rain,999.6216985108804
23/02/2024 15:24,7619,London,Autumn,17.20168519921383,34,2.4225126371397647,7,8832,Storm,1000.2273375823644
06/10/2024 13:05,8417,London,Winter,18.295993851906854,64,5.127821363479381,35,2256,Snow,989.6787070956252
01/01/2024 14:55,6482,London,Autumn,22.782184125942536,52,9.819539953273695,19,8878,Rain,994.1841079767825
01/09/2024 09:59,5771,London,Winter,1.7638391019319606,92,9.765947291934436,14,8890,Rain,1011.250029211938
20/08/2024 17:00,8435,London,Spring,18.97844841510562,64,6.799093127735279,53,3006,Fog,989.4028302123464
17/02/2024 07:51,6100,London,Summer,8.260289894362396,89,3.439272987417955,35,7154,Storm,1008.6527379643768
08/11/2024 18:16,6801,London,Unknown,24.911963469353054,35,0.0051074684503982,1,9852,Snow,983.5782227905344
21/07/2024 03:03,7112,London,Summer,5.848822297426597,49,4.785477171644832,6,8116,Rain,987.38685983528
06/12/2024 11:52,6939,London,Autumn,13.256589723187094,37,0.7916701029781903,59,4716,Clear,1004.8196416528846
24/09/2024 03:38,8539,London,Spring,20.219808464298573,28,4.279919086016795,42,9563,Snow,1013.8027805484344
13/12/2024 19:36,7697,London,Winter,-7.924275586306884,26,7.609729071585473,55,1333,Rain,1010.953861830166
25/10/2024 23:13,7438,London,Unknown,18.128430739335368,29,6.518933210607873,51,8605,Fog,1003.9380690877716
16/08/2024 01:39,6353,London,Spring,20.090754752491137,25,7.219802002853679,31,2176,Clear,1008.459592254032
07/05/2024 08:18,7862,London,Unknown,23.684318661588804,79,12.059021629916083,27,3036,Storm,1011.9527101319736
14/02/2024 20:40,5003,London,Unknown,30.024945315865214,66,10.174557248533516,15,6678,Fog,994.9230688305422
25/03/2024 22:58,7504,London,Winter,19.565528509955136,53,2.394669083986902,59,116,Rain,1019.9923532564596
13/09/2024 02:06,7716,London,Spring,-1.1212876000877117,77,3.785947141342594,26,1933,Storm,1000.4186147998488
21/04/2024 02:35,5396,London,Summer,24.625350694193298,68,2.904435342730633,8,3747,Snow,979.6090826088346
04/12/2024 09:03,8699,London,Unknown,12.820492259092116,73,9.072124012810349,54,1884,Snow,999.1466575013586
13/04/2024 21:28,5066,London,Autumn,3.996134711905887,27,9.89254746574692,50,6782,Clear,1027.6596570696252
01/01/2024 16:10,8363,London,Spring,3.226187751383897,86,8.89727177166909,13,416,Snow,989.4477748587608
30/10/2024 07:00,7779,London,Winter,10.597957124550074,96,0.0630853556761863,29,5083,Rain,987.790751730328
16/03/2024 09:13,8739,London,Summer,23.539227434648836,90,0.1092648097248769,46,1189,Clear,984.8864924552493
17/05/2024 15:44,6873,London,Summer,6.109472399526565,58,0.4109409789977043,36,6783,Rain,1010.070133867581
06/12/2024 11:50,5702,London,Summer,12.603790907857707,59,4.191352440712503,32,9096,Snow,1013.0081221536587
27/04/2024 20:49,5946,London,Summer,11.219986172191842,58,3.114189077630272,24,1557,Snow,997.45964975022
14/10/2024 06:00,8866,London,Unknown,25.665150610685,25,9.083770326810786,18,3321,Fog,1003.220328742541
06/01/2024 23:30,5986,London,Autumn,5.601162832887544,50,10.50787334844116,16,50000,Fog,998.2635826507548
03/05/2024 03:42,5761,London,Winter,27.30945530361371,38,5.163528066116486,11,2847,Rain,1011.7946533175596
25/02/2024 11:58,8982,London,Unknown,16.928247429486625,58,0.2568234029081129,10,2970,Rain,1000.9138794861263
30/11/2024 23:48,6308,London,Unknown,14.86344643629876,89,0.3559103963646439,42,3956,Rain,1002.53615475797
30/09/2024 04:46,6274,London,Spring,28.97973484418121,60,11.568768827863972,22,7492,Storm,996.7806574493908
11/10/2024 14:15,8349,London,Summer,5.433870313907002,88,2.59756634228968,26,6994,Storm,1010.7959601331312
02/05/2024 07:46,8755,London,Spring,21.22093571919501,82,0.661170629916997,38,3878,Rain,991.0080786955544
09/10/2024 11:48,7304,London,Summer,43.7230138066834,45,12.472380167536889,49,8389,Rain,1014.877591096994
03/08/2024 18:45,5063,London,Autumn,7.530019112631171,42,5.57622131171146,15,7246,Clear,991.0099179931344
23/04/2024 00:12,7012,London,Summer,24.97355921019274,95,14.128031847120964,33,9720,Clear,1008.7911740371906
27/10/2024 04:52,6118,London,Unknown,13.175437238799176,84,4.421115491039686,41,3873,Snow,1009.4772363180846
10/11/2024 23:44,8014,London,Unknown,12.33218741762055,56,14.603819709335324,48,3291,Rain,1010.4871517192478
08/09/2024 12:14,8879,London,Summer,18.128430739335368,83,200.0,40,3715,Fog,989.8202222269292
18/12/2024 06:26,8423,London,Spring,21.34288721841,86,2.001747649565087,33,7049,Rain,989.2001777532528
02/06/2024 03:49,5336,London,Unknown,30.74798276925569,61,9.067038523703754,41,4449,Fog,995.478777959944
25/08/2024 22:11,7942,London,Spring,22.592749274515835,75,12.241828011782378,41,7597,Snow,997.4522449377528
22/03/2024 23:48,8111,London,Summer,26.314033531845112,79,3.435293653815661,4,4344,Snow,985.065337021509
22/06/2024 03:12,6793,London,Winter,40.63065669249586,64,9.988935563445384,45,5622,Snow,999.6840565301344
22/06/2024 21:11,6447,London,Summer,28.629768235659785,56,1.1427094500262602,28,4640,Snow,1006.800848777876
17/11/2024 19:54,7953,London,Summer,19.287406663081992,96,18.28140651022583,35,6494,Rain,992.1829217973816
30/09/2024 15:26,7345,London,Autumn,8.486183489166626,56,17.295477141863394,16,278,Storm,993.4918115095372
22/11/2024 10:57,8859,London,Spring,20.485893260692364,26,9.425585409382316,22,7638,Fog,1000.8434880027102
16/06/2024 23:31,8680,London,Summer,28.901560484002804,69,13.62281493863377,29,1990,Clear,998.9231199981552
06/07/2024 17:50,8845,London,Spring,12.808365287051911,59,2.623429196592138,44,902,Snow,998.3034256967516
10/10/2024 03:15,5549,London,Unknown,18.437532730463914,34,10.12097129678846,43,205,Snow,1010.511677875882
13/10/2024 01:59,5956,London,Unknown,12.872272233892462,73,4.10525818564386,15,9447,Clear,985.3551282782558
22/09/2024 13:07,7608,London,Spring,32.165422903399175,58,7.060010820899551,26,6320,Storm,1002.2026374137366
05/10/2024 20:55,6441,London,Unknown,60.0,81,6.323161459797698,25,2196,Clear,1006.9730544460036
27/01/2024 12:04,5879,London,Unknown,22.96147641945406,34,17.21118215369213,1,1903,Rain,1010.1079930435624
21/01/2024 16:26,5571,London,Spring,15.096739984870466,55,13.278401408533382,17,8616,Fog,984.8743742653904
08/11/2024 16:38,8362,London,Winter,28.32739214049916,59,2.008633977481593,50,7179,Snow,976.8035361297824
17/02/2024 07:42,6937,London,Winter,26.933865509282672,59,6.369922824246887,0,8377,Storm,1006.237964336443
11/02/2024 01:54,6988,London,Autumn,38.72917267370679,45,4.301119747724789,46,329,Rain,1010.7465637628662
21/04/2024 17:31,5300,London,Unknown,30.483846258205222,25,7.218588756959805,8,4405,Clear,990.3166858364136
13/11/2024 17:10,5531,London,Autumn,18.61662295479435,33,13.304863499203933,57,2706,Storm,984.968037349758
21/11/2024 00:46,6869,London,Unknown,18.36313443308593,22,6.204281406739611,3,2438,Storm,998.5311663868358
27/12/2024 18:42,8488,London,Winter,14.93704634233386,35,4.819073129133922,3,8744,Storm,987.222516290954
20/09/2024 02:16,6111,London,Winter,18.128430739335368,63,10.443583933638156,10,4729,Rain,998.8954448603172
16/12/2024 21:31,6946,London,Winter,39.10943734635065,98,4.171099831693615,2,779,Rain,993.812098221004
22/07/2024 03:02,6960,London,Spring,23.39632411809724,56,13.303475071010118,29,5766,Storm,997.6548336175928
10/11/2024 05:58,8096,London,Winter,22.91926217563531,87,12.348373830421997,6,9762,Rain,1003.5587761620334
07/08/2024 03:06,5851,London,Summer,5.2551096853177,69,3.1217594541844544,32,4297,Rain,1009.6973489293604
19/10/2024 01:14,6760,London,Spring,17.939637650519686,89,3.1752641429304447,14,3028,Fog,1001.3535588873116
29/12/2024 16:34,8982,London,Winter,20.1189059563344,44,0.8334419111533284,51,8721,Snow,998.919479708707
27/04/2024 04:42,8836,London,Unknown,-30.0,87,1.7487921864435352,4,8887,Clear,996.4343039060984
31/03/2024 08:36,5093,London,Unknown,-13.17237256542651,58,3.0281490574532515,24,2169,Storm,997.0438178156404
18/04/2024 10:50,6759,London,Spring,28.1613224421866,38,19.074348696255534,24,7427,Clear,995.3811659255437
08/08/2024 08:45,8229,London,Spring,18.45521187737212,70,17.99955008243613,50,7483,Rain,996.492241313247
18/06/2024 22:35,6707,London,Summer,-2.089699251617059,65,3.6342568021861696,28,7073,Snow,1000.187356574487
12/06/2024 23:55,7372,London,Spring,19.342909213701503,54,1.466309783589971,56,3934,Fog,997.6288731216946
20/01/2024 16:52,7466,London,Autumn,16.816422610158693,25,1.5156061478285077,31,7920,Rain,980.9499319075752
21/08/2024 01:49,6275,London,Spring,16.563408765323864,95,2.212603677531228,39,1251,Fog,994.8921237794208
02/03/2024 05:11,7163,London,Spring,25.5600028266592,69,0.2983087373478614,37,5496,Rain,981.3666199573224
20/11/2024 06:17,5682,London,Winter,1.3779890856575,23,3.626542696104615,34,5014,Rain,994.9527595187618
08/11/2024 06:33,6140,London,Spring,8.65026593401502,39,5.24888184369868,44,1486,Storm,1006.9643667222648
09/06/2024 14:06,5047,London,Winter,5.333805386827208,60,12.62231613098708,31,4062,Clear,1008.4331624413832
22/03/2024 15:43,8715,London,Spring,15.027163022617188,60,13.61845655531811,7,50000,Rain,1019.3827357963396
15/07/2024 13:56,8305,London,Autumn,6.0984988695082265,56,0.2865927067974931,52,1634,Clear,1016.3044245469754
30/06/2024 14:39,7066,London,Spring,5.590417093611974,51,0.7141628711054437,14,4311,Snow,989.3404705894146
25/05/2024 18:51,5889,London,Summer,16.573002286309485,97,4.400612838457254,38,3910,Rain,1011.8570450038188
25/10/2024 02:22,8830,London,Spring,14.905650733773149,22,150.0,50,5808,Rain,1011.1658191369336
10/03/2024 23:33,7700,London,Autumn,18.54715665887937,79,17.7769738721764,59,4950,Snow,993.0415801719412
02/12/2024 15:19,5609,London,Spring,-30.0,57,17.41527108881143,32,3366,Snow,999.303333894208
20/05/2024 14:26,6794,London,Spring,34.72251841930615,87,8.650977888458225,47,3615,Clear,984.6765042736292
05/08/2024 03:15,5316,London,Autumn,17.410831346869195,60,17.69816874026433,43,2393,Storm,995.1795868180384
15/02/2024 09:43,8388,London,Summer,14.717529140802815,87,7.937581734679563,30,8309,Fog,998.0658821500596
11/02/2024 21:33,7919,London,Autumn,10.40550386907296,30,2.783519176126817,24,9332,Rain,982.5701680820756
19/03/2024 02:14,7027,London,Autumn,14.960158445674772,70,12.873838939721985,48,9539,Rain,990.7049884770868
20/08/2024 08:44,7046,London,Autumn,-7.675395254420042,40,0.5898954031059045,54,5804,Clear,1007.6820998122216
01/11/2024 17:12,7131,London,Winter,27.87586385819324,83,10.294527741032994,43,9734,Clear,1002.8974556526094
30/10/2024 18:44,8973,London,Unknown,-7.879578089221027,39,14.217133348462676,49,1794,Snow,1015.2640244355628
05/06/2024 02:09,8765,London,Summer,14.523503990848084,42,1.6169526823799174,7,7563,Storm,1004.1040483827336
08/08/2024 12:28,5219,London,Winter,24.362659206041968,55,9.64572724538032,59,50000,Clear,985.7991461879284
10/09/2024 14:33,5618,London,Winter,30.31229367031092,65,5.357625708231055,44,50000,Rain,1006.2113390406874
10/11/2024 14:48,6315,London,Unknown,10.047432299146816,97,16.29168108836916,1,1360,Fog,991.6299034579796
09/01/2024 16:06,7111,London,Unknown,18.128430739335368,62,1.862850438100835,45,9684,Fog,998.3875790256326
22/08/2024 15:17,6003,London,Unknown,20.964426885388995,48,9.110633207036468,30,4786,Fog,991.9519889049402
16/03/2024 23:45,5216,London,Summer,30.59879454624496,46,20.657751262583822,17,2184,Rain,986.8818363289716
26/04/2024 14:07,5368,London,Autumn,19.227482824074087,49,0.2917288674526581,51,3076,Clear,991.294022381984
01/08/2024 05:23,8359,London,Autumn,6.551505609749675,53,0.8208981723463831,46,5011,Rain,996.0028533722132
19/12/2024 03:58,7606,London,Unknown,27.35606939458119,81,4.182495591876057,27,3304,Snow,1008.1564770778532
03/04/2024 04:19,8977,London,Winter,31.855110513698783,64,5.99084007035284,8,6452,Rain,1002.8551204217669
07/06/2024 23:47,7084,London,Summer,21.116820961495108,94,10.83547872516311,50,2236,Fog,999.8335806713256
03/07/2024 00:28,5708,London,Autumn,3.1613699487210614,29,4.458947569837974,58,6316,Storm,1003.4536585169916
10/05/2024 19:52,6910,London,Winter,12.958612661417185,77,6.325376368995983,8,225,Rain,995.8183443527414
30/04/2024 04:33,8629,London,Winter,18.128430739335368,20,0.4767045148792528,56,6380,Clear,966.1173354321024
15/02/2024 10:51,8338,London,Unknown,18.980674030997854,94,0.2196926418676632,58,2370,Clear,981.1222256703792
08/04/2024 16:48,8040,London,Unknown,2.9075402276480062,93,19.7294343703944,52,5633,Snow,991.8434883130528
11/02/2024 05:56,7113,London,Unknown,3.187515502935721,67,0.2573658139746468,49,9689,Rain,1010.770451832203
15/11/2024 11:55,6638,London,Spring,28.787488445681245,70,8.622087323490774,42,2651,Rain,1018.072900646418
17/09/2024 13:24,5459,London,Winter,24.20658618584184,98,9.62076612585885,28,2943,Fog,1003.0425008393564
11/09/2024 08:46,5028,London,Summer,20.13670512675683,59,5.111637550802309,36,3314,Storm,996.9588890764971
26/07/2024 01:42,8750,London,Autumn,27.897208445465708,94,15.266345503541986,57,251,Snow,990.1183202881916
30/07/2024 05:56,8405,London,Unknown,18.479765575127274,20,3.037995275336426,46,5408,Snow,991.0838620881703
04/03/2024 20:29,8672,London,Summer,12.809812516216116,78,10.567972033178322,49,8588,Rain,1008.7522760873788
10/11/2024 15:58,5654,London,Summer,37.70162944583546,97,9.846896435209535,28,6561,Rain,994.4585170797552
03/07/2024 17:37,7123,London,Winter,24.4805179730535,54,3.423329194454844,54,4680,Fog,996.6193853679785
16/08/2024 04:53,5383,London,Autumn,15.99876971466054,22,1.2124348839221923,14,980,Snow,998.9271112438588
30/10/2024 03:52,8377,London,Unknown,22.821558035096515,50,3.1412945840886763,40,8937,Snow,983.8979247321672
09/10/2024 23:33,8079,London,Winter,24.61704893076821,39,10.51725134953344,5,2550,Rain,987.6291314602788
16/01/2024 00:56,6120,London,Winter,7.1739583221757375,55,14.284366770401077,6,9791,Snow,996.4834654626924
08/12/2024 23:03,7341,London,Autumn,30.56235533856266,82,3.055653099608384,2,197,Rain,993.9644975624622
15/09/2024 19:43,6656,London,Winter,14.472905639951549,61,9.389716234868889,51,1207,Clear,1015.3512229880808
23/08/2024 06:19,5674,London,Unknown,17.727038174254044,59,1.7389253969135652,41,4646,Rain,1005.3294069302092
30/10/2024 18:27,5732,London,Autumn,20.395680873051163,27,11.841710100183263,53,8256,Snow,1001.4852015412688
26/08/2024 06:47,6592,London,Summer,19.672950610850805,86,5.4021397293794085,55,5619,Storm,1011.2640871684426
16/11/2024 09:07,8567,London,Summer,31.164441385766285,20,4.198635787150959,4,2699,Storm,1001.4675627792418
11/06/2024 23:13,5299,London,Summer,19.58357068271437,24,14.003051197649093,58,3552,Clear,1005.5793278953864
25/01/2024 14:59,8178,London,Autumn,25.972265639714653,83,3.2101697749195885,56,302,Snow,985.1126203353627
21/09/2024 09:43,5545,London,Spring,23.365060419701468,30,7.394321934136552,24,782,Storm,997.0320648825564
17/10/2024 14:13,8668,London,Winter,20.611353769141427,47,7.598527351994058,19,8990,Storm,991.4433872141292
31/10/2024 01:35,7021,London,Spring,13.233599104727036,86,9.712264946425345,5,785,Fog,996.4964557783716
24/04/2024 04:39,6167,London,Spring,5.597871578047453,53,0.3477113564642593,13,3530,Fog,1016.7263006773744
31/08/2024 21:17,7204,London,Autumn,24.67734069090519,43,0.0748620221786326,7,3422,Clear,1003.163561816472
23/09/2024 14:14,7304,London,Unknown,15.794412460383636,65,9.970898068324273,24,4186,Rain,1017.005908912433
30/11/2024 09:27,7224,London,Winter,9.404975138636598,80,13.630578262830277,9,2247,Storm,1011.3858321558572
09/06/2024 20:17,8497,London,Autumn,26.12579826103413,68,2.758428772111956,59,1239,Fog,988.472862935438
08/07/2024 08:32,8996,London,Summer,17.906709343503444,80,1.1631358361263162,33,7951,Clear,1007.9115773835756
20/10/2024 01:36,8931,London,Autumn,9.100328978025937,58,12.021645020805558,50,426,Rain,986.9402835825148
26/12/2024 15:08,8685,London,Unknown,5.9539956376236205,24,3.065978835678214,54,9738,Rain,1008.6775588517378
08/09/2024 21:17,7044,London,Summer,10.868686852830791,56,3.3175884263523487,36,6283,Snow,995.36767479698
23/04/2024 12:26,6024,London,Winter,7.232001858967479,93,7.05731469988538,15,2620,Fog,993.3996992154108
13/11/2024 14:44,6405,London,Unknown,11.30046642030636,63,200.0,6,6334,Clear,993.218711225726
23/02/2024 06:34,7427,London,Spring,30.41227071319933,34,3.4090916712045978,47,8922,Rain,1006.8261195550648
05/12/2024 18:14,7444,London,Spring,0.226480192498812,83,0.2458541410731296,40,7890,Rain,1017.1740710986094
12/08/2024 13:23,7435,London,Summer,18.33515344609268,62,2.207206688225813,15,4507,Clear,1002.0264040091308
12/05/2024 05:08,7191,London,Unknown,23.39986479239224,76,1.1562982215195057,22,7872,Rain,1003.6204026890948
05/07/2024 08:41,5745,London,Summer,17.523534928118462,42,2.5607589429731377,55,8745,Storm,1019.3215519272336
29/04/2024 13:54,6684,London,Winter,9.123549652556372,44,14.614562002244424,8,9934,Fog,987.4848095400012
03/12/2024 17:54,6752,London,Autumn,7.233084853619896,34,0.819067414809723,30,9392,Rain,998.9951245037056
14/01/2024 01:13,8838,London,Spring,24.650847914877275,99,2.1935335280280617,44,9188,Rain,1004.0803755916942
21/09/2024 00:07,6170,London,Summer,14.135324036637774,89,2.7370796885073294,59,7028,Fog,993.663101932342
15/04/2024 07:23,6484,London,Spring,28.548890583051687,65,0.5642609220675885,19,7143,Clear,1018.0514840613424
23/09/2024 14:25,6100,London,Spring,29.33549193780958,45,7.684084961405656,56,2116,Storm,1011.3024411649706
13/11/2024 10:35,7313,London,Winter,15.560497742398196,24,13.91850229279342,20,7686,Rain,1008.082270227628
27/07/2024 05:45,6123,London,Unknown,28.074239961972275,24,2.8546276399680206,52,7837,Fog,994.7439354439516
30/06/2024 02:36,7724,London,Unknown,31.640413187921325,48,3.586514511346684,48,1147,Clear,1005.8632529836766
13/11/2024 01:03,6716,London,Autumn,15.088114485933325,57,100.0,47,7560,Clear,1004.8929408179712
10/06/2024 10:20,7437,London,Unknown,3.8070065359694354,24,6.6328780716608895,25,4605,Fog,1008.2820545117723
19/09/2024 15:03,6854,London,Spring,12.419445378416263,72,12.549775565736956,54,5557,Rain,989.1408007958116
12/09/2024 02:56,5711,London,Spring,21.418186318619465,56,4.204941996522196,8,8066,Snow,991.097731301302
11/02/2024 17:23,6395,London,Summer,25.18392211159988,84,13.35359563328719,6,7057,Fog,998.9442937983828
16/07/2024 11:07,6293,London,Unknown,23.051456077858784,94,6.025293688108821,4,8090,Snow,991.864110188076
15/07/2024 06:45,6995,London,Winter,21.07645730900313,89,11.954232661849185,33,5366,Rain,987.925466161291
21/06/2024 17:59,7147,London,Unknown,7.851974471322736,63,5.0453861897850985,51,4043,Fog,998.2376315162496
16/02/2024 08:36,5991,London,Spring,17.90780643955995,46,4.38308711409772,51,1027,Rain,988.6609421887572
04/10/2024 12:47,8386,London,Unknown,17.0221695462255,94,11.36836640782239,18,9082,Storm,989.1384638715964
30/04/2024 14:19,7538,London,Unknown,6.498460490237799,44,4.286913944789056,48,2317,Clear,1002.9023901585816
17/06/2024 19:09,7625,London,Unknown,11.438991529076588,74,8.659119077694157,35,3045,Rain,1000.6794329993628
08/03/2024 12:11,8256,London,Winter,9.11968808468011,21,1.2991445745572858,13,3186,Storm,1008.8385435295116
26/05/2024 17:50,7883,London,Winter,12.54007316251298,27,19.812908392608698,28,7625,Fog,993.5025676670238
04/06/2024 10:24,8676,London,Autumn,18.69799353218069,63,6.430454701578674,46,2579,Storm,1005.0446347373812
05/04/2024 17:08,7052,London,Autumn,29.17504076506961,24,17.688127998833025,38,1005,Snow,1002.6841483570694
10/09/2024 23:20,7292,London,Unknown,17.528686701156296,91,16.79948509665809,24,4993,Fog,989.0105148812358
06/04/2024 08:55,8481,London,Winter,31.143161207582036,48,7.02580821950477,9,7375,Storm,1001.0149886776908
25/07/2024 13:14,6685,London,Spring,21.096368770419133,47,4.307204497945658,56,1169,Snow,1013.4101650036596
08/01/2024 13:01,7953,London,Spring,6.468116671814215,54,2.820380229679356,41,7188,Rain,1021.7359283562316
21/04/2024 06:56,6428,London,Spring,9.496123012158606,23,10.026209897880811,9,8972,Snow,988.5500229582289
04/01/2024 00:24,6361,London,Summer,32.808312665420004,61,5.522461447868084,48,8566,Fog,994.0369256330024
28/11/2024 10:36,8230,London,Summer,25.02623515639303,48,10.513147073287922,19,50000,Rain,1022.0611579273562
23/08/2024 04:38,5660,London,Summer,16.16281402915574,54,1.712240172763321,35,50000,Fog,1000.1689515937582
27/08/2024 22:41,5380,London,Autumn,19.31417820312219,62,4.348003387867482,7,1361,Fog,1003.799109367468
25/03/2024 07:37,5969,London,Autumn,15.65435305016192,96,8.931826448163049,28,4898,Storm,1011.1589821011818
27/10/2024 14:19,7994,London,Unknown,24.344076926020676,48,7.430782718874896,28,870,Fog,991.430100447716
30/05/2024 23:51,7846,London,Summer,19.19816734483932,78,8.862585864981183,58,4296,Rain,985.821276442459
16/06/2024 18:09,5197,London,Summer,25.12549645125613,61,2.1250244700589933,59,853,Snow,996.5391211033972
28/03/2024 06:53,8531,London,Unknown,15.72127987614962,43,3.5888424315577847,9,5115,Rain,1011.5157890932188
19/06/2024 18:34,5994,London,Autumn,10.677540607074896,81,0.5308179031959792,36,7578,Fog,1005.9026046802528
09/02/2024 15:46,5293,London,Winter,20.6519430805209,51,2.696874174178319,46,5571,Rain,998.4369306211628
28/01/2024 20:52,8305,London,Summer,22.26574361531033,54,2.95315835739384,48,8204,Storm,1016.0917364175332
14/09/2024 10:34,6405,London,Spring,25.47696120100893,34,0.0895189417036652,47,2688,Rain,982.6485262826096
13/01/2024 16:19,7655,London,Winter,18.128430739335368,79,13.348913647096898,35,4278,Rain,1019.7479432165444
22/09/2024 19:07,8594,London,Autumn,27.06490523883047,92,16.970788568487123,35,9052,Fog,1002.7231058818924
22/01/2024 20:03,8227,London,Winter,8.850663958320895,30,20.67918667352548,23,7272,Storm,997.6825695126902
25/12/2024 10:53,8477,London,Summer,0.0759229607381151,37,0.3414058827560557,3,3482,Snow,994.898843084367
18/10/2024 18:04,8345,London,Unknown,15.834689428674562,48,1.0529950497416145,14,9351,Storm,1014.1792245881688
10/02/2024 11:07,6264,London,Autumn,3.295128949006948,84,9.435467031742784,2,7658,Snow,1006.6547873375612
28/08/2024 07:45,8200,London,Autumn,21.46361447332968,36,1.0673359068786787,17,8096,Rain,1000.11140224209
22/09/2024 07:37,6444,London,Unknown,22.66601712150344,42,7.299654258518945,33,1246,Fog,1002.4078873397374
11/07/2024 04:20,8211,London,Summer,30.10354876307121,62,1.6656369365969723,42,613,Rain,981.2108981913344
17/04/2024 03:56,8709,London,Spring,-1.451315833839569,82,6.144284620560628,8,1309,Snow,997.5609972969656
14/02/2024 16:00,5061,London,Autumn,22.289898820493505,49,18.07093820929886,52,6367,Snow,985.469915980644
20/05/2024 11:14,5605,London,Spring,10.254530184352449,51,6.926613567435809,7,2268,Storm,990.3474977181146
20/05/2024 05:19,7194,London,Spring,17.003009734646128,55,200.0,53,4700,Rain,1007.5909463825732
01/11/2024 03:23,8805,London,Summer,18.128430739335368,59,3.1099639823847944,43,9821,Storm,1006.7087264549984
18/11/2024 22:07,5800,London,Unknown,17.840341973464017,32,7.889779587408606,20,4097,Fog,1002.2844156973648
07/03/2024 07:14,8917,London,Unknown,20.10302833774791,56,5.411282430425905,22,50000,Storm,985.3389993525182
19/05/2024 13:51,7875,London,Spring,13.65933526267738,57,13.811409091037357,53,2191,Rain,998.9347332011604
06/10/2024 21:21,6148,London,Spring,26.6680928426758,23,19.87139631657908,25,7249,Storm,997.906306594327
12/02/2024 21:12,8104,London,Spring,-0.0423344775123659,22,3.688698434320177,24,8899,Storm,1004.4907505315608
22/06/2024 19:15,5592,London,Autumn,28.32653078285413,75,17.0587584497082,6,4097,Fog,999.9789495565682
04/04/2024 23:32,7544,London,Spring,18.128430739335368,68,1.209533390764432,8,4341,Snow,1001.368362866332
24/11/2024 16:57,8232,London,Winter,18.64264175665128,73,2.02095134979312,43,7413,Rain,990.2493187414132
20/04/2024 00:12,8429,London,Winter,8.454260976552899,78,150.0,11,7585,Fog,994.9848152159774
15/11/2024 10:57,8909,London,Summer,21.49411297040865,51,8.370066577713295,16,8152,Rain,995.959018311997
22/03/2024 02:27,5857,London,Summer,24.650901425387243,64,13.102385238777346,49,5982,Clear,1012.6541862933092
08/04/2024 07:18,6837,London,Spring,21.638764941016177,91,2.011057118229352,4,1283,Rain,1008.0087082771872
08/09/2024 06:42,5797,London,Autumn,25.209222243222268,49,8.006703625888766,37,3452,Fog,989.9930799795876
18/06/2024 19:08,7922,London,Winter,6.710432564887105,26,1.06613096164723,39,6290,Snow,994.739093472142
21/09/2024 01:15,7791,London,Winter,22.04442828835652,60,9.282634750203323,44,5645,Fog,1003.3153383633816
30/09/2024 12:05,6000,London,Summer,25.19176689286177,73,7.416098366685128,57,6154,Rain,994.274232428457
26/09/2024 03:29,6561,London,Unknown,23.47380897339758,93,2.402955952491152,35,9593,Rain,994.7865746258758
08/07/2024 11:57,6874,London,Winter,39.44492837449109,32,6.367358792713835,20,6599,Clear,994.3999611753512
14/02/2024 21:44,7415,London,Summer,10.383901856762764,75,16.32976883579488,46,1079,Snow,1012.9476480256312
09/07/2024 14:46,7596,London,Summer,28.83672325508367,52,0.8872421598696656,19,3631,Rain,987.57262784842
17/04/2024 11:42,5097,London,Summer,26.42451121484376,38,6.911165375314939,3,1592,Storm,1011.9690947849822
24/09/2024 21:40,5976,London,Unknown,7.970045075388365,97,100.0,1,1796,Rain,1017.9120835727632
10/04/2024 17:01,6027,London,Summer,18.09311804990285,88,8.603710459339752,56,3193,Snow,1002.5244420461383
14/02/2024 22:02,5638,London,Autumn,60.0,94,7.442017020819719,33,613,Clear,998.839772027722
16/09/2024 20:43,8279,London,Autumn,4.967216720788787,67,18.362573382527025,5,8343,Fog,1008.0807124816904
09/07/2024 23:48,7872,London,Winter,15.185343233763042,26,3.750030854283387,11,50000,Fog,1004.663623559783
23/12/2024 07:13,5122,London,Winter,20.12005568323685,86,6.403362154159349,23,9544,Rain,1002.5547790114896
14/09/2024 23:02,7759,London,Unknown,-2.5469332721050435,22,7.32486967147187,42,5631,Clear,1007.6342410810244
13/04/2024 09:15,7022,London,Autumn,12.806796243882214,38,11.501467426687311,39,5514,Rain,1018.8430167809826
18/12/2024 12:25,5690,London,Winter,30.566459438399484,93,3.609823754044745,6,5861,Rain,972.8856394668724
03/06/2024 22:06,7721,London,Autumn,25.37447463096348,56,7.427871864975218,41,8396,Snow,1003.2202279726944
21/01/2024 17:17,6975,London,Summer,24.542206583402205,36,0.7954507947793683,11,4565,Rain,1011.0559964392072
02/04/2024 02:28,7938,London,Unknown,10.046909317084308,37,1.4446107473769407,59,6314,Storm,994.926252013674
16/01/2024 12:37,6460,London,Summer,37.66492969867701,64,5.525591636031892,40,8580,Rain,998.2393384713696
24/02/2024 20:50,8254,London,Winter,18.128430739335368,39,4.396963749755386,44,50000,Fog,1008.6751784669958
20/02/2024 11:20,6451,London,Winter,18.951898050117315,43,3.183160586842797,40,9136,Clear,1010.567642472682
10/04/2024 17:29,6758,London,Summer,12.355277176159555,40,200.0,50,8043,Storm,992.3067932098728
01/04/2024 10:16,6073,London,Unknown,30.56202165968192,92,7.144421809775146,45,7429,Snow,987.9992513565408
20/08/2024 18:54,5345,London,Unknown,31.273496809289107,50,4.401867838113384,4,8721,Snow,998.4814495832338
11/02/2024 21:33,7833,London,Winter,30.61600847726737,58,7.539121585178492,43,8977,Storm,1004.7228433153296
24/02/2024 01:59,6818,London,Autumn,15.528074616680955,99,200.0,43,8163,Fog,1011.0929247177291
14/06/2024 00:28,8006,London,Spring,39.4042826263852,43,5.16462692640264,36,5505,Storm,999.213844346078
09/09/2024 19:58,5291,London,Autumn,-2.270564680412264,82,13.400712586571522,8,1458,Snow,998.4008817711745
01/01/2024 06:41,7151,London,Summer,1.4244537559399006,94,16.140164171922763,7,9501,Storm,995.5543389581452
19/02/2024 18:27,6743,London,Unknown,20.17724211606936,57,11.837823620971342,14,5236,Storm,988.3273395398694
28/11/2024 16:31,8513,London,Unknown,34.04475495020155,83,4.525837833537253,4,3168,Clear,1007.8616215231508
18/12/2024 07:26,5625,London,Unknown,15.44631707050616,48,13.609250841247396,49,1889,Rain,1009.7410202709724
08/09/2024 20:47,5779,London,Summer,13.993040098529452,96,7.062670714871915,22,7678,Snow,988.0443859388356
03/08/2024 07:32,8706,London,Summer,14.61517898042845,95,9.824922808372497,33,6510,Fog,1009.96669428619
13/05/2024 15:06,7807,London,Unknown,0.9541223675582736,44,8.690990817473187,50,5866,Snow,994.6024995027378
05/12/2024 04:53,8079,London,Autumn,19.295245743753817,76,12.136113374938292,11,4366,Storm,998.5091500151298
14/06/2024 03:45,5715,London,Winter,-0.7052012585745082,44,0.6846882568125494,25,6983,Rain,1004.0154110993684
03/12/2024 03:17,6605,London,Summer,8.376231113840271,79,11.265601368774576,19,9872,Rain,1003.8832286437432
02/01/2024 23:27,5952,London,Unknown,13.29788292656313,83,9.628316822640388,38,8276,Fog,999.3383719649316
16/09/2024 01:43,5236,London,Spring,23.280526656709007,73,4.887024883195225,41,6601,Rain,995.2224568877696
01/01/2024 06:27,5524,London,Spring,22.21522117499222,51,6.753552261137869,18,7121,Fog,1001.0462718131688
19/10/2024 05:29,5417,London,Autumn,18.55592793863124,81,6.761454443717646,42,7628,Storm,991.0254591244554
21/09/2024 10:08,6269,London,Autumn,14.5400285463374,33,200.0,48,9512,Snow,1009.6534580035366
18/09/2024 04:37,5004,London,Spring,30.85522575081992,66,1.1413944305073938,47,8968,Fog,1017.6661334637632
26/12/2024 00:34,6741,London,Spring,-30.0,26,8.2230773286688,1,7924,Storm,1010.1626669184802
19/09/2024 15:37,8077,London,Winter,18.128430739335368,40,13.720111689050754,48,7373,Fog,998.9029475711408
16/12/2024 07:03,5805,London,Winter,31.269060865731788,24,1.647494437409442,15,6302,Rain,978.9609517611576
28/07/2024 21:23,6348,London,Unknown,25.741824564662476,82,0.3431449791968584,58,9839,Rain,1007.5083370236227
11/04/2024 15:46,7549,London,Winter,30.795051746442425,91,2.2905094690382857,9,3058,Clear,1007.4162621757812
02/05/2024 08:32,6906,London,Autumn,8.531513681568644,94,4.648591624587748,59,5207,Snow,1013.995571013477
01/12/2024 06:27,7220,London,Unknown,6.497677016522392,63,7.7199607790591696,2,5135,Storm,1004.4044011873872
07/05/2024 00:57,8651,London,Autumn,8.381301224041241,96,200.0,52,9680,Rain,1004.436987726551
14/04/2024 22:29,7127,London,Winter,19.552971909630703,65,18.505405459183592,27,7532,Snow,1003.1876980409928
01/06/2024 10:49,7031,London,Spring,21.15785897841614,78,14.145541827366426,57,7072,Rain,1005.2989735949272
28/12/2024 22:16,7751,London,Spring,18.128430739335368,91,20.70934764335767,38,6898,Fog,1004.6449896661454
21/01/2024 04:18,8612,London,Summer,18.128430739335368,65,1.4841710939199544,41,7630,Fog,1005.5107649374448
02/10/2024 04:39,6884,London,Unknown,25.48231750277767,73,5.051847464493953,19,8535,Rain,999.0608298509148
18/09/2024 11:30,7658,London,Autumn,17.98239115673804,75,4.328563610255123,3,7447,Fog,997.4690227398278
18/11/2024 17:39,5412,London,Autumn,7.968378295121001,42,9.643453648770748,49,5098,Rain,996.5585083403956
30/11/2024 05:37,5800,London,Winter,27.12056045356373,22,100.0,27,6424,Storm,996.3343245169326
26/10/2024 23:53,5794,London,Spring,11.97705075276308,35,2.7236457464331165,50,5086,Rain,988.2423128988617
05/09/2024 02:12,6968,London,Summer,-30.0,36,3.0471955003413327,34,50000,Clear,1014.30241532234
21/09/2024 09:20,5128,London,Summer,7.729459470737927,75,3.43235754402639,19,1882,Clear,1003.5490617431471
21/11/2024 19:15,6602,London,Summer,14.118134392359185,33,2.655042780717807,45,50000,Snow,1020.6154345823423
12/01/2024 04:58,6568,London,Summer,2.67544399254864,59,7.625483166454673,45,2276,Rain,987.4181109272406
03/06/2024 15:14,6237,London,Winter,4.89333198078608,75,2.3951494790081727,37,9317,Rain,1001.553780058117
04/11/2024 01:20,6877,London,Autumn,25.33792483392339,60,20.93241225851253,29,2408,Storm,987.778478791961
07/04/2024 13:04,7663,London,Winter,17.011717758684,32,9.681502218357643,38,7781,Fog,1016.7753572076484
29/09/2024 07:08,5696,London,Autumn,9.648801591375175,69,1.4687501603418012,39,7692,Fog,1008.0231129515046
08/05/2024 16:03,5417,London,Winter,29.48415818841769,92,2.100657308504874,39,2909,Rain,996.590658152284
29/11/2024 12:50,6760,London,Spring,-3.2116445291761657,81,24.023876474937428,19,6533,Storm,996.1447477058504
19/04/2024 19:51,8221,London,Winter,16.362212886638478,97,9.793520288345205,16,846,Storm,992.868762913309
29/02/2024 17:19,5684,London,Winter,6.939814844152373,24,0.9754009897568164,18,4747,Fog,986.6455963988634
20/09/2024 13:19,8992,London,Spring,27.74990782867396,85,2.550078953512461,34,8370,Rain,1008.3066067060752
17/03/2024 15:04,8318,London,Unknown,30.23756922233076,91,2.9831580284843278,55,1638,Clear,1000.5499440706892
19/03/2024 17:07,6005,London,Unknown,15.78922103038636,91,4.674873654730703,54,1898,Storm,1015.6119545752176
22/05/2024 10:38,7572,London,Summer,16.589018783051397,78,8.409199690134516,45,4894,Rain,997.7097090113888
01/09/2024 16:44,6527,London,Spring,25.276000407772774,59,10.64914366439885,45,6807,Rain,1000.8991210507248
19/12/2024 10:13,8593,London,Unknown,19.91519341130948,82,3.868267625521987,0,3479,Rain,978.26290787733
21/04/2024 22:05,8021,London,Summer,22.45899127473199,98,13.007007071624669,53,7476,Rain,1003.8400141146268
06/12/2024 09:21,6222,London,Summer,22.3081834158676,22,9.572368550971245,34,7357,Fog,999.4191258297454
22/11/2024 06:58,5177,London,Summer,9.9027076737335,40,10.851194171773273,17,1455,Snow,997.7544620725022
03/01/2024 05:24,5664,London,Spring,20.54016229170384,92,2.74905192977647,24,6613,Snow,1009.2097637011002
12/09/2024 02:38,6739,London,Autumn,18.128430739335368,29,4.985776377060114,59,3250,Rain,999.727955944568
09/05/2024 23:32,7876,London,Autumn,14.320657481836832,25,0.1814936718359714,12,4634,Rain,1007.8120696682628
15/09/2024 21:06,8236,London,Autumn,18.128430739335368,39,8.764234244372538,52,7324,Clear,1003.4475935427168
13/08/2024 13:45,6736,London,Winter,14.150156704724829,51,3.9434207194797146,31,8018,Clear,997.8429062587824
01/12/2024 23:00,6221,London,Winter,20.61555199796809,34,16.713951087744356,40,275,Rain,995.8016693910454
06/09/2024 01:26,7100,London,Summer,4.677556292537206,88,8.043939113867467,24,7411,Snow,995.9241427287128
09/08/2024 21:22,8361,London,Summer,27.99396483998987,28,4.313730953170701,55,3375,Storm,1009.207855053413
02/01/2024 10:01,5585,London,Spring,17.34810343223445,68,12.7397021720116,29,7049,Rain,996.1502189695096
18/10/2024 05:52,8196,London,Winter,15.871546929905456,26,7.9971829933324035,25,5177,Snow,1005.9856345289132
21/04/2024 03:01,7946,London,Summer,10.555744635012829,69,3.343321483908236,35,3639,Fog,1003.206215381237
03/11/2024 18:19,7033,London,Summer,-1.0510850707570647,86,2.4991415757673927,23,6526,Snow,1004.0753558616144
26/05/2024 05:14,8781,London,Unknown,3.4596307790334926,83,15.687325720696606,44,1745,Snow,1008.8842290431836
29/11/2024 17:05,8626,London,Summer,22.787851323395262,32,10.538806645648595,34,50000,Rain,1001.8555181626086
28/05/2024 12:30,8927,London,Unknown,23.549906321038517,56,3.857609959798771,30,3656,Fog,993.10469933648
17/07/2024 07:43,8714,London,Unknown,8.073122018770757,73,14.455090497892272,49,4793,Fog,985.9934224505143
02/06/2024 06:28,8667,London,Winter,13.6121651544164,46,0.3440928504395444,43,8775,Storm,997.7623626129076
15/02/2024 19:45,7299,London,Unknown,21.3859478322112,58,9.670612586600292,9,6540,Rain,990.9107913594004
18/04/2024 19:35,6869,London,Summer,8.24520442075491,68,4.548174272705486,34,711,Snow,999.3905823189388
21/04/2024 14:15,5354,London,Autumn,11.564381785260768,33,10.256321672893083,15,1944,Rain,990.9820601263206
01/02/2024 19:04,5143,London,Spring,29.87149556124613,59,8.678045143865805,48,6775,Rain,993.6382822919747
29/09/2024 10:41,8864,London,Summer,9.0159215615662,27,24.743581605385803,10,227,Fog,998.4555350341154
23/05/2024 05:52,6902,London,Spring,24.10196685592392,25,8.973088815660258,36,2969,Rain,1008.3414421572444
31/01/2024 16:21,7793,London,Unknown,15.54392415985711,88,1.2645862829981782,49,9406,Snow,994.5691963151028
24/08/2024 07:26,5544,London,Winter,13.075527024656756,29,11.229233243019497,30,2793,Rain,993.0945650022874
22/08/2024 23:20,8816,London,Unknown,37.68559691713772,26,15.50973557463875,27,668,Rain,980.4350508010832
05/01/2024 00:52,5814,London,Summer,16.22542628690416,54,5.473009714294669,12,3711,Clear,993.6837047272428
22/05/2024 02:29,6134,London,Winter,60.0,72,0.8573343102977846,31,6232,Clear,991.4209766132092
08/02/2024 04:08,7544,London,Winter,12.220897137787816,38,3.385687089346727,49,6343,Rain,1005.7970887883728
30/03/2024 01:45,6837,London,Spring,20.452301759392373,22,3.3289382386905104,23,8769,Rain,995.4073358734256
08/05/2024 08:18,6204,London,Winter,28.468996865451544,36,11.380345568179784,52,3274,Storm,998.4274862293372
18/10/2024 01:57,7401,London,Summer,25.20235413311841,23,9.762962382278022,19,50000,Fog,1011.0010241950188
21/02/2024 13:47,8558,London,Unknown,32.675705931670905,40,6.4385589300434445,12,9622,Snow,1007.482092061332
17/02/2024 02:52,5958,London,Unknown,14.678814949969809,70,8.431478168224439,32,9403,Storm,993.2436514668692
22/03/2024 06:40,5614,London,Spring,6.760950177535523,79,10.313594580991651,44,7191,Clear,983.3058964088598
21/10/2024 05:37,7589,London,Summer,-0.0198746943989611,61,5.993152295674662,21,4223,Clear,1024.5229862688443
08/12/2024 03:53,8705,London,Summer,18.128430739335368,21,9.512707698817504,59,1374,Rain,1001.9114769944064
10/01/2024 09:16,5174,London,Winter,22.21107861713328,26,12.067411939681502,38,1528,Rain,989.5681093086386
30/06/2024 22:01,8851,London,Unknown,21.512166842199083,50,19.03932775099355,1,9193,Storm,1005.2642789120506
11/01/2024 19:57,6663,London,Summer,30.07076771545677,48,0.0415138212562231,13,8122,Fog,1020.0793418203764
16/07/2024 22:48,5816,London,Autumn,10.94670043414002,78,18.42292118591591,14,9579,Storm,1003.8664213702626
01/10/2024 07:07,5452,London,Autumn,6.550985185787233,93,3.49014754081994,31,9903,Fog,1007.7638947290186
12/10/2024 04:57,5747,London,Summer,8.910563104078662,62,13.94831041586012,20,4483,Rain,1014.4550295715776
02/05/2024 12:08,5222,London,Spring,18.694033755472,82,100.0,54,6777,Fog,997.502281720527
11/10/2024 19:19,7109,London,Spring,6.199443306768268,32,8.931631820567516,25,3261,Clear,994.5447447167556
25/08/2024 18:05,7905,London,Unknown,16.669006642842103,24,14.635952342469036,12,6623,Storm,990.5147808417852
06/08/2024 18:18,6639,London,Winter,-15.706380966345158,35,10.942514882227702,25,9662,Rain,1000.4777615607652
16/08/2024 11:41,5146,London,Winter,3.4261477872256947,64,6.750207110534951,12,5088,Storm,982.7352201071272
27/01/2024 12:18,5800,London,Unknown,23.272214250187155,69,0.9782282872728976,24,4341,Rain,997.708376548469
19/12/2024 00:07,5220,London,Summer,13.69907789769766,92,2.8383178531857496,47,918,Rain,986.732331421014
06/02/2024 21:36,7940,London,Autumn,18.128430739335368,49,3.617603671097431,17,8253,Rain,1014.384493590963
26/10/2024 02:22,7314,London,Autumn,1.011640123952848,23,0.8255319623179629,51,3165,Fog,1000.2878117625452
05/02/2024 20:16,7931,London,Summer,37.28650216056831,32,7.545092806796866,57,9992,Rain,973.3527327529924
24/03/2024 09:12,5972,London,Unknown,29.245835999854243,84,17.425363743339958,26,5121,Snow,1001.5448798463024
21/12/2024 21:46,6709,London,Autumn,18.128430739335368,21,11.20690843062459,1,1503,Snow,993.6963922345846
04/04/2024 19:20,6891,London,Autumn,23.981775297951778,73,7.349570366276168,14,3307,Snow,991.8811586739896
20/11/2024 14:11,7136,London,Unknown,2.3794763454356005,89,9.114756324624503,38,2499,Snow,994.5909541410144
20/11/2024 09:05,5189,London,Spring,15.386618684725631,63,5.868404124959943,27,9954,Clear,997.8065560420256
16/04/2024 19:05,7951,London,Spring,21.82150320797807,95,12.960748080190918,17,4154,Rain,997.4379571416888
12/06/2024 01:05,6431,London,Spring,7.938233366726859,64,10.971960446722283,12,3160,Rain,992.6392802486492
16/08/2024 01:39,7150,London,Winter,23.14615726846165,80,0.2068572869679075,9,862,Snow,1013.4490727200608
25/09/2024 23:25,5320,London,Unknown,19.51395266816696,48,12.313878628912342,37,50000,Fog,996.2390979884724
21/10/2024 14:51,6231,London,Unknown,28.6301798029385,90,3.3140513378167995,55,5480,Rain,1007.5006110337716
03/02/2024 14:00,5976,London,Winter,5.152136855711756,62,12.607445919305809,5,3961,Fog,1008.7164498472388
24/02/2024 22:03,5868,London,Spring,5.102163270564862,25,13.58400225969264,39,3778,Clear,1003.946601706628
15/08/2024 02:59,7479,London,Summer,20.345096131041,96,18.352104384762157,13,1485,Rain,992.3092769145536
26/09/2024 16:50,6988,London,Winter,30.778324724085905,48,0.2530631266037941,39,374,Fog,994.9350285664526
04/10/2024 13:32,8512,London,Winter,25.46353401832958,45,6.922042170274946,37,5567,Fog,1005.84357566405
19/04/2024 14:47,8253,London,Unknown,18.128430739335368,42,3.4699026939028887,8,8383,Snow,1000.9344811492228
20/04/2024 01:39,5448,London,Autumn,14.702579429863349,61,2.3601803678183315,30,6934,Rain,1004.0448754545994
20/01/2024 22:21,7086,London,Autumn,12.40868198204744,43,8.887133260572336,21,7807,Rain,1000.1272502330075
13/06/2024 06:03,8412,London,Summer,26.43762476644492,76,0.2039967801453874,59,9224,Snow,995.7672964583712
22/02/2024 22:50,5592,London,Spring,6.548716526526141,24,5.152740895018786,41,5693,Storm,999.4603120989276
02/03/2024 05:26,5192,London,Winter,3.799033521776167,58,10.701376170545092,40,5425,Snow,1002.2413929472312
07/10/2024 02:05,5767,London,Autumn,17.785754755862317,51,0.2954115428775745,47,765,Storm,993.6497333316578
15/10/2024 15:25,6438,London,Spring,23.548470824034837,91,11.20292536573312,34,1084,Rain,990.6935546336656
05/04/2024 18:01,7625,London,Spring,18.170592834611156,95,4.344640040161993,33,2942,Rain,989.9096375526016
08/01/2024 13:31,7773,London,Unknown,21.17152574804244,70,2.7559155166538014,10,3562,Snow,1006.7550955651544
23/10/2024 18:10,8920,London,Autumn,9.867388839774216,67,13.103259598993562,36,2503,Storm,995.240727471389
03/09/2024 19:48,7033,London,Unknown,25.66813315004576,86,2.3789592782006226,17,8542,Storm,995.7456662486818
30/12/2024 09:09,8405,London,Winter,18.245757056016195,88,12.24265476456586,25,8359,Rain,991.2856718332002
02/05/2024 12:36,6225,London,Summer,17.736801405499648,20,19.304572424147164,37,609,Storm,1004.9700253480568
04/06/2024 10:03,8252,London,Unknown,-30.0,66,12.583973691444632,21,444,Snow,987.8542312488923
26/05/2024 06:00,5893,London,Autumn,8.32911901772699,22,3.651544941380923,12,1977,Clear,1004.5709722322714
21/04/2024 07:26,7688,London,Unknown,14.370502203123358,79,12.445451949524744,20,9439,Rain,991.243010855087
21/08/2024 05:43,8097,London,Summer,18.128430739335368,72,5.84812360796877,14,8843,Rain,1009.1424769026368
25/02/2024 23:24,8610,London,Unknown,16.85128253874899,30,18.278995119190604,41,3673,Rain,1006.275177359188
08/08/2024 09:02,7357,London,Autumn,18.128430739335368,87,100.0,57,2150,Rain,1007.0651949654732
12/09/2024 22:54,5000,London,Summer,25.66310602344972,77,15.997012998244267,41,3706,Rain,996.4093642106268
20/12/2024 17:10,6950,London,Unknown,16.194564432213564,57,10.45932264530408,28,761,Rain,1015.2667228876672
13/05/2024 05:39,6518,London,Summer,6.091891167162499,21,2.2572133657234987,9,1628,Storm,991.7586561352932
02/04/2024 12:10,5969,London,Winter,60.0,56,6.639784181901007,46,6070,Snow,1000.785091804922
23/08/2024 11:17,7861,London,Summer,23.005520423477076,95,0.0237437848629786,31,2530,Clear,994.1994641520298
05/02/2024 08:51,7072,London,Spring,22.523374842594684,89,6.668868015847677,34,362,Rain,995.3840380511392
01/04/2024 04:19,8137,London,Winter,13.276438520329076,57,9.148903633618406,58,1275,Snow,999.1429623761276
11/04/2024 08:13,7509,London,Unknown,5.166583424017167,60,12.968385142652616,45,7060,Rain,1002.8028063631864
27/11/2024 05:49,7348,London,Winter,36.32247917774855,60,6.538079742159677,48,4607,Rain,1017.2545769065013
23/06/2024 16:50,5897,London,Unknown,26.25935072616468,78,13.457869444120472,51,50000,Rain,991.0911718014464
15/01/2024 21:57,8587,London,Spring,-1.1577912613629522,61,13.378388975574715,51,4698,Storm,997.5491904203908
14/03/2024 07:08,7894,London,Spring,26.49477628540027,78,0.9682970094756156,38,2467,Rain,1003.254294276001
17/11/2024 11:53,7038,London,Unknown,14.832647100668154,23,14.342929824495744,36,1465,Rain,998.7284665578992
12/04/2024 15:54,7367,London,Summer,18.563831424863192,69,2.628794009173037,3,1393,Rain,983.0264812651894
23/11/2024 01:40,6937,London,Summer,32.80832728016516,81,5.708327758183814,7,1721,Storm,1005.8270065074432
31/07/2024 01:27,7492,London,Winter,24.59255843305519,41,0.5257587856007371,23,382,Fog,997.2516468921394
10/08/2024 19:31,5173,London,Winter,12.344305136612835,89,28.65851493874185,30,4059,Snow,994.2832779686644
16/04/2024 04:18,8750,London,Summer,11.666681243621609,89,12.081462858631513,18,7722,Fog,999.8169516867966
10/10/2024 03:18,8754,London,Winter,17.086914055465293,83,3.958721589558296,5,896,Clear,985.8166576026032
27/10/2024 07:38,5887,London,Summer,5.215247957124873,42,4.831675165670879,33,8262,Storm,998.8341976061056
29/09/2024 15:11,8923,London,Summer,27.841801408921327,66,16.78016222868174,31,7971,Storm,999.1356841214076
04/09/2024 19:39,8965,London,Autumn,26.038990842465587,61,1.444633558501641,49,4848,Snow,995.9739811494428
17/10/2024 11:49,7803,London,Summer,16.73806004566044,76,11.425293613868709,25,5095,Clear,1009.4598901788446
04/04/2024 11:02,5144,London,Unknown,6.215101352474751,26,4.917431805974912,20,2922,Rain,1012.0197676439246
24/05/2024 03:29,8177,London,Autumn,40.16004765117183,58,4.0377850426001975,17,50000,Storm,1015.0613959596446
21/10/2024 12:01,5244,London,Autumn,41.81299685322334,35,2.347187438424279,8,8325,Fog,1000.8462892312422
03/07/2024 00:40,8790,London,Unknown,19.113337522020228,59,4.014360185735475,2,1299,Storm,1001.3324332908054
22/06/2024 12:40,7050,London,Summer,14.085718553615482,95,21.444874439005147,14,2777,Storm,974.1692908769364
12/08/2024 14:51,8078,London,Unknown,60.0,65,11.586809883011204,25,3645,Storm,985.8273576151554
26/04/2024 13:57,6016,London,Spring,21.395285532342186,89,14.53479949703749,1,3952,Snow,1021.1867998659296
27/10/2024 14:30,8196,London,Spring,7.184373189158348,32,6.916386750585735,5,620,Snow,999.5293166859808
17/02/2024 20:25,8915,London,Spring,44.36468263685104,49,17.9557236512423,0,3751,Clear,991.213983256768
15/11/2024 07:12,7393,London,Winter,23.139817444429703,74,4.118553411600213,44,959,Rain,1013.9752323717792
14/11/2024 11:12,8029,London,Spring,25.617777586297965,67,6.771485104873508,14,3102,Clear,998.4384148172044
24/12/2024 22:08,6410,London,Summer,2.0208303382549837,94,12.726101936030725,22,7106,Rain,992.2856239850436
28/04/2024 23:42,5876,London,Spring,-3.859970355654056,91,0.3650452259987506,30,6537,Storm,1014.93001030922
01/05/2024 11:53,6092,London,Winter,36.22129127798962,66,16.96518918982195,44,1670,Fog,991.9472288235596
17/03/2024 08:02,6048,London,Winter,13.21187073680307,48,3.063693536388696,4,8663,Fog,994.891945350008
11/12/2024 16:54,8709,London,Summer,60.0,88,7.815408538027076,9,6124,Snow,983.108489550258
12/09/2024 09:14,8665,London,Spring,12.172373285396588,68,7.436470028668999,39,608,Storm,1004.6998782874416
03/06/2024 08:07,5979,London,Winter,11.943555369684889,59,12.87166621070697,29,1830,Rain,1001.6972993976856
16/05/2024 14:57,5308,London,Winter,28.32370972148447,69,10.02198073398689,49,7266,Rain,1003.567565817394
23/04/2024 03:02,6475,London,Autumn,10.329574734458976,72,12.365700228687125,28,3718,Snow,993.8560737957685
28/07/2024 03:17,6432,London,Summer,12.609237960901558,28,6.407759030947236,13,8984,Fog,1001.9763762850909
16/12/2024 02:16,7803,London,Autumn,16.695967965287775,44,0.532225373931607,53,6952,Rain,1009.7461360984662
30/06/2024 04:30,5098,London,Spring,16.716494413921634,68,3.3365396312506554,43,5298,Snow,1009.61277028363
13/11/2024 03:47,5337,London,Unknown,-9.404306668172268,54,4.372033988633055,54,962,Storm,1006.2489177898132
18/05/2024 09:19,6792,London,Unknown,27.75461545027477,28,13.941278245814,20,4992,Snow,999.1003982774462
23/11/2024 06:52,6480,London,Winter,17.783136766331708,99,150.0,54,9231,Snow,997.24199308894
05/09/2024 22:03,5379,London,Spring,-2.768638756516225,35,6.665868795551463,6,7610,Fog,1001.9592025927082
29/04/2024 00:24,8889,London,Winter,34.17381479095735,28,9.457936928415922,50,4195,Rain,1032.8702825026028
07/01/2024 22:33,5257,London,Winter,29.326749623537403,75,6.320100695946047,17,3397,Clear,1017.0265937105628
19/04/2024 23:56,7641,London,Spring,12.44097714112335,30,8.645891027579896,18,9793,Clear,998.5194866466936
22/03/2024 00:46,7465,London,Unknown,9.167206059008954,84,200.0,8,1690,Fog,999.3317236299032
30/08/2024 13:15,7739,London,Winter,20.31116229587899,86,15.988371316451724,24,8682,Rain,991.8085725906726
22/06/2024 17:59,8980,London,Unknown,24.756034732199517,44,6.394684100693816,44,6365,Rain,1006.0748026808672
06/02/2024 15:22,6062,London,Unknown,28.695362753459676,25,100.0,35,3264,Rain,997.5878193733892
22/10/2024 00:46,8340,London,Spring,-0.072861836694841,76,6.135919669883998,45,4869,Rain,1012.208613657976
28/04/2024 09:22,5582,London,Autumn,-0.1617087028696247,91,5.710396038741189,42,6477,Clear,989.6085353117126
08/08/2024 22:38,5859,London,Unknown,40.48067798938894,23,16.38140941702686,12,472,Rain,1014.1439552626596
25/01/2024 04:13,6992,London,Winter,0.1877501471791554,75,11.40276696208573,52,6955,Rain,1007.9048614971026
09/09/2024 10:00,5127,London,Summer,-30.0,33,3.223991334846829,27,4857,Fog,990.906015873545
07/03/2024 08:24,6255,London,Unknown,1.9264863890969508,46,8.65543108154407,54,1724,Storm,1006.191934063831
18/08/2024 01:58,5197,London,Autumn,9.921478230554504,72,2.811633994954307,18,50000,Rain,1000.0225364850164
03/11/2024 13:35,7630,London,Autumn,18.128430739335368,21,5.142162506682254,4,5478,Rain,994.7536231035634
18/11/2024 20:34,7152,London,Winter,20.430475585516472,99,12.289973555984808,31,5206,Fog,1003.2251403152002
27/01/2024 05:58,8439,London,Spring,2.294746394395908,48,9.203993615825826,1,7472,Snow,971.5127000930436
15/12/2024 06:30,5656,London,Autumn,23.61559172416879,60,0.1853048581798715,23,923,Storm,1023.4322175819613
30/08/2024 15:34,5293,London,Unknown,5.237794086982072,90,14.155114402597947,5,375,Rain,976.6028840802956
29/03/2024 00:23,6196,London,Summer,19.48013430165339,41,7.611618818685288,1,9701,Storm,992.6466265775166
23/01/2024 15:40,6283,London,Winter,31.633933541106284,56,6.136663231576632,15,1269,Rain,988.8510771616022
15/02/2024 12:09,6060,London,Summer,-30.0,39,15.18722546486651,38,3330,Clear,1011.5067955987696
10/03/2024 13:47,5011,London,Unknown,19.870476670850127,72,5.3496868771078265,40,8650,Snow,1011.8473582024284
13/08/2024 03:49,5934,London,Spring,29.79965474845252,39,28.040808507845245,51,9747,Storm,998.4970132742482
24/11/2024 18:43,5474,London,Spring,-4.18485263754642,85,15.369255571499004,14,50000,Storm,1003.700633016916
07/07/2024 11:41,8253,London,Winter,29.209448563515327,73,18.23817136018232,45,2157,Snow,986.315281430478
09/03/2024 07:44,6634,London,Summer,24.403630957523788,33,3.6887110505259386,55,8009,Rain,997.517173023623
18/03/2024 19:03,7053,London,Autumn,6.921682837684532,21,15.252105588044532,20,9546,Storm,1016.9298395269108
10/08/2024 09:51,5513,London,Spring,13.499643283685757,41,0.7798315269280334,30,4246,Snow,1008.6014606634318
02/03/2024 12:24,7011,London,Summer,18.471184203718664,77,5.6581147087235335,48,8425,Clear,993.1752789059856
12/11/2024 06:07,5325,London,Spring,7.100685569957534,72,4.892105653366606,19,2541,Rain,1010.3320092485644
25/12/2024 09:58,7710,London,Unknown,8.00420343580677,53,3.0306724478052285,31,9826,Storm,994.7044305139584
13/10/2024 02:08,7518,London,Autumn,14.31384048249453,35,14.064591997131837,17,1264,Storm,1004.0789231668352
20/05/2024 23:12,8875,London,Spring,20.27452359161707,74,3.727869220957073,11,4920,Storm,993.157245613371
22/12/2024 16:50,8850,London,Winter,3.354093898549777,98,7.456049588142759,14,1815,Rain,980.3861919234112
04/03/2024 16:44,7597,London,Unknown,23.87465858968812,55,3.467969352460627,5,4478,Clear,1019.7886474730956
12/10/2024 01:32,7772,London,Winter,17.758352726302522,77,15.04483544412394,40,4359,Rain,1006.2924794450788
22/05/2024 20:36,6165,London,Autumn,18.59967272642125,31,4.770687021435252,17,9731,Fog,999.2560408926338
24/04/2024 02:06,6083,London,Winter,12.566218325220408,68,17.086254060306295,26,6981,Fog,1005.5736933602312
05/04/2024 00:52,5715,London,Winter,5.045940529964634,85,11.580287082342434,34,2052,Clear,1008.0209632305524
03/11/2024 11:03,7635,London,Unknown,18.33108940719261,38,5.587042968373693,26,2502,Storm,1012.780473048373
18/09/2024 08:21,7934,London,Winter,25.60408852024714,58,0.1501728538267057,50,5815,Rain,996.8457906402044
08/09/2024 19:41,6498,London,Winter,11.80031522680524,84,1.9588491590328827,52,567,Storm,1009.106520967743
05/02/2024 09:49,5453,London,Spring,5.470841809896756,35,9.94966282310208,11,2362,Rain,1000.797903082494
05/12/2024 01:53,7021,London,Winter,17.40515970071525,20,0.8080619368414022,49,820,Snow,1000.5290270651568
06/09/2024 09:42,6059,London,Unknown,18.128430739335368,88,0.1792746316497515,35,5987,Clear,1004.3820919463228
06/05/2024 18:04,6308,London,Autumn,18.128430739335368,93,1.3133228281911569,57,2470,Fog,1013.109774917604
09/05/2024 07:21,8219,London,Spring,24.93432331378556,32,14.75715723346892,32,1554,Fog,1009.7621603527122
02/01/2024 04:18,7699,London,Unknown,-30.0,66,5.486166907900456,22,2051,Rain,992.1656338210968
21/03/2024 13:40,7755,London,Summer,30.16382936214089,98,11.802135783597508,43,7672,Rain,1009.08639093582
29/10/2024 06:00,5718,London,Autumn,20.118814689226973,52,150.0,1,2161,Storm,1001.3588236966148
16/09/2024 03:36,5732,London,Winter,-1.773602539814764,40,11.210518780863412,17,1582,Fog,1002.5855075503416
22/09/2024 03:23,5757,London,Autumn,25.65161543215906,62,3.816496058782464,36,1902,Fog,1015.0258155323407
27/04/2024 18:21,7150,London,Winter,29.242817970123717,25,21.12080625872324,2,7385,Storm,982.240798371378
07/12/2024 18:06,6546,London,Winter,11.310415020148357,71,2.265546834350321,16,1071,Rain,999.3928426485434
17/10/2024 13:16,5140,London,Winter,17.305071319152535,51,1.8760344278209,9,7344,Rain,999.62358040625
20/12/2024 16:56,8776,London,Winter,33.38943017488243,88,9.345388577207975,54,7223,Clear,1000.1952962093886
19/11/2024 23:26,7210,London,Spring,23.53347123331469,24,1.1866858045261504,7,9015,Clear,989.197351864953
06/11/2024 07:37,5219,London,Spring,18.128430739335368,94,9.150125621725994,37,6015,Storm,1028.7703025732174
23/07/2024 11:01,7300,London,Autumn,18.206336287716734,72,6.621906289488655,45,7748,Rain,996.180081267413
21/03/2024 06:35,6814,London,Unknown,31.251090685205973,57,1.119821792833517,3,7896,Storm,1011.3785105565212
11/03/2024 22:34,8660,London,Summer,23.885798958237665,94,4.235156411527738,20,2406,Fog,992.8345061870178
23/02/2024 16:44,6250,London,Spring,18.128430739335368,62,3.4497890707534875,26,9364,Snow,996.626015450958
10/12/2024 09:30,6620,London,Autumn,26.243714550269136,90,9.76626217678371,17,7188,Snow,1014.9604887939352
09/05/2024 14:14,8885,London,Spring,14.71091770511617,47,9.066910941437508,48,3831,Storm,1019.7273299047284
18/02/2024 01:32,5869,London,Unknown,22.15394977751014,57,5.232805869816994,45,50000,Rain,997.61909162055
07/10/2024 17:17,8847,London,Unknown,12.56390799088758,83,0.1736391455403163,27,229,Storm,996.617670658797
26/02/2024 06:18,8490,London,Spring,11.440159558489093,30,18.85426584075289,55,2020,Snow,1007.7324209156702
05/06/2024 16:29,8892,London,Unknown,9.594370838715989,57,0.4345367208641857,50,4216,Clear,1002.8208333830128
07/10/2024 00:13,5138,London,Unknown,8.138611787859528,73,4.592833011931897,45,6397,Rain,994.3447681308414
17/08/2024 20:59,8539,London,Summer,32.401364956576984,34,2.2895025870863663,46,6143,Rain,1005.1234555550756
27/12/2024 05:51,8736,London,Unknown,14.137237890317811,43,2.729541236989336,2,3048,Snow,1002.8965493851392
07/08/2024 21:20,7238,London,Unknown,36.65390205895429,83,3.892101948395992,23,1096,Clear,999.7896654003684
24/10/2024 02:50,6562,London,Unknown,23.92499259453381,57,7.351729747533948,24,7697,Clear,1002.8340746776728
02/06/2024 10:20,7728,London,Summer,17.29476476947187,87,23.375521404816944,23,968,Storm,983.2078364856452
20/04/2024 11:47,5015,London,Unknown,21.363856098824883,91,0.5980847428754128,16,7134,Storm,1024.7540121224483
13/06/2024 08:48,7924,London,Summer,30.855778539946648,82,2.508634848999227,46,5073,Snow,990.7881378923294
17/09/2024 12:58,8254,London,Winter,9.015237755910936,62,2.237181138681721,16,3666,Rain,1012.3959187490252
29/04/2024 04:53,7597,London,Spring,30.33759212126294,62,6.795148190791712,17,2363,Fog,999.0334088839536
23/12/2024 02:56,6183,London,Summer,18.042770586400916,54,1.1820058133675309,39,7070,Snow,1019.2727978194612
25/09/2024 09:17,7058,London,Winter,14.59288997582486,21,6.73625677337273,19,50000,Snow,999.5645869218384
03/05/2024 02:20,7137,London,Summer,24.380664713108448,51,1.6550857557782184,34,6644,Rain,1005.9833673968054
19/08/2024 05:31,7641,London,Summer,18.128430739335368,36,3.6862621540179177,34,4942,Fog,972.019657914246
18/03/2024 03:53,8969,London,Spring,24.2607052656923,40,1.4362291249997376,54,3285,Fog,1000.1235161682469
21/08/2024 11:30,6811,London,Winter,19.541744024901224,50,4.158518271576691,7,158,Rain,988.8915273199678
08/03/2024 13:03,6933,London,Winter,15.71376538508277,94,7.870545774930095,13,7296,Rain,1000.1520128176212
29/04/2024 05:23,8298,London,Unknown,11.796279087474744,28,2.2772246478347182,39,2903,Clear,993.755243770779
11/08/2024 09:48,5827,London,Winter,38.24710677718161,29,6.203323714010746,45,3422,Fog,1006.2759090278024
04/09/2024 21:28,6866,London,Autumn,20.02694770706176,51,10.666191617320653,29,8203,Clear,999.703685404098
22/12/2024 12:27,6722,London,Spring,31.116309474784792,38,0.1060859604507369,12,2285,Clear,1004.2903900377454
22/08/2024 22:12,8430,London,Autumn,26.569690129631702,58,1.4622440095455898,51,4107,Snow,1004.9226161985129
30/08/2024 23:13,6316,London,Summer,11.334188553829264,93,7.130420783290469,23,1934,Clear,1006.2072689601324
14/09/2024 23:40,6308,London,Winter,23.22171491734879,45,4.852048872778674,33,1175,Snow,984.9343621701192
07/03/2024 06:27,5128,London,Unknown,24.90582249128385,97,4.481212887707829,6,8250,Rain,1010.424996150723
18/06/2024 18:44,5641,London,Autumn,26.954187371810143,94,8.117886455219933,24,3887,Fog,994.8729861279976
13/06/2024 22:22,6384,London,Summer,18.128430739335368,51,12.670476010698792,12,4946,Snow,996.4623223055424
08/12/2024 04:30,8915,London,Winter,24.54181322641568,33,21.72062256048781,17,1459,Fog,988.9480583352114
08/06/2024 06:27,8053,London,Summer,29.20635444966579,88,7.996848204080727,18,6046,Snow,998.0253255996324
25/04/2024 04:32,5317,London,Winter,-7.185797418716653,52,5.986204703752307,23,6008,Fog,1008.648434065448
07/12/2024 03:41,7256,London,Autumn,21.552471902349403,73,7.375829420161814,31,7930,Rain,987.3256714193614
26/11/2024 03:43,6111,London,Winter,20.767754349623782,92,2.769185857658377,26,50000,Rain,995.989458911072
01/04/2024 09:55,6644,London,Spring,14.160162521991426,94,0.9111340297718292,0,1381,Storm,999.3527912418529
13/11/2024 11:29,7476,London,Summer,22.693753076194263,69,3.550687805288596,39,1801,Snow,1009.2418274113136
04/09/2024 12:26,6835,London,Spring,4.4331037402208295,48,1.1861026104760883,49,702,Rain,1011.7396852018054
27/10/2024 05:59,7819,London,Summer,19.046243720486693,72,11.587553260186866,23,8350,Fog,999.175162105834
01/08/2024 18:45,5045,London,Spring,21.559156833427245,49,4.987177945109291,6,3732,Rain,994.79063292122
02/05/2024 14:31,7671,London,Spring,18.128430739335368,56,7.092703804453324,15,8589,Storm,989.896476766604
05/01/2024 03:34,8640,London,Autumn,16.709330043788935,41,16.238964806759668,29,1753,Rain,995.4752329218136
15/04/2024 21:16,5479,London,Winter,18.65916894532184,28,2.6621323706379045,10,8692,Snow,1004.6530446111898
31/01/2024 06:16,5638,London,Summer,28.431440384377453,71,6.494954653546701,35,4463,Snow,997.0189033513816
04/10/2024 20:20,6537,London,Spring,33.546927797340146,32,8.098215257454417,53,8626,Rain,1016.0277918068376
06/08/2024 00:53,6463,London,Unknown,13.256088289471524,51,6.327421657267571,4,7278,Clear,1006.3706943511372
09/03/2024 17:02,6656,London,Summer,18.128430739335368,75,1.9382427939265368,58,3016,Rain,1020.0831882231016
14/10/2024 06:32,7884,London,Summer,12.785168860425712,94,3.6095848833888136,3,8533,Storm,1004.6811100859926
21/08/2024 22:03,8044,London,Autumn,26.171235006645883,36,2.846136301734113,52,2026,Rain,996.756543163416
24/09/2024 22:16,6507,London,Winter,23.76894609824157,52,2.8410763974202204,37,3761,Clear,1010.712710292604
22/06/2024 01:27,8851,London,Summer,-1.5591176481761622,98,13.2339831519514,39,7581,Rain,987.4661880446998
18/07/2024 01:44,7638,London,Winter,22.88787019612784,85,18.06356521154285,57,1999,Snow,1015.7667543875818
06/10/2024 18:06,7870,London,Autumn,11.519470584421615,74,13.024331990781072,25,945,Rain,1003.7200495397556
23/05/2024 17:45,6490,London,Autumn,15.719974756240063,59,4.884042132518268,23,8364,Rain,993.7002461402132
09/11/2024 05:41,6689,London,Autumn,4.571069158097636,86,2.752535820293578,12,5568,Rain,1019.2227445716048
23/10/2024 14:51,6544,London,Spring,3.720062813246917,51,5.392700757881235,33,5936,Clear,994.2286620934144
22/06/2024 01:58,7822,London,Spring,25.71024928114945,39,13.943844054497246,6,50000,Fog,994.4907585822192
27/06/2024 05:44,8427,London,Autumn,42.44740720833781,65,0.4499846384494264,47,4856,Rain,1007.9923086632184
07/10/2024 12:25,8928,London,Summer,23.221647582096832,45,9.702564417173312,32,3788,Rain,973.0390828985632
01/09/2024 06:44,6188,London,Spring,17.073539169494058,30,12.513083332330776,13,5185,Snow,1024.7483571937485
15/05/2024 04:18,8766,London,Winter,60.0,88,3.4204302542877416,21,8526,Storm,1007.3272231871022
25/02/2024 20:31,8733,London,Autumn,26.73592967274941,27,8.905072813970346,44,7385,Clear,1017.0472871453794
23/11/2024 11:11,6405,London,Spring,12.10592867361702,44,2.6867362187720296,50,4024,Storm,1010.6766741551356
19/03/2024 14:55,8254,London,Summer,27.02460511781821,75,4.132190913447175,28,8943,Clear,991.9357771927764
02/04/2024 19:28,7951,London,Summer,11.099860241179687,82,9.167714714643392,10,502,Clear,1009.4380464174028
19/09/2024 00:40,6363,London,Summer,12.73535905377581,71,8.631222082148051,55,6355,Fog,994.1875601304992
18/12/2024 03:28,7782,London,Summer,17.220377581679063,25,15.596694014559226,21,8634,Clear,989.3491266247562
05/06/2024 19:17,8925,London,Summer,18.128430739335368,45,1.5457315283021789,28,3269,Storm,1001.904642602495
20/10/2024 07:52,6793,London,Summer,22.77247869019089,74,2.791665814410635,43,8226,Fog,976.5102052962994
31/03/2024 08:56,5533,London,Summer,-30.0,87,5.626427202400995,12,50000,Fog,1019.1543858409756
20/01/2024 00:06,6111,London,Winter,19.801763046587716,65,6.588329371459295,26,50000,Snow,1008.4993920607972
05/11/2024 13:58,6876,London,Winter,20.434432429006637,29,9.466615830020494,43,4795,Snow,1001.7862001096912
20/04/2024 13:59,7703,London,Unknown,15.398251708588358,70,2.899795341626998,50,1745,Clear,980.3598630767898
18/06/2024 09:06,7405,London,Summer,14.065426643171586,53,3.350047903254375,16,8956,Clear,1007.7941390158152
07/11/2024 00:47,5195,London,Unknown,13.623495580908966,56,1.5722745137881562,19,2192,Clear,999.55183231307
03/01/2024 14:39,8040,London,Unknown,10.36943832142638,91,11.744484189848135,53,7820,Rain,1013.8502525470378
04/06/2024 09:44,8456,London,Unknown,3.588216824486114,64,9.215199875526132,43,474,Rain,1002.7620366165816
13/08/2024 07:47,8919,London,Winter,30.766864252863847,62,6.993715218126788,2,5048,Storm,1000.1195922551128
30/10/2024 21:01,7284,London,Autumn,11.465766093551975,55,19.36916995632081,11,2344,Rain,994.8062815942886
11/11/2024 04:18,7400,London,Summer,-2.3160611339414423,68,1.5917299422354216,1,2048,Rain,990.852867872332
01/07/2024 19:13,5023,London,Autumn,10.658257582507762,60,11.558664242867431,24,8156,Rain,1000.6636500548648
31/05/2024 17:05,5579,London,Autumn,4.19673077815197,38,17.2007959205974,0,2153,Rain,1006.9070553794912
23/03/2024 21:03,7693,London,Autumn,5.551586057058064,92,4.702225990237263,41,5403,Storm,994.970726504394
07/02/2024 16:26,6196,London,Spring,26.45367379503888,52,100.0,0,4564,Clear,1008.54741511949
28/09/2024 07:03,8504,London,Summer,12.466526702606384,29,13.997686283319478,37,1569,Storm,977.6299284890716
31/01/2024 05:38,7195,London,Spring,1.511684809773481,87,13.138669358055488,44,2762,Rain,992.8820479694502
02/11/2024 08:03,7660,London,Unknown,31.986275202812383,68,2.731369420311139,38,8441,Rain,1019.5118571841924
22/05/2024 12:43,5844,London,Summer,19.19832172883545,26,3.308787108716389,6,50000,Rain,986.437537445404
06/02/2024 10:54,8077,London,Summer,18.427070898409955,93,2.683233126162193,29,598,Rain,995.7672442660436
17/04/2024 11:25,7588,London,Winter,14.30048508519654,52,10.870291358683389,12,538,Rain,1010.413991469091
13/09/2024 16:48,5323,London,Spring,30.24373221368351,65,16.6233770581969,0,8101,Storm,1009.586029955423
11/06/2024 04:58,6939,London,Spring,16.69774276502994,20,6.188071676971925,8,9615,Clear,994.64509022452
05/06/2024 12:28,8886,London,Summer,60.0,34,7.24127094037812,50,5921,Clear,1008.8168988889128
03/08/2024 13:24,6426,London,Unknown,26.97467265889986,87,6.743916288315301,25,5480,Clear,1003.2956990262766
14/11/2024 06:43,8006,London,Winter,-30.0,88,11.031586013202324,37,619,Rain,1005.5023068467387
16/12/2024 15:05,5076,London,Unknown,-30.0,92,4.2627981417523255,53,8781,Storm,994.5167989675882
19/06/2024 22:13,8701,London,Spring,31.436477796194797,64,2.9206915223998138,21,3753,Rain,1002.4198988182123
15/09/2024 19:32,8197,London,Autumn,21.974275645729733,27,22.0914627929402,6,7464,Rain,992.9755335131084
15/06/2024 16:13,8997,London,Autumn,-9.791629986534922,53,0.7866440470906566,28,8547,Fog,991.7807655039488
07/03/2024 10:03,5690,London,Unknown,14.805620683157295,89,16.375992033662715,25,7118,Rain,987.326454465198
16/07/2024 12:17,7894,London,Summer,19.128270553397773,57,2.1134636161841605,41,9950,Rain,990.3589613732324
26/01/2024 17:18,6683,London,Spring,12.737142899000268,36,11.317777167999838,53,9138,Fog,991.8091143676548
31/07/2024 04:18,5734,London,Summer,-9.64725026604939,56,14.186810174341632,57,8923,Snow,1008.1335591859006
17/09/2024 06:16,8998,London,Spring,13.318303241684486,78,4.491105743717068,24,970,Fog,1009.3821050920031
14/09/2024 01:19,7110,London,Unknown,20.801664265540907,63,1.670285104815063,55,50000,Rain,989.971716709227
10/08/2024 06:17,8608,London,Winter,16.90080277835846,39,3.8216714160898544,13,6669,Rain,996.6156231523486
16/01/2024 12:39,8644,London,Unknown,10.036502727340164,78,10.232289570748645,12,50000,Clear,1007.3296396083068
15/07/2024 17:34,8674,London,Unknown,27.380540211061263,31,8.828184954753798,12,686,Rain,997.5308278643568
08/05/2024 18:41,5232,London,Winter,8.32123439636257,96,4.184923671890085,26,4428,Fog,1017.1122724304586
22/05/2024 18:07,6530,London,Autumn,10.939327711045106,30,5.86341576921806,13,7827,Storm,982.3203050067436
31/05/2024 10:17,8494,London,Winter,15.82043961181509,89,5.87295318390094,57,3800,Snow,998.6734233748645
15/10/2024 14:42,6754,London,Summer,25.380471579234506,81,15.49182502999523,29,2075,Snow,979.1614139603314
28/09/2024 16:48,7599,London,Unknown,14.461595837040017,42,9.941136853178968,38,3975,Rain,997.2786639405572
04/12/2024 18:30,8881,London,Summer,18.128430739335368,28,10.68338441608661,57,5555,Snow,995.79868359517
27/06/2024 13:43,5750,London,Unknown,35.232152858630485,48,15.511221639086944,24,3356,Fog,1023.8556663108892
19/11/2024 20:49,5127,London,Winter,34.74141553878229,23,7.529236441137181,22,9046,Storm,998.36265359807
30/06/2024 23:39,6448,London,Spring,14.637154002327124,68,0.6726391570772039,45,7309,Clear,985.7200870762416
14/08/2024 00:55,8560,London,Autumn,24.42101515032497,59,2.128096217949599,35,9838,Clear,1005.211850245929
27/04/2024 19:33,5354,London,Summer,18.424406549434032,67,7.07957156189504,54,1043,Fog,1011.9336731587554
06/01/2024 12:08,6333,London,Winter,20.361577286199093,61,11.54438532637,41,2452,Snow,987.133681998581
15/02/2024 18:10,5804,London,Summer,11.820369747293078,95,3.8403692234383806,35,7151,Rain,998.5197174217402
24/04/2024 12:30,5385,London,Winter,1.216275267327454,38,5.374614246827415,17,9530,Clear,996.6807795439938
08/09/2024 11:16,6983,London,Winter,18.128430739335368,92,0.4619505839118218,23,5742,Clear,991.561771415028
19/11/2024 00:23,8159,London,Winter,31.886931144531868,93,9.302902656701797,46,5175,Rain,1018.1964815139864
09/06/2024 03:34,7357,London,Winter,2.3893195465360577,87,9.061475301054248,5,5758,Storm,1010.8902152858462
11/01/2024 00:31,7446,London,Spring,30.47526568939402,41,8.005886651264191,23,7748,Rain,1005.5627190502764
25/06/2024 21:58,8553,London,Autumn,12.738115540291806,66,0.8562184826804531,37,1382,Snow,1018.8950738978306
26/10/2024 07:23,5619,London,Summer,18.128430739335368,26,2.811407774165463,0,50000,Snow,1006.0399156119872
24/02/2024 09:50,7735,London,Autumn,31.38564166418854,27,1.5791028755325636,43,5269,Snow,990.5777732371268
01/02/2024 14:56,5232,London,Winter,8.620003163883753,43,14.609156391489218,25,7726,Fog,1006.5833996374492
21/08/2024 02:14,5803,London,Summer,32.80378638204732,49,4.100091211797138,52,4711,Fog,989.941153524846
14/07/2024 14:22,5146,London,Autumn,37.9007325507402,84,4.999445938567424,8,9967,Snow,996.6541249158004
29/11/2024 17:28,6957,London,Winter,13.023209435905969,33,1.0084063673428614,16,6714,Storm,1007.4214735368536
02/11/2024 22:20,8409,London,Winter,14.151293991131812,21,6.725788969428661,44,9856,Fog,994.4203835472156
09/04/2024 12:28,7270,London,Summer,27.203572153590883,75,9.390728343659,57,4063,Rain,996.2946157890768
30/07/2024 19:17,5394,London,Unknown,27.526825233663157,85,12.233337649483282,19,119,Clear,1003.8925912915842
28/07/2024 22:31,7965,London,Spring,15.629410749935374,54,2.418775927859654,58,9363,Snow,988.97274578072
20/11/2024 00:04,8752,London,Autumn,12.488428944749383,97,8.006749126259862,39,778,Rain,978.9015580368284
09/10/2024 14:34,5820,London,Summer,18.128430739335368,25,4.233781711845671,57,791,Fog,987.1208319768864
09/11/2024 15:19,7435,London,Unknown,22.15819798346224,36,0.6504814840539259,26,4390,Fog,1020.4282563960504
12/06/2024 05:15,8965,London,Autumn,23.96733417378632,51,1.2946939407364622,14,313,Fog,995.356419237376
30/07/2024 01:44,7713,London,Unknown,18.128430739335368,58,6.815362683943596,49,50000,Clear,994.5728053161472
27/09/2024 06:02,7104,London,Autumn,7.436070207924807,63,8.58316103787684,37,7526,Snow,1006.100798999738
24/05/2024 13:03,7693,London,Summer,14.66343726128992,41,7.021036269678453,42,5341,Clear,990.960708205481
24/07/2024 22:09,6396,London,Summer,28.141170756179413,82,4.786778454893028,18,3547,Clear,1000.5056390585746
09/04/2024 00:47,8292,London,Spring,22.38163967177348,87,1.503269478266778,33,101,Rain,1002.4454622439648
08/12/2024 12:03,8964,London,Unknown,23.013971103483563,41,3.2188060133695053,19,6086,Snow,994.8516886461048
21/10/2024 13:50,5890,London,Winter,28.293282509195137,59,9.683663581457616,35,9989,Clear,1001.8282433913648
12/11/2024 20:39,7006,London,Winter,24.1138031567747,83,3.677719654542068,51,6258,Snow,1001.0283932729258
25/05/2024 13:26,6248,London,Winter,-30.0,70,11.550951284058662,10,2962,Snow,993.6941817674442
26/03/2024 05:23,8151,London,Winter,19.692107761269327,33,6.447418579973007,10,961,Fog,985.0593283517755
12/04/2024 17:48,8026,London,Summer,26.085074056890694,32,8.787485813388468,45,8067,Storm,1018.4167927041884
03/05/2024 23:59,5645,London,Autumn,20.40110984565584,29,6.574094377483544,19,2492,Rain,1003.0052066640948
15/03/2024 19:58,6852,London,Unknown,26.63972857241255,52,150.0,47,5367,Snow,1007.5527806173268
28/06/2024 19:31,6814,London,Unknown,12.81497580694691,29,100.0,45,9254,Rain,1016.5937199585284
31/07/2024 14:24,8665,London,Winter,9.83951202560923,54,4.63817462485769,32,2051,Snow,1013.2901703730284
18/08/2024 06:40,8001,London,Winter,14.592653363770948,61,11.805246116055834,29,6541,Storm,992.1491451783188
15/06/2024 07:34,5902,London,Spring,10.37142555840502,42,4.889502950170467,7,4894,Storm,1020.0519901486084
24/01/2024 10:28,8430,London,Autumn,17.70849757642427,98,12.537692892784651,22,6031,Rain,990.6528049574044
10/03/2024 10:47,5186,London,Unknown,8.384885429468454,24,9.599725748157454,7,2479,Snow,998.635535572064
15/03/2024 01:10,5689,London,Winter,5.661984349648554,44,4.114596481536594,59,6041,Clear,994.5920108959764
04/08/2024 23:49,6998,London,Summer,6.186728869695457,50,12.24376636017851,23,1786,Rain,985.4759994649804
15/03/2024 06:10,8218,London,Summer,34.684502143629985,57,20.078397001736903,33,1142,Rain,995.6919326836096
27/08/2024 14:25,7467,London,Unknown,9.87381705926931,72,10.5070611895867,29,417,Rain,993.4992192396724
17/05/2024 10:39,8337,London,Winter,20.409525337879472,68,0.71666758977321,41,3597,Rain,977.1621972788528
22/03/2024 14:48,6787,London,Winter,16.152907065209373,32,17.42805444057576,50,7000,Clear,996.0952935507896
19/02/2024 00:37,6072,London,Autumn,30.040330654166542,75,17.192044604574903,46,7969,Clear,993.104261524485
14/08/2024 06:18,5839,London,Winter,24.306236207697047,69,11.508325464247111,43,4553,Fog,1010.062158197837
18/01/2024 22:19,8946,London,Autumn,15.401059320791337,91,5.608686799956967,18,8270,Snow,991.0762200584225
24/07/2024 07:37,6561,London,Winter,23.220731946687707,33,10.38169681650141,51,3477,Fog,990.909989858956
26/05/2024 08:02,6199,London,Unknown,19.27931351411998,43,8.671856239775217,9,5325,Rain,999.5503569846938
28/06/2024 11:19,6949,London,Winter,9.7856507887544,49,2.5567688849809453,46,5881,Rain,1000.98612787922
11/08/2024 14:39,7109,London,Winter,16.444254055419396,92,0.4562929654097836,52,606,Rain,991.3776020417477
09/06/2024 17:37,8651,London,Winter,4.074451582725688,46,2.0941393104270998,14,2624,Fog,1005.6948461036318
10/12/2024 09:04,5550,London,Autumn,9.73623529455812,32,0.8149826915325606,18,2262,Clear,1014.0865162741828
31/05/2024 16:57,8918,London,Unknown,4.624569460436309,36,9.24754498035202,20,4156,Rain,1000.7393937150268
01/01/2024 09:11,7272,London,Summer,10.786537592022032,61,11.179046207361722,20,4490,Rain,980.5206207017673
25/08/2024 19:34,6555,London,Unknown,12.411105368976685,97,0.8216361001100951,3,1924,Storm,993.5590571444418
04/08/2024 14:53,6407,London,Summer,29.48961704793325,31,5.847040874533231,19,2993,Fog,1004.8685121068642
24/12/2024 03:52,8435,London,Winter,9.730872573931624,49,2.681161531024454,42,3825,Storm,988.840942506618
23/07/2024 16:40,8756,London,Unknown,26.15540475188049,68,7.0262215228534535,4,2627,Storm,1004.2334264708207
27/10/2024 00:08,8622,London,Winter,8.959888918917569,67,8.096639167434851,23,717,Rain,994.3527742298024
22/09/2024 19:56,7555,London,Winter,18.128430739335368,27,200.0,48,4852,Rain,1006.7401140462756
08/10/2024 21:48,8006,London,Spring,27.10918308747519,25,1.352958546323861,53,8842,Clear,988.6751209577764
13/11/2024 05:01,8995,London,Autumn,18.128430739335368,51,1.793274148068572,58,6818,Clear,997.058223441114
07/11/2024 21:45,6925,London,Unknown,21.5850472086862,95,11.08777741209375,1,1931,Rain,1010.4121034662348
20/09/2024 22:58,5698,London,Unknown,22.50347909665813,50,16.06969792142506,14,9255,Storm,1000.633197194493
30/01/2024 08:23,6140,London,Spring,21.2648699230072,25,14.81716192899516,42,7654,Snow,1001.0537312416632
13/12/2024 01:21,7302,London,Spring,25.639478808291837,25,1.4445339428886674,50,8209,Rain,1008.1220889154524
31/07/2024 13:27,6250,London,Summer,32.76716876634289,24,100.0,47,2639,Rain,999.7342500926302
22/10/2024 10:04,7621,London,Unknown,24.60397501806217,25,1.5091878335623274,15,8199,Snow,1004.6995459967376
18/04/2024 10:29,6957,London,Summer,12.740382774104688,57,2.3637889333561155,33,4907,Rain,987.9289540924536
19/02/2024 05:40,8919,London,Autumn,18.493393125069023,37,9.39081139112595,15,4979,Snow,1000.7909894255744
06/08/2024 22:12,8044,London,Summer,22.763407461432045,87,13.356456937200027,18,8189,Snow,1014.729665664176
16/03/2024 13:44,6404,London,Winter,30.83828113336837,93,5.436943563374971,27,5293,Clear,978.1719498287176
30/06/2024 03:42,8233,London,Winter,47.80079495577845,26,13.791049411522248,18,6617,Clear,1021.935409194354
28/11/2024 01:23,8338,London,Spring,21.74274064766764,51,5.425648821940262,34,2936,Snow,1004.5797260359416
04/02/2024 06:44,5175,London,Spring,33.22882672783858,36,10.944878839156868,18,3885,Rain,993.504283952038
19/02/2024 10:07,5388,London,Autumn,7.757629551454661,65,150.0,12,3533,Rain,1002.1491047928153
08/05/2024 19:23,6970,London,Unknown,6.127961112669222,26,8.430373047367407,15,6574,Rain,1008.1667678244074
16/12/2024 21:30,8211,London,Spring,20.25238751518448,67,12.94477473839478,36,821,Fog,984.6404359398229
24/07/2024 05:32,7156,London,Winter,18.128430739335368,48,17.951498488642663,36,1501,Clear,999.0640812834783
11/02/2024 14:58,8658,London,Spring,34.87086371601538,78,13.518411514825187,3,9688,Storm,996.5131399291312
14/01/2024 13:21,8526,London,Unknown,20.359841839341584,48,3.4840762334759514,36,3558,Rain,994.9207385437476
04/02/2024 23:48,6845,London,Winter,11.897377856844692,79,2.1103884348577244,46,6724,Rain,987.4729380273068
11/10/2024 20:58,6484,London,Spring,16.075932635014453,51,17.927778139697097,2,2046,Snow,1007.9483335625972
28/11/2024 13:28,7931,London,Summer,8.38838472260138,55,6.822448905638343,51,8564,Clear,989.7272306248176
20/07/2024 03:14,8173,London,Autumn,18.128430739335368,95,2.7696961240523743,17,1218,Clear,975.0749007692498
03/05/2024 13:49,5750,London,Unknown,9.807647033112064,93,2.585875287970461,56,9096,Fog,999.2682303722175
03/07/2024 19:31,5596,London,Spring,14.669672311650482,67,14.536733133622128,49,1704,Rain,999.0836949222931
07/05/2024 04:03,6659,London,Summer,14.81722370395099,49,7.712977336181204,21,7828,Rain,1012.7027136379731
12/08/2024 15:54,6722,London,Autumn,14.949312212737356,75,5.771932503139233,11,1876,Snow,977.1877358821548
21/03/2024 18:31,6197,London,Winter,6.310376113797602,46,5.677598242146194,36,5290,Clear,986.3787670284722
02/06/2024 14:38,8085,London,Winter,28.08278330317741,47,7.702341220069835,59,2499,Storm,995.7348452275352
30/04/2024 15:15,8316,London,Spring,15.734988573944236,97,3.544594288314669,17,781,Rain,1010.4991845514126
13/02/2024 04:59,8900,London,Autumn,22.140111587565016,35,2.334368145565118,59,1976,Snow,997.4621189569004
02/07/2024 04:22,7393,London,Autumn,4.071866457415666,82,25.235162339946463,45,50000,Storm,999.5902305106029
10/05/2024 07:14,8364,London,Summer,31.54399318728424,95,14.092429120659643,5,6643,Clear,989.7695162538366
30/11/2024 08:18,7454,London,Winter,21.60312903588185,48,3.0488602293050957,25,5929,Storm,995.100637647477
06/07/2024 08:17,7025,London,Spring,10.588288882912558,21,0.1402278642817238,34,408,Fog,1024.3721819021266
14/10/2024 00:06,7022,London,Unknown,22.72539625048336,20,14.748478286261916,58,4368,Clear,983.5633035500416
24/05/2024 17:20,7856,London,Summer,8.26164370212264,62,0.2862921439011874,4,2921,Snow,993.2538481217888
20/10/2024 22:29,6224,London,Spring,25.75404524600847,96,17.083332609480017,17,6270,Clear,999.2528657942364
13/09/2024 13:31,5894,London,Unknown,0.4814557180118868,63,2.101001134246497,58,7533,Storm,1008.0462212500182
23/07/2024 12:55,6881,London,Summer,34.78215319634751,28,150.0,53,8499,Rain,994.6423499450316
23/05/2024 14:23,6077,London,Summer,-0.7249469600794676,30,16.17571406303636,10,50000,Snow,1002.5441609177904
06/03/2024 11:34,8576,London,Winter,16.86742561183665,90,21.667386510906457,24,878,Rain,997.9744757332672
05/12/2024 04:13,8141,London,Spring,22.70663654157876,59,11.660710359372036,40,3718,Snow,1006.7217138892102
22/12/2024 18:02,8988,London,Autumn,22.74588327141569,64,3.05408898180859,13,50000,Rain,993.6870177099516
25/03/2024 23:02,5685,London,Summer,16.19487266128484,62,14.077216129220702,11,1468,Rain,1011.6384840624588
04/05/2024 17:03,8012,London,Autumn,31.144161168003645,51,3.970572852108223,16,50000,Storm,1012.742498337372
23/04/2024 03:47,7492,London,Spring,21.11763367760854,43,150.0,46,5314,Fog,1009.8948615066676
13/09/2024 08:32,8534,London,Autumn,14.33797506492505,37,3.2529821525532934,1,3747,Rain,1002.366013011074
19/03/2024 21:58,6320,London,Spring,11.98485027771016,98,14.510116301103096,33,2643,Clear,994.041065696166
19/11/2024 05:37,6037,London,Winter,29.853278345060083,39,19.217544550721616,58,50000,Rain,1007.1378889651108
08/10/2024 04:51,6630,London,Summer,17.045324318974952,20,1.771206573149911,31,4644,Fog,990.3979669776944
31/07/2024 08:29,7971,London,Unknown,10.21105499178196,70,14.24546087939135,2,7686,Clear,999.747863477272
15/02/2024 15:48,8280,London,Winter,36.96312355254932,40,7.371148607032239,22,2189,Snow,988.1792503085626
07/01/2024 03:28,8839,London,Winter,6.871446043364333,92,8.671742710086384,59,7082,Fog,1005.116674939084
10/03/2024 11:28,7998,London,Unknown,11.761138491717212,75,0.269834827505103,47,8762,Storm,1013.0839506699076
03/08/2024 05:56,6368,London,Summer,12.79685806305249,30,23.778693053805867,20,3224,Snow,994.538503120281
29/03/2024 17:07,6906,London,Unknown,4.639080044225265,57,9.30239953798559,15,2773,Fog,1013.6594931789408
04/09/2024 12:39,8340,London,Spring,7.214573412782173,46,8.87779920133928,47,8478,Rain,1002.5623009774068
30/11/2024 13:30,7491,London,Unknown,14.87686799642275,46,2.6087185599185228,43,7770,Storm,1001.42455472784
22/05/2024 20:32,7288,London,Summer,27.035662052931144,73,0.888884421705658,30,855,Storm,996.989769260564
01/12/2024 10:37,7479,London,Winter,32.57268085438649,20,15.610734006182795,41,9806,Rain,994.8937864035868
19/12/2024 01:32,6469,London,Spring,2.044391336662676,75,8.839369027466375,56,9043,Clear,1005.4790689768672
15/02/2024 11:55,6284,London,Spring,34.4238655434462,75,100.0,38,212,Rain,1011.2935250179472
26/08/2024 06:36,8095,London,Winter,7.0891865361735285,43,7.359292925382342,17,4832,Rain,1004.7833283664488
13/03/2024 10:27,6398,London,Winter,20.33905474104364,75,17.463586923900202,13,7084,Rain,988.2896996330636
26/04/2024 01:23,8741,London,Spring,17.920063021895025,34,8.602148443578535,15,2850,Snow,1003.8578459909434
24/10/2024 14:08,8865,London,Winter,-1.7873820042160773,30,8.003562491490605,20,2193,Fog,1007.545934587137
08/01/2024 08:59,6643,London,Spring,35.9017667769997,91,1.2280994235816056,24,4764,Storm,1021.4900874010606
14/05/2024 01:54,5289,London,Summer,4.8094558974236215,31,18.02667397740445,4,9279,Rain,1002.9724092087408
29/11/2024 04:08,5904,London,Unknown,24.11331324508354,82,11.919855802654006,25,3874,Storm,1006.1174335247516
22/05/2024 03:10,8540,London,Winter,-3.1965059221873986,57,6.759191772411215,23,6117,Fog,1011.5749263724906
21/05/2024 15:53,8774,London,Autumn,14.2355991110737,25,5.596999809482341,35,2720,Rain,1006.342493017688
21/05/2024 19:54,7007,London,Unknown,18.643684986826347,60,0.3096921825163283,54,569,Storm,1009.1125864263936
05/08/2024 19:16,8075,London,Summer,3.11156060610676,58,2.0770457173137635,48,1448,Rain,1001.515275788088
19/06/2024 16:59,7147,London,Autumn,13.445818575409412,79,3.206284114457807,43,8434,Rain,987.9858907069478
18/11/2024 05:05,6511,London,Spring,1.3040692690634863,80,7.124207314161719,40,5431,Snow,1005.5210056221954
04/08/2024 17:04,7671,London,Unknown,24.557416163249734,37,2.617152087991224,40,1788,Rain,1005.7876105192058
08/03/2024 15:57,8807,London,Winter,20.354356838785687,33,13.341365107714129,32,7008,Fog,1001.6361331421584
02/01/2024 06:45,8844,London,Summer,27.920059326294183,22,12.98008088409616,12,1897,Rain,1016.4472845182312
27/07/2024 09:31,7764,London,Summer,24.67052563126947,74,5.0295926043509125,2,7174,Fog,1014.4040004910554
07/11/2024 10:38,5022,London,Unknown,34.82977612793616,82,11.24004334261832,13,6299,Storm,990.7947072020828
11/09/2024 15:37,5499,London,Spring,15.355896022208212,71,2.795911290129247,56,3434,Rain,991.2261228376002
27/02/2024 12:11,8080,London,Summer,48.51809074410522,47,15.949340515022318,35,4249,Rain,1005.9515035266804
24/05/2024 19:38,8146,London,Summer,14.696260135077214,80,4.119410190890847,24,3864,Storm,1019.1934922109668
09/09/2024 07:16,7186,London,Unknown,50.29833187685097,74,4.54783909334382,9,4956,Fog,991.5365173017144
03/12/2024 14:39,7225,London,Unknown,15.95144753369808,81,7.117145593691591,30,2342,Rain,1000.7614569697008
21/08/2024 20:08,5291,London,Summer,-2.340698736444025,97,3.302473685045924,59,8607,Snow,1012.4241995499856
21/07/2024 15:31,6255,London,Spring,33.67971767269888,35,0.0724037051132704,21,7770,Rain,1011.849836250735
11/11/2024 23:54,5051,London,Autumn,28.299237731597483,44,11.73845928543907,5,8494,Rain,993.256428151255
11/01/2024 10:51,6336,London,Unknown,7.015393106864263,43,7.70093766565124,44,8265,Clear,992.4734301989891
19/12/2024 02:20,5175,London,Autumn,33.4663503303977,78,5.204081102082758,38,9305,Storm,1010.9306655343536
19/04/2024 19:32,6284,London,Spring,18.99070562506349,26,15.061459062861854,43,242,Snow,1002.883810655928
23/05/2024 08:10,7596,London,Summer,1.7468493320288907,36,20.159813801571868,26,7321,Storm,996.5383170838584
01/07/2024 17:34,8545,London,Winter,29.625234363283447,28,4.969398175147607,37,6539,Rain,995.424387202192
21/01/2024 21:47,7807,London,Winter,16.417877874948218,65,4.55898441211943,50,9547,Snow,995.7448883673126
02/02/2024 20:54,5210,London,Winter,23.03822384284618,20,15.095149649021703,9,4269,Snow,985.2447781139218
17/10/2024 08:04,8517,London,Summer,1.2276528575185424,39,15.266432846359264,28,5458,Storm,970.272601156946
08/03/2024 13:10,6173,London,Summer,39.20763065860222,53,200.0,43,9543,Storm,997.605330670737
28/12/2024 17:01,8727,London,Spring,16.84198942408397,65,1.9730744755112144,21,6385,Fog,988.8475957929996
17/10/2024 02:42,8882,London,Unknown,-11.961780230719429,97,13.063972785852632,50,7910,Clear,998.6673373831992
22/07/2024 12:42,7283,London,Winter,9.052327785781776,77,8.93282927025582,5,8238,Clear,1000.4562441086922
17/07/2024 02:28,7165,London,Unknown,11.867387400557527,42,12.065946602930095,24,6880,Fog,1001.3714273979384
15/11/2024 03:43,7463,London,Spring,17.620492061334485,80,16.116775733178557,15,4709,Snow,1011.5025285374612
14/04/2024 21:38,6710,London,Unknown,26.80125245970776,59,8.159439267999627,22,4564,Storm,1012.9082447826712
28/05/2024 07:20,7630,London,Summer,18.128430739335368,35,9.62973394471458,48,6069,Clear,996.1972235058624
18/04/2024 23:05,6859,London,Unknown,17.9574444629681,91,4.744682724961072,14,9410,Rain,991.8157040527692
21/04/2024 01:29,5578,London,Autumn,15.230525406835046,27,3.039997670434759,16,6174,Clear,1002.1411643148324
07/05/2024 23:17,6814,London,Spring,5.772853767789794,61,11.027035834882716,23,9315,Fog,1006.0757823141904
26/06/2024 18:07,6330,London,Spring,10.1270599482753,67,15.134852657906444,13,4635,Clear,1004.5251055093444
04/06/2024 02:51,8078,London,Winter,24.44427015897395,24,8.194228287593972,42,4077,Fog,1010.068783694277
13/04/2024 09:28,6854,London,Unknown,24.163092680140814,25,100.0,43,3722,Rain,996.0207492493008
18/11/2024 20:06,5642,London,Autumn,13.270079551376234,50,4.571926087023184,13,9931,Snow,1009.3280362787274
25/06/2024 15:26,6936,London,Spring,25.906074960523952,46,10.272850025577691,55,2775,Fog,1005.303637378057
18/05/2024 23:52,7250,London,Winter,5.247430437757549,79,9.738402830982196,31,9796,Rain,996.5621415551428
29/01/2024 11:22,5532,London,Spring,-30.0,41,0.9223911032079436,49,320,Rain,1000.5724694704908
03/01/2024 22:24,7897,London,Autumn,23.76154019202214,73,7.972696699927553,26,6603,Fog,1009.86497024317
07/08/2024 15:07,8528,London,Summer,21.19478563349699,77,6.819445172273044,44,7070,Storm,998.5428143400774
29/04/2024 13:38,6962,London,Winter,-10.88008081944363,96,0.0288317226607706,26,6480,Fog,1010.005399950703
18/04/2024 01:40,6586,London,Unknown,7.660059826447494,21,7.472694282774597,58,7985,Storm,983.4400342432236
10/03/2024 06:52,5774,London,Autumn,31.46944675118128,27,5.262584664355874,53,1666,Clear,993.7180034332922
12/12/2024 18:27,6962,London,Winter,21.555499506648577,30,1.723148206884047,41,3487,Fog,994.678666061049
22/12/2024 22:04,8151,London,Winter,27.704364234028795,64,6.941233466126963,26,345,Rain,999.697503371493
01/06/2024 00:38,5968,London,Summer,32.75586915490498,24,13.415074429250762,36,3053,Storm,1008.5312406043377
08/10/2024 14:40,7926,London,Autumn,14.920289230939623,71,100.0,49,6727,Storm,996.9791883277476
11/12/2024 07:27,5921,London,Winter,23.49389550335997,71,0.1478974444935827,3,50000,Rain,1008.8765338880446
29/03/2024 12:35,6214,London,Winter,13.630822554496266,50,5.502750164264796,4,9757,Storm,1009.3415662798228
29/02/2024 02:53,8146,London,Spring,24.092887081814503,24,7.297078999976801,28,580,Snow,1000.078138874447
01/11/2024 04:06,8285,London,Spring,34.81724629549175,29,6.334920779942683,59,9738,Clear,1010.7396226122086
31/10/2024 04:48,7551,London,Spring,11.335621500621922,43,7.530072359915458,12,6113,Rain,982.1675188317406
26/04/2024 19:18,5181,London,Winter,17.888816171314875,34,0.5968070032610511,0,1293,Storm,1003.1116081282072
26/06/2024 04:59,5533,London,Unknown,12.459699544715434,93,12.6689655426154,1,9020,Clear,993.8316607612336
30/08/2024 02:54,8756,London,Winter,18.59958490007863,30,12.95046702096537,41,8414,Rain,1010.9931095129637
22/06/2024 23:46,5608,London,Unknown,15.110815076002408,85,13.010168449252111,40,7508,Clear,992.8093411725682
06/12/2024 03:02,8520,London,Spring,16.516166620315047,76,1.809514424555296,49,6287,Clear,980.0927495240976
11/01/2024 10:29,6333,London,Winter,8.199264869627903,98,10.093480962598845,44,6077,Fog,996.8347822474292
02/04/2024 19:39,7844,London,Summer,8.97145128537368,67,0.5781498777982295,41,8904,Rain,980.65155551332
29/01/2024 18:08,5624,London,Spring,1.5760082023114883,90,2.377524027490828,32,7808,Clear,1007.0078327569768
03/04/2024 08:33,5933,London,Spring,21.447387589608542,75,0.3249788298377938,46,776,Storm,988.6118047825609
02/07/2024 00:39,7449,London,Autumn,10.36644801109539,84,0.481035937625518,47,1309,Snow,1005.4897656462408
26/09/2024 21:56,8964,London,Spring,-30.0,52,8.431815455887321,32,6524,Fog,1002.0312407462654
01/01/2024 13:07,8498,London,Spring,12.812929888717482,36,7.96539088955796,40,9870,Rain,1018.1713277466168
27/02/2024 04:56,7466,London,Summer,29.663283978416008,72,0.5094823790276326,45,5672,Rain,987.894410331442
03/08/2024 10:18,6939,London,Summer,7.733672835911975,74,5.527306128151949,23,7478,Clear,1013.3351761213632
09/02/2024 00:10,5797,London,Autumn,14.622981481650932,36,5.051432156440828,40,3932,Rain,1010.263345993397
13/05/2024 22:01,6317,London,Spring,17.947094184719813,67,100.0,53,1309,Rain,1015.4434269445456
16/12/2024 14:38,6360,London,Autumn,18.677848800169084,49,1.7095724655324522,55,8392,Rain,994.6603181819193
29/10/2024 07:06,7264,London,Unknown,25.24995399002273,60,9.655056449620565,29,4363,Clear,981.820228215767
27/10/2024 10:52,5521,London,Spring,9.526578372701133,80,2.528317610250944,17,3924,Fog,987.9222601432716
08/11/2024 07:16,5701,London,Winter,-2.4565567262920887,83,6.179258605355499,54,5463,Rain,993.6704911931638
17/07/2024 10:00,5708,London,Summer,30.758890207143427,57,16.137775655487346,16,9649,Fog,1002.8744193716792
13/02/2024 21:06,5355,London,Summer,29.139415451412724,86,2.6978451227273705,25,5559,Snow,1005.8717803041794
19/10/2024 09:32,8295,London,Summer,19.89190041850311,98,18.43557109726499,44,6128,Fog,994.0647320572128
30/04/2024 05:26,5008,London,Unknown,20.97411077690021,29,200.0,4,5888,Rain,1006.6074704267468
25/05/2024 22:29,7911,London,Winter,34.46100670722251,23,3.252155269044457,26,6878,Clear,998.8093922932288
13/09/2024 03:47,8553,London,Summer,16.314188600823577,46,1.1558024722115494,0,576,Snow,1001.5001683329912
04/01/2024 15:24,5783,London,Unknown,29.674519796789934,63,3.2638055123377194,22,1523,Rain,1002.6440945132508
15/03/2024 02:46,5581,London,Winter,9.766438362253206,41,0.450673753433608,46,50000,Fog,1005.7996267109388
30/06/2024 05:54,5992,London,Unknown,22.8212727551268,54,6.116497134317573,28,9781,Snow,987.6958884823716
09/11/2024 11:46,7128,London,Autumn,60.0,43,7.14784511880985,4,8517,Clear,999.3595369593056
19/03/2024 07:25,6326,London,Unknown,16.673280440210572,53,6.581625303555054,21,3916,Snow,992.3012266507512
26/05/2024 09:53,7123,London,Spring,36.90336315878018,95,12.617727976868991,49,1168,Fog,1000.0748303110576
23/08/2024 14:32,8061,London,Summer,18.128430739335368,99,200.0,25,9027,Snow,997.4125850607788
24/07/2024 09:11,6140,London,Winter,20.97559469570808,58,2.471825646223379,43,8142,Clear,1007.4731503541273
18/09/2024 06:56,5948,London,Autumn,18.518603318610456,30,4.203853127436216,48,4569,Snow,1011.477684104406
30/07/2024 23:16,8836,London,Summer,22.82993390667182,70,6.0701291741164525,48,6872,Clear,991.8665334541548
18/06/2024 12:45,8253,London,Winter,14.201949914563448,29,9.879539222118929,8,6945,Snow,994.1388297392969
24/05/2024 09:01,6355,London,Unknown,21.94196114762789,92,15.565788596017208,28,5972,Rain,1002.543181594572
31/03/2024 22:34,8290,London,Spring,10.637259287653984,46,200.0,49,8832,Rain,1010.3775954465152
08/01/2024 16:00,6675,London,Spring,37.06898878285096,45,9.676693771393442,3,4845,Rain,1000.1201190786804
28/07/2024 00:03,8982,London,Winter,19.054794635295885,79,7.011013995467026,14,9042,Snow,1004.932395558814
21/10/2024 05:25,6143,London,Spring,25.325742424867173,45,4.359710312234159,23,5327,Rain,993.0178029693236
25/08/2024 20:46,8563,London,Winter,30.974795932308936,59,100.0,36,4107,Clear,988.6113928411544
22/02/2024 15:03,6892,London,Spring,-30.0,45,0.2400732564373733,34,8366,Snow,1008.8753624942956
27/07/2024 00:45,8256,London,Unknown,36.81598871308664,60,0.0671884387415273,2,469,Snow,991.0295177537356
22/10/2024 18:08,7001,London,Autumn,7.434087236742624,33,17.594842915238083,43,8695,Clear,1010.8579041669608
11/11/2024 21:39,6766,London,Spring,22.6651346618904,96,13.407878066853511,38,2050,Rain,987.3160535052988
06/12/2024 16:36,5873,London,Autumn,22.259968801597303,60,8.106571831683311,59,7229,Rain,1015.9362078902564
06/08/2024 06:09,7257,London,Winter,18.630115439625,55,4.630154401482681,48,2297,Rain,998.8959491792602
27/04/2024 15:19,7962,London,Summer,22.2408072459963,51,19.80192445108709,5,4610,Snow,1000.5479221814156
29/03/2024 06:08,8579,London,Autumn,22.94242448175542,61,8.432928936693143,3,9198,Rain,988.2370536383324
28/10/2024 08:05,5523,London,Winter,10.88140824885323,66,3.094810319704938,20,3960,Rain,1005.0151846795624
14/12/2024 09:36,8158,London,Winter,-3.632572692109559,29,6.641508507963764,57,2398,Rain,1009.3703728297908
11/07/2024 06:15,6877,London,Spring,22.741267891335447,77,10.911579774287972,40,2430,Rain,1006.3828148752524
14/02/2024 15:55,8175,London,Unknown,13.237230296035024,90,9.870488336211396,29,9278,Rain,994.6364302200146
19/11/2024 18:59,6919,London,Unknown,10.211049336365114,65,11.355624333455658,48,9030,Clear,1001.0060746916736
24/10/2024 20:04,6540,London,Unknown,5.539072166554268,24,21.817169316979932,40,8798,Snow,1006.7866319898656
18/02/2024 22:02,5157,London,Spring,7.067997924092957,66,1.880206096850479,6,1437,Rain,999.6236705509192
08/10/2024 06:24,7809,London,Spring,22.703158564413005,75,3.1845667097280925,53,5119,Fog,1003.7936932317627
13/10/2024 00:34,7281,London,Winter,18.859764947786225,56,7.190440271801446,19,370,Fog,992.3513434245532
28/12/2024 03:52,6927,London,Spring,38.26198576711515,96,15.343150388817204,43,3679,Clear,1023.0855675928952
18/07/2024 07:30,8897,London,Autumn,7.9770379968703455,82,10.988538742402945,55,4507,Rain,993.112922951242
02/08/2024 05:38,6011,London,Winter,19.10743648889961,96,10.83229823181682,56,4463,Rain,965.2902541205324
19/03/2024 21:46,6698,London,Winter,16.031867767116047,31,14.434895894375137,40,2568,Rain,1023.6930218913868
03/11/2024 22:17,8464,London,Unknown,23.36680316290934,74,13.754130787708684,2,3221,Storm,1006.9222298990936
30/07/2024 17:46,6298,London,Winter,8.26068619134534,29,5.137408615762872,10,7810,Rain,1007.8416321401384
06/10/2024 08:35,5350,London,Summer,0.7443290205164637,21,3.2582986460182006,5,7375,Rain,985.4494336529564
21/03/2024 07:41,8016,London,Summer,19.94464549779231,55,4.651567198977629,59,5112,Clear,996.3469653606418
28/02/2024 09:57,7357,London,Spring,30.165589238693716,91,13.27926698694252,48,429,Fog,1003.095779694668
16/10/2024 21:54,7815,London,Unknown,3.028496976099204,50,6.810400800927358,35,900,Rain,1000.6386339516084
25/12/2024 07:22,5065,London,Summer,21.17255433712766,89,100.0,27,2870,Clear,996.3264731430348
21/01/2024 02:40,8629,London,Spring,21.153393886987825,28,3.2590842634450445,19,50000,Fog,994.973068961364
02/11/2024 05:40,6032,London,Winter,32.967703732537785,68,19.16962804508362,13,8901,Clear,980.447622812043
15/04/2024 07:01,5133,London,Summer,5.956380519421924,95,4.845607827204568,16,7334,Storm,999.9554179533096
08/10/2024 04:54,5189,London,Unknown,22.21178171575541,92,15.06043600597157,46,4884,Snow,1002.753945830428
03/12/2024 02:55,5007,London,Winter,31.56893037364908,20,2.040391521725039,29,7970,Snow,998.0637222322332
27/08/2024 23:22,5950,London,Spring,12.896955021034096,29,6.823889175194092,28,50000,Rain,985.0667867724944
09/12/2024 10:05,6194,London,Unknown,-30.0,83,10.483328757966568,20,3511,Snow,1000.8219391815716
20/09/2024 17:33,8649,London,Spring,11.394192872093306,58,22.39498308402638,50,50000,Storm,1006.8264370456876
21/06/2024 23:18,6666,London,Unknown,3.9632887433895903,44,9.138289069872055,22,862,Clear,972.8593087849048
20/07/2024 03:55,8823,London,Summer,7.509763921194029,60,8.432675726850738,10,469,Storm,1007.8383092882394
09/10/2024 15:30,8845,London,Autumn,25.13866092129907,34,13.578230985085789,22,4424,Rain,1013.447158796556
05/04/2024 17:37,8848,London,Winter,16.666576102819114,32,1.8479457162964892,24,3252,Fog,1007.7840048654758
26/09/2024 11:06,8425,London,Autumn,20.643043908114723,30,8.6232588116231,31,3717,Fog,1014.023051540079
07/10/2024 14:45,8315,London,Unknown,12.802602823341443,48,6.841581583285912,42,3395,Fog,984.917980475796
27/04/2024 06:09,7106,London,Spring,25.23169810278899,40,2.190404696215591,14,1874,Rain,1000.6204066490086
30/05/2024 00:04,7080,London,Autumn,18.62511144599675,86,8.089488921661944,56,7465,Storm,1001.7805524077768
03/02/2024 13:55,8667,London,Winter,20.60275734397204,44,200.0,26,8990,Snow,1001.9904634754436
19/06/2024 12:31,8458,London,Summer,18.128430739335368,25,15.129525875182368,7,5175,Snow,1007.6912475892292
16/12/2024 08:32,5417,London,Summer,27.190600483682974,31,15.15359796245008,39,5358,Fog,981.5949414781176
18/04/2024 02:58,6576,London,Unknown,16.26828064991393,50,7.412290482871877,52,4445,Fog,985.201791809298
07/08/2024 13:08,5777,London,Winter,2.8206076752025737,24,0.5310347496914023,50,2294,Fog,1002.1555436047958
03/05/2024 09:05,5629,London,Autumn,12.24886561081206,44,19.257193057010625,20,5233,Clear,1000.1491955779168
06/02/2024 10:26,5140,London,Unknown,21.618914137203653,98,1.1985607055714915,4,2108,Clear,987.1415334370216
23/09/2024 08:13,7932,London,Winter,26.729239329623603,92,10.882132850221671,12,4188,Fog,1010.1179698627788
10/07/2024 11:25,8944,London,Winter,25.671968673777908,52,2.2063791185644317,37,1093,Clear,1002.201005290406
09/06/2024 14:07,8327,London,Summer,34.87912179327769,54,14.45626927118565,53,9569,Rain,994.52374520084
24/05/2024 08:02,8532,London,Unknown,25.006387943753666,96,5.115253966468394,27,5451,Rain,1013.4894765798604
27/07/2024 13:11,8354,London,Unknown,31.577226780501107,59,13.525133931067025,12,6016,Rain,998.3413538781158
30/05/2024 02:11,6512,London,Summer,37.95164556830508,64,11.27875828988742,50,7089,Storm,996.977666830596
17/03/2024 13:26,7883,London,Winter,11.383881112318605,84,2.23999017525997,57,4262,Rain,993.0236774287424
25/10/2024 19:33,6168,London,Unknown,27.467951602045677,42,150.0,55,7165,Rain,998.1218650270346
27/12/2024 10:41,6421,London,Spring,9.49997743181961,44,19.416161363019047,16,5549,Rain,1009.2377238196772
01/01/2024 08:38,7377,London,Autumn,18.128430739335368,86,8.384152081941128,6,6371,Clear,989.481855848048
18/07/2024 20:38,5613,London,Unknown,8.71207092775165,30,4.026323074879498,47,3297,Snow,977.8362240278336
27/02/2024 18:28,8467,London,Spring,15.11278559968595,21,3.5098821462665906,37,2839,Rain,995.2201645861873
04/02/2024 04:53,8068,London,Spring,21.443403720410394,44,7.972101095988908,13,3318,Storm,1006.4892686027204
08/07/2024 20:57,5381,London,Summer,23.74354382546524,45,15.187747284303017,35,3077,Clear,994.9881252601496
03/09/2024 05:31,7243,London,Spring,27.60013232522936,36,3.6641361088562814,31,50000,Fog,1008.605487684168
06/03/2024 01:11,5670,London,Autumn,29.47123239393155,99,14.417636935125929,25,5365,Clear,1006.9285343134763
03/07/2024 18:23,7766,London,Unknown,25.51822093771224,78,6.466374621268948,52,50000,Rain,978.5928612688508
20/01/2024 22:59,8772,London,Unknown,11.142137454066626,42,4.469656109561447,59,3516,Clear,996.3244008315896
21/08/2024 08:21,5980,London,Winter,8.858269858930917,38,0.2396503109211929,12,2136,Clear,1003.818972680832
24/12/2024 22:46,8203,London,Winter,28.9330195407318,64,2.3883761056250576,17,7806,Rain,977.1289487590304
04/02/2024 08:46,6651,London,Unknown,18.006378110934765,95,9.78379376216344,45,2770,Snow,990.0499118710522
12/11/2024 00:04,6637,London,Summer,14.533428220573878,56,1.7112027979963529,26,3429,Snow,1005.9015334342675
14/05/2024 11:55,5685,London,Summer,30.25750403974823,35,5.063040868393585,52,1347,Snow,994.4203534905896
08/05/2024 01:46,7339,London,Autumn,3.2759450406520987,72,150.0,49,5722,Clear,1014.7695929997298
21/02/2024 15:01,8989,London,Summer,30.37727658060604,43,8.568338412684138,35,6692,Rain,981.972448475932
04/07/2024 05:28,5589,London,Summer,26.970785349035587,50,9.615862637184897,46,978,Fog,999.5170625139366
19/02/2024 07:30,6540,London,Winter,18.0124983052777,55,25.96835974517971,56,9839,Rain,988.4803099272674
11/02/2024 02:05,6723,London,Autumn,2.195649526255183,64,6.194918173594602,20,6484,Clear,1007.1919890507228
13/09/2024 02:36,7303,London,Summer,9.762806700076426,45,4.136678583218261,30,4191,Rain,1011.7701219652404
19/08/2024 00:18,6607,London,Spring,26.535916550607965,86,10.021260050976906,10,3765,Storm,1000.0077274249612
02/09/2024 11:32,8218,London,Autumn,22.96809190977536,94,7.077947069207793,53,1871,Storm,996.1539530712862
22/11/2024 14:17,5940,London,Autumn,15.909821061999544,47,5.895572228229983,25,5493,Fog,978.7093139763329
15/08/2024 13:55,5144,London,Autumn,7.903093717883134,26,1.430345813015859,57,8459,Storm,1013.3821611070812
06/07/2024 13:20,6056,London,Spring,34.73520847478927,27,0.8185800754355217,29,50000,Fog,992.0645724733192
11/02/2024 11:38,7688,London,Unknown,15.096172430814708,62,7.378512856148456,58,3643,Fog,995.9219514759728
12/11/2024 04:13,5343,London,Spring,18.128430739335368,23,16.493677831235114,49,5361,Clear,1017.199506535304
09/06/2024 03:17,8388,London,Spring,27.93946786903583,36,12.595304340743375,33,5157,Clear,1005.1832558569
21/05/2024 20:35,5528,London,Spring,18.67267480561549,51,5.999129048964157,41,4885,Clear,986.2853113584644
14/05/2024 19:20,6894,London,Unknown,60.0,83,6.078653461004793,2,1341,Rain,982.5077423247232
15/09/2024 03:13,6612,London,Unknown,38.27137709131834,57,8.029764357769967,37,505,Snow,1009.5505781777284
17/10/2024 18:59,5759,London,Unknown,4.0027996608544605,46,4.123825482795216,10,6897,Snow,1006.6481912093552
11/10/2024 08:18,7628,London,Unknown,4.442375036230361,85,1.9768551809186092,21,4590,Snow,1018.2847728244444
03/12/2024 23:41,6833,London,Spring,8.699550595220328,54,13.797704246845168,41,8982,Fog,994.724505632274
15/04/2024 16:34,8429,London,Winter,24.406326250330288,20,4.448501934278629,21,5301,Snow,994.182335259508
01/07/2024 08:04,5829,London,Unknown,-0.0553443883000568,61,3.979789772490671,14,1148,Fog,997.447442170826
29/07/2024 06:28,6332,London,Unknown,0.2467467826009688,65,8.685511675024816,55,50000,Rain,998.2480543246394
28/06/2024 14:17,8818,London,Autumn,27.558680959098098,85,5.458727833999715,26,2395,Rain,1004.9845659523388
30/10/2024 22:34,5630,London,Autumn,17.084308305438217,73,1.3700536465938633,43,1588,Snow,1006.8503895063888
30/03/2024 09:25,8510,London,Summer,36.14666285203376,84,0.2521259537371829,56,2621,Storm,1002.3593634710168
04/09/2024 00:56,8620,London,Autumn,14.481870338896474,45,5.527409623167413,25,436,Clear,1018.3018417116108
01/02/2024 09:03,6275,London,Summer,10.715081021825018,28,3.003742716358474,8,2285,Rain,1009.0445929346442
26/02/2024 23:15,6353,London,Spring,1.8636437083881208,78,3.771108410933879,5,3305,Rain,996.7833009093802
05/08/2024 04:41,8192,London,Unknown,21.79176049095153,83,7.936602379075314,34,3236,Snow,1005.4670756536818
02/03/2024 02:06,8606,London,Unknown,10.91958376434821,78,4.793986689423582,48,8464,Storm,1018.0088932151856
04/05/2024 21:41,6321,London,Unknown,17.3387364687061,41,8.31369265218192,23,9884,Snow,990.4874417875744
01/09/2024 01:28,6062,London,Spring,23.61519038934078,49,5.675780130356121,38,9415,Snow,987.2395051076252
18/10/2024 02:35,8245,London,Summer,15.424618006600385,87,11.408875311204175,11,5138,Storm,998.690151951373
02/03/2024 02:25,6075,London,Summer,18.532040908570508,28,8.178200264314603,40,1804,Clear,1005.1166892739868
25/09/2024 14:09,8950,London,Winter,-8.940058897692008,33,16.17854268183951,47,5627,Clear,1001.513805945644
24/12/2024 16:11,7476,London,Spring,36.81057069129108,88,4.681135514052111,3,9075,Snow,1008.4397814106464
15/11/2024 08:11,8601,London,Unknown,7.78791560950976,87,8.687307241902754,35,1266,Rain,992.8780126612768
31/10/2024 03:44,5648,London,Unknown,29.624450592986403,87,2.263969796176509,6,3149,Clear,1001.1249455687544
07/11/2024 06:49,8724,London,Unknown,16.86992158549772,34,3.536805794000914,0,2206,Clear,995.6566759157836
20/09/2024 11:03,7177,London,Autumn,15.906216843476784,33,4.521233151671659,1,6856,Storm,986.500018595361
15/01/2024 13:41,7444,London,Summer,12.341245841554818,35,2.662257485995093,2,2697,Snow,996.9274362878176
12/01/2024 20:28,5087,London,Winter,15.360502289381866,75,6.906835142709317,6,9488,Rain,997.493677642337
02/11/2024 04:19,7267,London,Autumn,19.035984493990902,90,200.0,56,2218,Storm,1001.2271303931172
28/02/2024 12:23,8849,London,Summer,3.2023915116600072,26,0.5600289838247026,39,3498,Rain,999.8203213097166
20/09/2024 07:57,8574,London,Summer,-30.0,24,0.5067237906420745,23,5940,Snow,997.1911082142448
14/12/2024 04:45,5918,London,Unknown,16.556218850767912,32,5.741514068978404,43,172,Snow,1018.14113232868
10/12/2024 11:27,5479,London,Unknown,19.46265550776207,96,14.896094103593342,8,4618,Rain,1008.2612041339172
15/11/2024 12:16,8585,London,Winter,21.279804709613032,51,2.510586318416385,54,4912,Storm,1010.3461077981018
23/02/2024 10:15,6288,London,Winter,8.065336439331116,50,6.553374991101263,46,9182,Snow,1012.5796814882848
13/02/2024 20:17,6023,London,Unknown,20.45228884515489,96,11.226499000431849,48,3757,Rain,1024.097573913331
29/12/2024 03:33,5466,London,Autumn,25.53113071827752,51,6.151378589224161,58,7380,Clear,1003.2408797099856
28/05/2024 02:51,5041,London,Unknown,40.11886903377515,97,5.743893958702047,28,436,Storm,983.55674921988
02/01/2024 23:42,5076,London,Spring,16.85020819510834,26,3.1763737286099536,30,3433,Rain,1007.2889069852428
14/05/2024 19:32,8311,London,Winter,18.128430739335368,56,100.0,25,3156,Rain,991.3455559134096
14/03/2024 00:21,7888,London,Spring,14.33519100027378,44,1.6531196512326476,44,5800,Storm,997.3091569827797
03/02/2024 07:40,8986,London,Winter,26.956940205379084,40,1.7039128501873004,40,50000,Snow,975.5500276876952
22/06/2024 07:41,5575,London,Unknown,-9.534770908132064,83,17.413384920303024,10,795,Rain,989.6394889493392
31/05/2024 05:04,8000,London,Spring,38.68488698520108,32,1.7081284559109502,16,8662,Rain,1006.3249630120918
15/07/2024 17:48,6626,London,Autumn,28.87062839717545,34,4.837394987935968,24,9920,Fog,993.5363738258797
10/10/2024 01:30,7222,London,Winter,17.594397997386558,75,13.3671027547765,29,9648,Fog,996.036370867864
24/10/2024 14:04,8492,London,Summer,10.067136192501234,76,200.0,36,2429,Rain,1009.6089204030196
03/12/2024 21:07,5067,London,Spring,18.128430739335368,96,2.771020011505904,9,7353,Rain,1011.4987760487209
21/11/2024 21:44,8288,London,Autumn,19.97031108016453,56,10.69295204984012,52,5468,Rain,1011.0190201102884
11/01/2024 17:52,8959,London,Spring,14.642597419184394,85,0.5285605969163738,41,8689,Clear,1008.673320437076
19/02/2024 23:51,6412,London,Spring,-5.804102018425624,99,4.0492574223361615,24,2701,Fog,1005.5782075969144
05/08/2024 10:11,7591,London,Spring,18.34947662567791,72,0.6868899995881801,20,50000,Rain,991.3402719032484
25/09/2024 10:18,6910,London,Spring,29.300018761411984,73,9.65388316709058,51,1814,Storm,993.3545209247336
15/06/2024 05:05,7632,London,Summer,23.483776119744693,38,7.554702372370572,32,6024,Rain,989.516838105085
26/09/2024 12:14,6484,London,Autumn,25.92082720987212,52,0.2597165566593036,49,3388,Clear,986.041146925969
05/11/2024 23:43,6278,London,Winter,14.885891956097607,46,14.270558262347144,5,5196,Fog,1009.9016808835984
12/04/2024 06:45,6234,London,Autumn,21.12427666520393,80,19.27924070725513,38,3001,Clear,988.4798996483908
09/11/2024 12:34,7268,London,Summer,28.94580539528008,25,7.68874270727366,42,8368,Clear,1017.3771444214495
07/02/2024 09:11,7288,London,Winter,12.52977863259542,41,15.948412730702666,44,5313,Rain,1012.6528979709065
18/01/2024 09:32,6212,London,Unknown,33.992043551554104,83,5.332991116978138,45,5605,Snow,990.8947570706938
26/02/2024 11:43,7833,London,Summer,5.587386084012003,89,2.8934949893291293,7,7327,Snow,1011.7870714852874
03/10/2024 19:41,5710,London,Summer,27.73384597870494,51,3.612654961054013,3,6794,Clear,1016.5304451725287
28/04/2024 11:51,6836,London,Unknown,30.024902009157405,32,14.048943336733672,58,3299,Storm,1012.7714927943124
01/10/2024 08:30,5742,London,Autumn,60.0,35,200.0,38,5989,Snow,994.4790196345532
15/11/2024 16:02,5388,London,Summer,32.53824549276303,92,19.23686014811412,51,8044,Snow,1008.3866063479542
09/01/2024 10:06,7122,London,Winter,31.01214044653947,92,7.957914063205097,21,8396,Fog,1015.757558606775
22/05/2024 18:53,5757,London,Autumn,18.128430739335368,82,2.9746901371465007,9,5054,Clear,1007.8079157381894
03/09/2024 23:42,5823,London,Spring,3.769926243314295,59,3.080078370445272,38,4689,Rain,1002.6544790898716
16/02/2024 10:02,6872,London,Summer,26.2368512170182,67,11.793037700199749,58,9066,Storm,1004.8361032712156
28/06/2024 10:55,5103,London,Spring,18.128430739335368,76,0.858365229430607,55,5247,Rain,1006.6089910319944
31/08/2024 09:11,8752,London,Winter,34.65326481633328,97,1.5594656974777727,26,6991,Clear,987.3928782015092
06/12/2024 08:39,7361,London,Summer,41.39797077089119,49,0.672557559075071,56,6678,Fog,1000.0517847760228
07/02/2024 18:44,8850,London,Winter,23.27380462314145,30,5.335986141643629,21,6270,Rain,1001.8904238556552
31/03/2024 08:39,7938,London,Spring,13.2085603084745,97,5.571002513606408,57,3502,Rain,1008.2844618902438
03/07/2024 07:03,6800,London,Summer,12.903528951622274,71,1.5412681075835677,29,9506,Snow,998.1354961656216
09/04/2024 19:46,5834,London,Unknown,12.014303661006348,20,8.030581138976565,6,9721,Storm,1004.831300014509
04/03/2024 23:04,8294,London,Unknown,60.0,92,10.215898403871368,46,4855,Storm,1005.5362682061684
19/03/2024 05:32,6085,London,Autumn,19.300738375565903,35,14.18936976798626,14,6671,Rain,988.2154942507966
03/09/2024 16:54,8414,London,Winter,60.0,75,10.71011703320482,50,4806,Rain,1006.0472147668384
18/11/2024 10:20,6249,London,Unknown,7.129612446492708,23,10.201985708976776,46,1677,Clear,987.2088371438764
16/06/2024 10:33,6172,London,Autumn,0.7834978466559868,69,1.451243941110973,49,9874,Fog,999.0943577632804
12/11/2024 10:02,6688,London,Summer,30.512691143295857,76,6.9198851502412335,15,9398,Storm,1008.774771158444
19/06/2024 12:08,6397,London,Summer,27.3544922838303,28,15.950764885253522,26,4935,Rain,996.429372845922
14/11/2024 13:01,8557,London,Spring,20.714073214791497,51,0.7915607745690529,28,4829,Rain,1002.6433989178146
27/07/2024 19:47,7557,London,Spring,14.42055654413394,29,100.0,48,5047,Fog,989.1495514549084
21/09/2024 03:30,5887,London,Autumn,5.21725104959355,25,2.737830507997049,58,6227,Snow,987.7092206910506
04/04/2024 23:39,7790,London,Autumn,22.116708307742226,60,1.7761212231060055,59,4113,Fog,1012.004770216553
17/04/2024 06:49,6309,London,Spring,19.439402179894337,77,0.937048165283934,29,5558,Rain,998.0429551106052
27/05/2024 02:13,6155,London,Summer,16.555098919398755,46,4.627402922348789,20,8536,Snow,989.055051768416
12/08/2024 16:05,7390,London,Unknown,30.189687972947997,44,17.49188820970985,34,2119,Rain,1001.9529890125398
14/10/2024 17:52,5776,London,Summer,4.568421459858886,57,4.037579695991488,39,367,Snow,1009.507420049292
30/05/2024 03:26,6620,London,Winter,15.898498989502398,84,0.117169087156002,7,50000,Rain,1016.8391295910928
03/02/2024 03:34,8560,London,Spring,31.546892036150545,53,150.0,52,1142,Clear,985.03165286528
02/11/2024 05:09,8168,London,Spring,25.8511961365196,83,15.523221405622976,22,6941,Storm,980.3208300867266
28/07/2024 12:40,6290,London,Summer,15.888494031810872,34,11.93423009437451,0,1732,Fog,985.604787214463
26/06/2024 03:07,5761,London,Winter,26.41647741716753,23,3.20309769344048,59,519,Rain,993.3047117050588
18/01/2024 11:07,6224,London,Winter,-8.301031735154691,57,5.080663831725693,17,9271,Snow,998.9615489066188
29/06/2024 10:39,6266,London,Winter,8.116320996959198,59,12.996458002553776,26,1034,Fog,1006.5240855738434
28/11/2024 12:19,7794,London,Unknown,30.62812902425372,62,10.528425904276329,19,6485,Storm,996.853456916043
04/09/2024 10:52,8340,London,Summer,4.919692201736417,29,1.729800826428174,51,6304,Clear,998.3977644121228
26/09/2024 13:02,5334,London,Unknown,18.08352798748794,43,13.238639019580637,53,9918,Storm,990.901334906448
07/02/2024 05:12,7737,London,Autumn,23.839940525128124,63,0.3060109798166763,48,2453,Snow,1009.6781959147194
14/08/2024 00:15,8273,London,Winter,17.19579652242069,49,2.555473902431755,22,1287,Rain,995.7650483568336
16/12/2024 11:24,5611,London,Spring,16.657257869634634,67,4.258441738338215,18,3361,Fog,1003.8114016925012
02/02/2024 12:45,8732,London,Summer,24.687614677108627,81,8.261695848044555,26,9169,Snow,985.661477470644
09/04/2024 13:44,5567,London,Summer,-30.0,58,5.397936287487546,1,9638,Snow,1001.4224977098244
17/12/2024 07:04,6023,London,Winter,21.21625120515516,37,15.025737730877704,20,2887,Rain,1011.1402044120412
19/03/2024 20:27,6486,London,Summer,18.128430739335368,22,10.56649201912462,48,6637,Snow,993.7390181481356
19/07/2024 04:25,5464,London,Unknown,1.5870741594523317,83,11.936965239939756,11,2163,Rain,1008.9558239591328
25/12/2024 00:06,8418,London,Summer,37.25055958177337,27,9.307076823173436,47,9345,Snow,1003.8246615983348
18/11/2024 06:07,5778,London,Unknown,15.611404074401673,50,16.086540354841055,29,7247,Fog,999.985619299715
17/07/2024 21:41,6077,London,Summer,22.435963367297525,37,9.101486558630317,55,8068,Fog,1013.3880534383048
08/06/2024 17:07,5817,London,Unknown,60.0,28,11.692404859093598,27,1958,Rain,1007.5467838789368
21/06/2024 18:53,6981,London,Autumn,32.05943748963318,70,10.969402777914606,1,4742,Storm,1009.9463471703878
15/12/2024 14:56,8476,London,Unknown,19.19407191390667,46,6.808752024640263,9,2301,Storm,1009.025703905782
04/07/2024 20:43,5319,London,Unknown,12.085708672862603,54,8.394536631354391,1,4439,Rain,998.0129088185246
10/06/2024 21:30,8345,London,Unknown,37.12907083101803,36,14.565847559058502,50,1091,Storm,1003.3836632133192
04/03/2024 00:01,5509,London,Unknown,17.650708822532533,65,9.068703027252848,5,2680,Storm,999.2587980106576
27/05/2024 11:01,7276,London,Spring,-30.0,32,5.698529015433385,24,1703,Clear,991.6988343996492
21/05/2024 10:18,7371,London,Summer,19.008594978025503,49,9.506691669080771,10,1279,Clear,994.22841233642
02/08/2024 21:18,6295,London,Unknown,40.215221685513626,60,21.60275532608033,4,1897,Rain,1009.5968955791054
22/08/2024 06:52,7254,London,Winter,11.96719269471847,45,4.611832428070679,3,5202,Clear,983.8141061720836
21/02/2024 19:27,8395,London,Summer,-7.293801162828807,76,1.4264665599229316,40,3638,Rain,1008.8825526877772
11/10/2024 15:50,5692,London,Spring,41.2805391051248,62,8.287235661515483,13,587,Clear,991.932318689212
01/11/2024 21:41,7048,London,Winter,23.908673475159567,82,4.922078712514047,27,50000,Rain,1011.7588709063854
07/05/2024 15:56,8449,London,Winter,20.26861150072786,71,1.4968208343355904,13,1665,Storm,994.0744721065856
21/03/2024 16:32,8584,London,Winter,-0.9102236879186024,69,2.022048841322458,39,1224,Fog,1005.503559934372
25/09/2024 09:01,6230,London,Winter,19.850754627991037,35,13.989347512674431,0,7200,Rain,981.7350001853388
09/07/2024 03:56,8884,London,Winter,29.672449845496345,88,4.958643328106055,26,740,Rain,1005.9354177626848
25/12/2024 14:59,7853,London,Unknown,27.23150959009482,42,3.849709840993072,3,4289,Snow,984.1491084375218
01/02/2024 17:29,6812,London,Summer,25.53354813457576,97,1.7054939265236078,52,740,Clear,1015.4676929491789
23/02/2024 03:23,7206,London,Unknown,28.30567316710228,44,12.744893320594471,42,1898,Storm,1011.5910271149546
05/11/2024 23:53,7007,London,Unknown,20.820222770178045,47,4.615846235466648,22,2475,Rain,993.9517335633326
09/02/2024 14:07,6115,London,Spring,7.2168686518054415,23,1.8552371233401803,42,8531,Rain,1008.5650940548207
27/10/2024 22:58,7071,London,Summer,13.197177731721156,85,4.085240642494021,57,2785,Storm,1016.124330878194
30/01/2024 23:42,8913,London,Summer,9.761294870715084,24,8.283174756891992,29,3398,Rain,1011.5410336529958
22/05/2024 17:20,5048,London,Spring,25.985193396088427,54,14.565482977957007,38,2761,Snow,1002.6672617587336
06/10/2024 10:55,6693,London,Unknown,19.55908527504269,55,6.2679147342432255,19,1341,Snow,992.7507513305392
19/10/2024 23:21,5897,London,Winter,28.066100295226228,80,9.6473963383088,37,9341,Rain,1009.4063310141112
14/06/2024 10:37,5291,London,Unknown,3.322267763638933,69,7.10044092950819,6,9608,Rain,1006.8093699558624
22/11/2024 16:05,8697,London,Spring,14.63094165650408,93,1.7645760354934743,15,3987,Fog,988.7787353177348
14/05/2024 03:38,8425,London,Winter,15.677913307482712,47,3.3269254705588214,52,9323,Rain,1005.955550914745
26/06/2024 02:41,6207,London,Winter,1.0600735046581242,63,5.1533197955418535,10,3307,Storm,1000.5706261881144
22/12/2024 19:54,8068,London,Spring,21.811149066223827,21,15.477607258575452,56,50000,Storm,984.6171411622444
16/07/2024 22:52,5903,London,Winter,10.44730474582534,21,12.370589980753632,20,8939,Snow,982.4490546522364
11/06/2024 16:55,8415,London,Unknown,10.486080523770848,39,11.304896108974544,19,5462,Storm,997.8325137724352
05/06/2024 21:34,7405,London,Winter,28.35713848864303,72,9.130076860017606,44,3333,Fog,1000.9072733954532
10/12/2024 04:02,5832,London,Unknown,23.900905997170145,79,7.307255034629705,11,1989,Rain,997.2932995974734
18/11/2024 08:01,8674,London,Spring,60.0,50,0.5822407593414987,37,1742,Snow,1005.2087534616198
30/05/2024 18:56,8938,London,Autumn,12.56541497537277,23,13.285608430999492,54,598,Fog,1004.34925988695
30/05/2024 05:13,6115,London,Summer,29.796298745949933,28,0.1574973115262281,11,7427,Snow,1003.3503055181652
23/04/2024 10:41,8528,London,Unknown,25.46249534152598,22,2.1051039530156404,6,2881,Fog,993.2991419192244
27/12/2024 00:27,6650,London,Unknown,5.525615830486537,90,7.175476093134166,15,8549,Storm,1013.1256598968698
12/07/2024 04:19,6526,London,Autumn,18.128430739335368,73,5.35668033936126,23,7381,Snow,1011.2816914913126
23/12/2024 11:51,5844,London,Spring,29.39372051902106,57,2.8851336181162432,8,8900,Storm,1011.4620244798446
31/07/2024 20:04,5259,London,Winter,17.838109048455202,48,3.145890391568265,19,9324,Rain,995.6224605550924
10/10/2024 17:14,6080,London,Summer,27.688991276963225,32,10.443875455408817,39,5000,Rain,991.501496118331
31/03/2024 19:17,6443,London,Winter,14.643854830693115,74,7.27014060724931,57,6455,Rain,1003.87824311778
22/03/2024 05:45,8783,London,Spring,29.330228267637818,26,15.006796259117085,47,568,Fog,1005.81947879874
01/04/2024 06:08,7450,London,Winter,32.527623446169216,58,4.169618957701217,16,3269,Snow,1008.1423520736504
16/09/2024 18:03,8970,London,Winter,35.14420446228559,79,29.836035976229407,49,9594,Fog,1008.8279870771726
29/03/2024 22:57,6277,London,Summer,2.918501648915573,69,3.574064408609947,19,5672,Clear,1007.2804792823532
17/06/2024 22:17,8131,London,Spring,8.976416609442767,65,8.725675756185813,58,4689,Clear,988.4902914892524
26/06/2024 10:32,6615,London,Autumn,13.42745479474248,68,0.1102702306965213,5,5890,Clear,997.5671058488356
29/11/2024 16:16,8274,London,Autumn,15.988718311027723,33,2.4625701092572,20,4072,Clear,991.242425249322
09/10/2024 19:49,5973,London,Autumn,18.128430739335368,60,8.359843545113252,4,4114,Rain,1010.9691914495094
27/06/2024 23:14,7301,London,Autumn,-2.8663128126080686,51,6.763413259533793,58,7878,Rain,988.1103913882308
12/06/2024 04:24,8933,London,Spring,18.128430739335368,89,13.289134083121732,33,7865,Rain,1005.1644198234534
05/01/2024 22:07,7099,London,Spring,12.94678003831338,38,18.62823743181231,58,5184,Fog,1013.3922342516084
06/04/2024 01:57,7276,London,Summer,25.55141589110881,97,0.4608029915927396,34,2414,Rain,1001.2659627604615
05/08/2024 00:27,8684,London,Unknown,16.84325150163445,31,9.87846043233342,45,5320,Snow,1007.6854572803412
27/02/2024 14:41,6509,London,Winter,31.054017460568417,25,4.222311526567069,36,2542,Rain,993.5676665891104
23/11/2024 11:06,8763,London,Summer,20.790690859273145,81,14.49769437435217,4,8403,Rain,994.7818754748516
08/01/2024 07:09,8910,London,Autumn,7.356703805505246,64,14.281995427288194,14,5506,Snow,1004.642514223735
08/07/2024 13:24,7407,London,Summer,27.02082542813961,68,9.557298981292076,15,50000,Fog,998.0680331878488
12/11/2024 04:16,8348,London,Summer,8.060614781939899,30,0.6279297093639586,24,8667,Rain,993.7801372460312
01/02/2024 05:55,7909,London,Unknown,8.761574480114508,40,1.958219770874896,8,1879,Snow,979.8691014428624
12/10/2024 03:29,6563,London,Summer,26.91210449260341,78,8.37807207268832,44,4484,Snow,1000.0385034532844
25/06/2024 22:58,7412,London,Unknown,26.401998312600742,81,2.4108354212345624,6,7661,Clear,992.1362809064066
08/01/2024 11:24,8062,London,Autumn,27.24476688657667,99,19.65477626658506,44,773,Clear,1003.0571176290458
13/07/2024 06:52,6820,London,Spring,35.176696188336564,65,1.7404415097613866,34,5576,Rain,1001.3945649741496
13/10/2024 12:35,7584,London,Spring,18.85505448638133,38,12.41121800723149,12,5605,Fog,996.842129633108
01/05/2024 04:11,7583,London,Spring,18.128430739335368,23,0.1126154164256343,9,523,Snow,988.372631890179
07/12/2024 11:49,5887,London,Unknown,26.702281358116903,22,14.801475772962354,19,8704,Rain,1020.111414794458
09/11/2024 10:08,7621,London,Winter,21.3418483789561,99,0.2447932566815289,7,1310,Clear,994.5938998424788
05/12/2024 09:23,8018,London,Unknown,19.24523915966668,32,6.134703014232399,46,7303,Storm,1005.6027459429008
09/11/2024 05:58,5550,London,Unknown,11.119094194264786,57,3.4280450386135275,21,1961,Rain,991.091679644128
30/04/2024 20:56,5519,London,Summer,9.575570839968098,66,5.221083405417199,57,6835,Rain,1004.7719852865048
03/11/2024 03:03,8275,London,Unknown,16.67260666508176,29,14.296067216622946,30,9852,Storm,1017.53406884708
27/02/2024 16:28,5565,London,Autumn,14.805239300297783,71,9.243385503610646,44,6771,Snow,1026.9368162639698
15/03/2024 18:50,7993,London,Spring,8.16154941345853,79,100.0,21,3787,Fog,1008.1669138546667
06/05/2024 13:41,5020,London,Autumn,15.468351646194316,43,4.391101818685338,57,5763,Fog,993.3959326346304
18/02/2024 02:59,6915,London,Summer,30.27175102402096,42,6.372728256792106,24,5789,Clear,988.1501201262948
27/07/2024 20:02,5178,London,Winter,20.272975498586064,60,2.9557502952636385,26,50000,Snow,986.7193154341364
29/06/2024 05:57,6190,London,Unknown,19.047520657386013,38,8.36333564208794,1,2552,Clear,998.5575062157228
18/01/2024 09:00,8004,London,Unknown,12.12827829673656,92,100.0,6,9472,Storm,1005.651101555842
06/11/2024 16:28,7220,London,Unknown,10.91094156820355,38,14.185897184763991,27,4505,Storm,1011.3152416396482
15/01/2024 01:01,7861,London,Winter,33.467039922367526,49,3.5297392447025846,39,292,Storm,1009.6723179248412
17/09/2024 02:59,7227,London,Spring,18.128430739335368,40,4.967699658419137,10,7271,Storm,1010.7175677044409
18/12/2024 03:08,5119,London,Summer,33.69472189760451,33,0.7473514843407179,37,7099,Fog,1005.8817227613204
23/10/2024 18:16,6634,London,Autumn,33.78642257545883,44,5.240140345401878,1,2037,Rain,1010.3058548414244
22/04/2024 04:14,5739,London,Winter,23.967994847864023,49,5.434051038919384,29,1659,Rain,1007.0173311275818
08/02/2024 21:38,8015,London,Summer,15.34805264456924,22,17.028631777468966,56,458,Fog,1010.2593066689234
18/10/2024 12:26,6708,London,Autumn,20.37838049938113,64,2.9645412118839047,25,2475,Rain,989.7333636895636
10/12/2024 22:46,5023,London,Autumn,17.425153790989324,30,8.48540856636224,34,9816,Fog,1000.6829032415766
08/06/2024 22:41,8508,London,Winter,10.548675481021403,25,7.311675334444564,19,131,Rain,1000.7295710189304
18/07/2024 04:35,8516,London,Autumn,17.52876940491087,86,18.531677594449285,55,6255,Snow,1012.4806706522336
07/01/2024 10:55,5458,London,Winter,22.05272368023408,89,1.151218579969215,22,4631,Clear,1008.589362857848
01/07/2024 03:29,8367,London,Unknown,25.37547110024149,74,12.509434580964689,45,9366,Rain,1003.836297813857
09/10/2024 07:44,5109,London,Unknown,13.57235745764284,52,12.870477897127117,26,4802,Clear,1008.1366285682416
25/12/2024 07:56,8320,London,Autumn,22.72031871388509,70,0.1790302293913335,5,1149,Clear,1004.059788109848
02/02/2024 08:06,5607,London,Unknown,23.88993625216992,74,3.4823921562100626,43,9836,Rain,999.2911249563226
25/08/2024 05:46,5903,London,Winter,14.109852474046562,39,7.70930635579789,46,7804,Storm,999.339556532804
15/07/2024 19:26,5247,London,Summer,29.879923355731133,22,9.7725848232169,25,7542,Snow,1003.8828666156618
07/11/2024 17:15,6631,London,Summer,14.319218864875156,44,100.0,29,2741,Rain,995.8973792369868
16/08/2024 01:42,5138,London,Spring,26.00295817487264,21,9.485677144844615,35,1864,Snow,1002.4704979980633
21/01/2024 06:23,7803,London,Summer,27.57166437652888,88,1.292355283851495,22,3283,Snow,1006.5905129303112
07/07/2024 01:19,8281,London,Autumn,19.566658272855108,94,12.393686272082274,51,6596,Clear,979.1874276790602
06/10/2024 18:55,7404,London,Spring,32.24200208509329,28,4.6202187645095885,30,2947,Fog,974.7498061522658
29/12/2024 15:24,7817,London,Spring,33.9962341458789,91,7.420286574679283,42,50000,Snow,999.976160898648
15/01/2024 17:31,7496,London,Spring,32.41663744439529,55,6.610842517899783,45,2306,Fog,999.2912887075043
26/04/2024 19:55,6062,London,Spring,-30.0,43,2.4303502837904767,59,50000,Rain,1010.4313270453318
30/05/2024 19:47,5873,London,Unknown,31.78703276082007,71,12.316768448411285,47,4243,Clear,1024.999497736434
26/03/2024 04:22,8511,London,Spring,18.128430739335368,64,23.95943232195684,46,472,Fog,1004.267553426682
27/03/2024 14:48,6517,London,Unknown,18.128430739335368,24,9.129262258940692,11,3934,Rain,1000.9589757559096
17/04/2024 15:17,8207,London,Spring,10.614768349888934,37,200.0,13,4235,Snow,1012.2766310917498
05/02/2024 06:12,6119,London,Unknown,30.118004323086403,92,3.0865417025487583,16,4380,Storm,1013.8269195234176
07/06/2024 12:10,7898,London,Autumn,25.309681128514413,38,4.97921323304499,43,5050,Rain,1007.3601769769632
22/10/2024 13:14,6390,London,Winter,18.128430739335368,89,4.53690678842271,10,1550,Rain,1001.8936621775168
20/12/2024 09:07,7496,London,Summer,28.002596134745723,88,14.107888598413927,1,2435,Rain,985.9868265019128
11/05/2024 22:21,6252,London,Autumn,28.89314908877165,58,5.23671762311101,24,1736,Storm,990.5113618847782
02/12/2024 22:24,6193,London,Summer,18.128430739335368,66,18.70693147777085,9,4787,Snow,998.7891943456432
08/05/2024 08:32,7637,London,Autumn,31.868393465512103,78,4.692444580517815,32,865,Rain,985.6069649329712
23/02/2024 13:52,6944,London,Unknown,15.158473992857726,87,2.3339508912871376,39,8805,Snow,985.8805387636156
01/03/2024 11:02,7502,London,Autumn,28.535816158925364,23,0.1701835331941845,41,8451,Clear,978.7881624630816
04/05/2024 14:38,5508,London,Winter,18.128430739335368,34,11.396291093029578,37,218,Snow,1010.5745705968772
05/02/2024 10:43,5107,London,Autumn,36.65222852991904,64,1.6824366579697632,26,947,Fog,1001.23305333168
31/10/2024 05:29,8757,London,Winter,12.620472964451023,78,17.378384991954146,3,4019,Rain,1007.7736324456504
03/02/2024 16:02,5348,London,Autumn,26.34387774979376,79,7.105235652688273,23,1108,Clear,994.1462019425582
03/04/2024 22:04,5799,London,Spring,36.44705949990352,42,18.20678963651865,15,7549,Clear,1000.1211561285004
12/06/2024 03:33,6728,London,Autumn,14.87846939095116,63,0.9738871994848752,7,3030,Fog,992.8430823622788
20/01/2024 06:15,8850,London,Winter,20.69763489693804,77,13.57957530409071,54,4827,Clear,991.0064873101315
30/06/2024 22:38,7808,London,Unknown,19.071828305556004,32,1.092006256465314,32,6042,Fog,987.6327273091796
10/07/2024 10:02,6477,London,Autumn,9.117436878811796,46,5.387102455441481,22,4745,Clear,1006.4175538784853
22/04/2024 03:04,6025,London,Spring,14.319933632188846,81,7.8088492601759825,7,5237,Snow,988.7925848918188
01/06/2024 10:08,5457,London,Autumn,27.15262447891173,93,11.846431446670756,11,8823,Snow,999.72419383996
01/06/2024 01:42,5674,London,Spring,18.31066641983123,67,0.2869942298458978,12,8445,Storm,994.4008775225273
08/10/2024 00:00,8557,London,Spring,13.57238497927988,83,3.406831666553698,40,3605,Rain,994.038308721988
03/07/2024 02:24,5428,London,Winter,19.637250903074023,95,9.546550462645962,55,1001,Rain,1010.953698243946
16/08/2024 03:17,8709,London,Spring,18.190405622529788,80,1.8622049419252864,16,7620,Rain,993.7130188841976
14/01/2024 04:20,8218,London,Winter,6.217903169218703,31,16.13213051078484,24,6258,Clear,994.8587286552406
15/07/2024 14:20,6782,London,Unknown,18.128430739335368,74,6.710210519121703,44,5569,Clear,998.760009966481
21/12/2024 10:53,8853,London,Unknown,5.459001069634972,82,6.634921075151043,59,2953,Fog,1034.638860576195
17/09/2024 03:49,7736,London,Unknown,60.0,89,2.50899738263485,27,299,Clear,1007.3544470247894
14/08/2024 01:10,6828,London,Winter,23.93505825687761,30,4.556798089798424,26,5825,Fog,1014.8570135880497
12/03/2024 09:32,7103,London,Spring,16.102917305019226,59,5.430370098263107,53,50000,Snow,993.0590459585612
02/05/2024 07:09,7868,London,Summer,-1.7194304108140237,68,5.670412719338746,48,6096,Rain,1002.625160713733
25/06/2024 20:11,6130,London,Spring,8.24485710553865,52,19.173699198685377,56,5274,Fog,993.3702279422472
23/08/2024 18:02,6106,London,Spring,17.78957596434136,77,16.741579612191128,38,7727,Clear,996.037167672116
02/08/2024 19:44,6496,London,Winter,20.32066983049779,47,7.590183650339762,16,5494,Rain,995.2693004222828
06/10/2024 10:39,6639,London,Unknown,10.308519137324936,31,150.0,58,812,Storm,994.097647581643
14/07/2024 11:36,5222,London,Autumn,11.873915114696796,37,5.513921425351758,14,651,Fog,996.7399581216227
10/03/2024 05:41,5499,London,Spring,60.0,80,5.626204195096404,22,654,Clear,987.2508142991284
06/06/2024 18:55,6413,London,Winter,14.608790051973314,95,11.307462820913305,53,50000,Snow,1019.7425200111684
30/03/2024 12:36,7737,London,Summer,16.305397648846917,45,10.39332118720376,15,2472,Rain,995.7894060642508
19/02/2024 01:59,5648,London,Autumn,18.844396622462693,83,6.227351371505381,47,4753,Storm,988.9705702279132
24/10/2024 06:44,6792,London,Winter,18.656092526688223,45,1.1804761475285457,30,9411,Rain,993.6484020051596
22/12/2024 23:20,5347,London,Spring,18.128430739335368,94,7.577945041199371,58,5915,Storm,993.2126399967906
15/03/2024 18:15,7692,London,Spring,14.140801024191308,83,5.496256273799732,13,9345,Snow,1004.5958591579904
09/02/2024 11:05,5775,London,Spring,20.595439903053816,97,7.861705487987814,48,9987,Fog,1005.1143650953248
24/11/2024 13:35,5929,London,Summer,15.531127134640125,74,6.010356759065178,38,4755,Fog,992.4725036106032
27/10/2024 02:52,8874,London,Autumn,18.51548031722275,79,3.740162439941533,17,8878,Rain,997.2851274794564
24/02/2024 06:27,7814,London,Spring,17.674640478337295,35,9.704597497622892,18,436,Rain,995.8516237434178
06/02/2024 12:24,7937,London,Spring,6.954182686135919,42,150.0,24,5180,Rain,999.9225289244145
22/03/2024 01:36,6644,London,Autumn,20.34052394865864,53,24.690983648362632,53,2044,Storm,1016.0600189494202
03/02/2024 21:40,5116,London,Unknown,8.71990431994765,25,5.392572654883667,4,9446,Snow,988.810989246066
15/11/2024 22:23,6864,London,Spring,18.128430739335368,82,15.042428861822208,48,950,Rain,1001.8246229836684
20/03/2024 16:22,7742,London,Unknown,20.83231899392433,85,2.8943484739884653,30,4692,Snow,1005.7956640588772
23/08/2024 07:37,7415,London,Spring,20.17990219171338,25,2.360136454409416,24,8925,Fog,988.7345729332308
31/03/2024 17:44,6676,London,Winter,20.286722059760763,50,0.4356849226170602,47,50000,Snow,990.146726917058
05/11/2024 19:03,7346,London,Summer,35.672523147218854,30,7.885941062719899,53,622,Rain,1000.2838623501503
05/05/2024 07:19,8190,London,Spring,14.542525468936065,62,12.95187213245836,11,3429,Fog,1002.4096546072244
03/01/2024 06:36,7442,London,Autumn,22.05862448940254,50,1.837926415065799,43,4530,Rain,1006.3100295471984
26/05/2024 15:29,5531,London,Autumn,1.2558068563207172,72,3.868710097536536,39,1818,Clear,1010.5021367283756
25/03/2024 17:10,5434,London,Unknown,18.128430739335368,60,14.54816904751485,6,8175,Clear,992.2805522086496
28/12/2024 04:15,8719,London,Unknown,24.73943443408829,54,0.2765199077309406,12,8604,Rain,1006.983153323518
05/02/2024 00:49,8438,London,Autumn,31.115819848837496,35,7.154009730190927,0,5262,Fog,989.4640661185992
21/08/2024 12:48,6383,London,Unknown,33.86926337817888,69,8.659448046231176,27,6318,Snow,1002.9592738299814
14/09/2024 20:18,6660,London,Summer,18.61288945168783,33,10.631530667988342,45,6590,Clear,994.1657312609822
24/07/2024 22:42,8527,London,Unknown,-1.8108517809221567,80,13.631351919224857,35,4294,Rain,1001.5402220752372
15/12/2024 19:54,6510,London,Unknown,22.65583387259948,20,8.678764177500465,29,2914,Rain,1001.7951997371676
12/12/2024 23:48,6937,London,Unknown,9.14660786458758,24,6.316748855776121,56,1850,Rain,1007.9721048231168
15/07/2024 17:48,8420,London,Unknown,3.897060530117832,96,2.0918868390534118,19,1816,Snow,993.4254634013304
14/02/2024 15:38,5167,London,Spring,27.69799297153505,59,11.222473993215107,3,3060,Snow,979.4669985751812
25/03/2024 15:09,6589,London,Unknown,35.92160859787834,41,0.080213929677817,31,3878,Storm,995.7787334206236
16/10/2024 08:15,8744,London,Summer,30.48286397397515,86,8.247089750495078,4,6863,Clear,994.693484278488
27/11/2024 10:36,8247,London,Summer,21.927597339556836,76,7.378048729868086,29,8196,Rain,998.397111956498
14/09/2024 09:53,7668,London,Spring,10.011193410730115,77,0.8864526531947803,14,1254,Rain,992.8047064423616
27/04/2024 10:43,6540,London,Winter,23.88357179843472,78,10.72984712672945,3,1965,Storm,999.9486987899776
17/07/2024 12:06,5643,London,Summer,15.606363541248212,31,2.078579504776612,46,3542,Storm,1002.1665067616387
12/01/2024 03:10,8078,London,Spring,22.32094263204759,76,3.237271435483754,55,6915,Rain,989.6391238935332
29/02/2024 21:11,6666,London,Winter,18.08425566739388,42,2.455704286066699,32,308,Rain,1009.2250085796852
21/02/2024 22:45,6513,London,Unknown,18.45428037697007,88,6.699885595846622,26,6351,Snow,1003.7596303047536
07/03/2024 01:25,5612,London,Spring,1.2554617379494566,22,1.0689173878523297,46,1236,Rain,1008.7765019244628
25/12/2024 04:01,5565,London,Unknown,18.128430739335368,20,19.067291204324345,3,2156,Rain,997.8175044082424
01/04/2024 20:32,7747,London,Spring,22.319948132328264,25,14.126585890616138,29,6716,Snow,1005.38790022852
04/07/2024 00:14,6075,London,Unknown,45.94884075062264,82,6.335214822946947,5,9249,Rain,999.9483164576924
18/05/2024 04:17,6390,London,Autumn,60.0,61,2.757321859120664,19,1449,Rain,994.435819150974
23/11/2024 03:44,8352,London,Summer,7.430464072665213,33,150.0,46,1245,Snow,997.186313826206
01/09/2024 11:41,7042,London,Spring,28.843211825110792,83,2.430487030724368,14,3581,Snow,997.4441074071816
22/05/2024 09:04,6857,London,Spring,11.025515209708916,72,11.343400974583307,49,4839,Snow,995.5356198198727
18/04/2024 09:15,7406,London,Winter,31.685763093665663,57,1.0136178172961423,12,4321,Clear,991.8801441091246
20/08/2024 15:56,7396,London,Spring,20.118733678357717,84,9.981485619536953,32,3220,Clear,1021.3697339665276
30/11/2024 13:38,5193,London,Autumn,19.21261716644722,80,6.589398224544643,58,50000,Clear,997.7596089138204
27/11/2024 14:14,7876,London,Winter,15.963326468142034,29,2.829592009941253,28,5662,Rain,997.0488575828872
27/07/2024 09:17,7773,London,Spring,36.76048777052789,40,0.6435004489578171,59,9395,Storm,1000.6019942577544
22/10/2024 19:48,8442,London,Autumn,27.45961814293345,69,4.928479272331098,10,2907,Fog,995.6373060593966
23/06/2024 19:48,5514,London,Winter,10.744289534970845,58,2.074214807410943,32,3620,Snow,993.2117041948294
03/05/2024 15:54,8529,London,Unknown,9.633718557662952,33,2.292068655868725,26,940,Snow,989.55299286996
13/04/2024 06:44,5443,London,Spring,4.143310455183848,37,15.534878264759012,45,664,Snow,1005.4731758168952
03/04/2024 06:28,8402,London,Winter,29.957220550969865,58,150.0,5,1812,Rain,1009.1027120037272
15/03/2024 17:02,5330,London,Summer,7.273981434828237,85,2.8085864880301616,39,8421,Snow,999.4784192937892
03/11/2024 10:36,5946,London,Winter,33.866209037405895,66,0.7131727807355874,21,7301,Rain,1010.0741556448362
13/09/2024 11:05,6635,London,Summer,31.73406028558074,90,0.3077144056916028,19,9059,Rain,998.9943287933723
28/08/2024 10:04,6566,London,Winter,19.26188134097588,97,3.548605034698628,58,3156,Fog,997.2532133598262
27/04/2024 01:48,5454,London,Autumn,-30.0,54,9.277550177876009,1,9521,Fog,995.862580306036
17/11/2024 15:25,6005,London,Unknown,0.4942566314076551,58,24.5225946895367,56,1374,Snow,1008.1234034551622
26/04/2024 00:57,6143,London,Spring,30.57746937225784,51,7.735230154900915,34,7608,Snow,983.6414274784828
10/09/2024 05:48,5742,London,Unknown,36.49874930056143,33,9.5819492780491,14,4385,Storm,999.4430089829316
09/02/2024 09:48,6215,London,Autumn,23.153486189379603,64,2.7373722361519395,14,7392,Rain,1000.7410285053556
18/08/2024 20:38,7901,London,Summer,30.21288913813193,84,3.625626645851592,2,4172,Rain,1002.5660967530268
14/11/2024 19:53,8178,London,Unknown,18.674176898326746,48,2.488533359861026,47,9462,Clear,1009.3816127194924
07/08/2024 00:25,5966,London,Unknown,18.128430739335368,36,2.6160781832819966,29,6757,Fog,1002.5370869985486
01/12/2024 21:05,8905,London,Spring,29.026818432725104,24,5.184487806101466,31,4051,Snow,1000.9431052123643
20/05/2024 12:02,7332,London,Winter,-2.2326790554636347,70,3.1904221397264187,22,6292,Rain,992.7430055978538
17/08/2024 05:15,8495,London,Winter,9.281232081843822,29,7.113093174453704,20,9022,Rain,995.8244781400516
26/05/2024 17:36,7548,London,Autumn,17.699665120569094,94,6.252609372232476,14,6026,Rain,995.2183105602136
20/02/2024 18:45,6146,London,Unknown,26.620251381506147,55,2.2841662831985463,45,1141,Rain,1005.9464962220655
19/02/2024 12:31,6701,London,Unknown,20.00525796328208,65,0.6728017912152424,19,6305,Fog,1005.6004239134586
19/11/2024 16:02,6739,London,Summer,14.750215782614216,65,2.115082860015772,34,353,Snow,994.8661973362948
27/04/2024 14:20,7227,London,Summer,26.222977043571632,76,14.651446405694504,53,4495,Clear,1001.3487883711576
11/11/2024 01:21,6086,London,Autumn,26.549932827587345,55,0.3406803748450215,48,5969,Clear,1007.7353395152722
13/09/2024 01:24,6047,London,Spring,18.128430739335368,42,6.033160301853008,36,9721,Rain,992.5611591874956
27/09/2024 02:54,5698,London,Unknown,21.163697496743755,73,5.611195496572703,30,50000,Rain,998.655356275295
01/03/2024 08:31,8939,London,Autumn,-4.521466775751058,33,3.524852834248982,30,2679,Rain,992.633069325444
30/07/2024 06:47,7578,London,Spring,19.940719388630576,53,150.0,40,8423,Storm,998.1022869455768
16/03/2024 22:17,8132,London,Autumn,14.500005853407131,50,14.87255471345063,16,8889,Snow,999.264951219257
07/03/2024 18:58,7263,London,Unknown,17.698231304793975,79,8.24618009553259,38,9257,Clear,1002.167666187516
28/05/2024 15:48,6074,London,Winter,18.777719530845605,48,0.9427868300652832,17,50000,Fog,995.0684196001328
22/04/2024 03:15,8385,London,Spring,17.159164851940453,30,3.3043292927979837,31,1602,Rain,1000.0171042759252
01/08/2024 09:11,6924,London,Summer,9.574653122433196,63,5.914367103275547,2,4785,Clear,1006.4267963224096
28/08/2024 18:10,7682,London,Winter,3.97435865786176,56,0.8512374301877443,52,8171,Rain,1011.7077043591354
04/03/2024 02:49,8933,London,Unknown,5.176488291053367,54,19.126986136243453,31,4401,Storm,996.4450949729516
17/06/2024 13:25,8371,London,Spring,16.011006349580377,84,2.753212094295991,59,9557,Storm,999.2705039100654
21/06/2024 15:06,8956,London,Winter,30.104922618379646,42,1.6894576546898392,13,6080,Fog,1002.1532006433569
25/06/2024 12:30,5361,London,Summer,19.65961652882944,95,6.849112744165192,40,50000,Rain,1014.8440538968508
21/10/2024 11:10,5898,London,Autumn,25.838046927482356,83,8.243106214454937,2,7038,Rain,991.2617563280814
18/04/2024 00:13,5114,London,Spring,18.483986631172318,91,9.883596993668004,46,294,Fog,1006.9159174445512
21/02/2024 07:36,5100,London,Summer,-3.098857690562632,32,5.392985032569014,24,7706,Snow,993.3711373467092
18/09/2024 22:15,8424,London,Summer,27.430951473702127,28,17.000653724735766,23,2508,Snow,1002.099621818856
04/07/2024 09:10,7333,London,Unknown,25.974226515119494,24,18.82926172902136,40,5522,Rain,1006.325708023362
23/02/2024 09:56,6794,London,Unknown,25.372788825784657,97,2.8332421901886358,3,303,Rain,1006.46491311404
26/09/2024 13:48,7693,London,Spring,23.48860296904932,82,4.917487940332263,45,6457,Fog,999.2480010753748
12/03/2024 12:52,8372,London,Winter,34.06951478134591,37,29.053242135523305,25,7558,Rain,1005.441619102756
20/01/2024 05:34,7931,London,Autumn,13.9376426111193,75,11.418056404834005,38,9692,Snow,986.0152407104506
16/06/2024 03:11,7809,London,Winter,22.774378647842106,73,3.237467781087819,11,7858,Snow,994.0799221778638
17/10/2024 08:47,7162,London,Winter,26.57115506475485,22,8.550886652383628,43,8139,Rain,1005.5687276215606
08/02/2024 06:46,6760,London,Summer,31.445243110711605,21,0.1279844095576416,43,7732,Storm,1000.0954924670943
01/02/2024 08:19,8360,London,Unknown,60.0,93,11.02642245692646,29,1831,Rain,990.7489302984808
04/09/2024 19:36,5231,London,Winter,18.128430739335368,33,6.095401353120413,55,1161,Snow,1006.865994521918
09/09/2024 02:52,7832,London,Summer,26.92428805023503,99,1.2406788039063197,18,50000,Rain,990.91436919648
01/08/2024 23:55,7467,London,Winter,16.87994513947226,45,15.268096855083009,48,3116,Rain,1002.5506428885202
27/11/2024 07:28,5226,London,Unknown,27.59530407944659,49,0.5181853071182747,1,5313,Rain,994.4743103022312
30/04/2024 05:23,5319,London,Autumn,18.248301007696917,88,200.0,19,786,Rain,1006.6971905421972
18/03/2024 14:42,7753,London,Spring,42.25341142569209,59,14.235510174762936,53,50000,Fog,998.1889840278088
30/08/2024 13:42,6010,London,Spring,39.806601936717165,74,9.8996788532049,43,177,Snow,1008.7333513730024
07/02/2024 19:42,8070,London,Autumn,20.235946238257927,33,6.756758991809166,19,718,Rain,992.0252170923304
02/03/2024 11:25,6079,London,Spring,-4.613265857977783,25,7.448866465775999,51,3109,Rain,1011.7400566194698
05/10/2024 01:50,6122,London,Autumn,25.35817818463981,35,6.5842685934620775,52,2078,Clear,983.3614265072564
05/08/2024 19:44,8206,London,Unknown,12.775293621470825,80,14.620057914329704,55,4036,Snow,1003.5917927060332
23/12/2024 09:55,7858,London,Spring,22.851489393560712,84,1.1976793707462725,53,862,Storm,982.0163894541936
03/11/2024 01:26,6209,London,Unknown,34.141488927326975,90,3.3188162779494763,28,3280,Fog,1005.3568087133236
26/07/2024 13:38,8099,London,Unknown,21.645973971098392,32,4.4088881425937565,20,9463,Storm,998.282990754378
08/02/2024 11:19,8859,London,Spring,23.46900144906304,88,2.097392259480171,56,9171,Storm,1008.7036909109931
25/11/2024 03:41,7619,London,Unknown,60.0,82,6.414526914219461,34,2756,Rain,1015.599701366084
04/08/2024 12:12,5764,London,Winter,18.128430739335368,98,1.8947950905490432,59,9280,Clear,999.9629432040844
03/09/2024 00:18,5622,London,Spring,13.949382307526529,53,25.188372164946585,0,3046,Clear,1013.7527928944354
04/12/2024 03:35,5686,London,Spring,25.032972265753003,54,1.8403491068937567,37,9676,Fog,989.798693109993
20/01/2024 01:10,8284,London,Autumn,13.84737268022642,99,10.977108296831863,20,497,Rain,1016.9151539024002
21/09/2024 01:19,7371,London,Winter,9.108613302291442,25,12.672702127867767,21,5202,Rain,993.5432027899504
05/03/2024 10:43,6530,London,Summer,11.827769149583975,41,5.406983186737735,58,1983,Storm,992.52794354659
02/08/2024 01:31,7623,London,Summer,19.881676168113373,25,1.879243675361725,31,8961,Rain,1002.2609556763596
25/05/2024 07:27,8175,London,Spring,25.929727816182663,80,0.3470199911368317,17,4393,Snow,995.0132080431758
14/11/2024 08:01,5423,London,Winter,19.59633551957607,72,13.673557511791016,15,3260,Rain,987.8043704140993
18/09/2024 17:27,5304,London,Autumn,25.240271240908346,39,3.980151907039693,54,1864,Fog,993.6764500565296
21/08/2024 11:32,6017,London,Autumn,18.128430739335368,33,4.506563576223464,30,4408,Fog,1002.9397735254524
31/03/2024 05:47,6253,London,Autumn,14.922263194302955,91,10.753825261984291,56,4537,Storm,1011.9857865887726
23/11/2024 23:53,5743,London,Winter,26.78767113569692,94,1.6926359333464207,0,50000,Storm,999.449269528766
26/10/2024 22:46,7780,London,Autumn,23.5232421322742,93,1.4608010096257935,58,1853,Snow,1013.9214005957864
31/07/2024 14:29,8387,London,Unknown,18.128430739335368,60,3.823028017474521,22,2841,Storm,1007.5444747235266
30/12/2024 03:14,7831,London,Summer,7.98135654228636,43,8.597125144892455,50,2460,Rain,1005.4331823314787
22/11/2024 02:43,5312,London,Spring,16.194949682914412,22,2.3401597275987305,54,5513,Rain,993.490636884872
30/08/2024 06:39,6066,London,Summer,18.128430739335368,63,0.3581638991133706,34,9386,Fog,995.6850736251928
27/01/2024 09:33,7222,London,Unknown,60.0,48,11.935984383989162,2,6765,Snow,1010.2466180106484
09/12/2024 13:16,6567,London,Autumn,29.214384127013545,64,9.546539061480924,32,354,Rain,1003.8015044675578
04/11/2024 04:42,7637,London,Unknown,24.85659539650917,21,7.728507417519072,19,8444,Rain,1022.4460162023238
21/07/2024 18:24,6828,London,Winter,-30.0,86,11.86571560743221,19,50000,Rain,983.7149083202568
07/10/2024 22:53,5422,London,Spring,25.7297941037038,87,10.798962200312015,36,3350,Rain,1005.8279554672716
19/06/2024 21:07,7312,London,Summer,-0.1583438481356616,53,5.754488024178087,17,2984,Fog,1000.3486265589746
20/10/2024 20:10,6517,London,Winter,26.95874840616188,93,1.141582612096991,1,6837,Rain,1018.0743280302984
31/10/2024 13:42,5380,London,Unknown,21.86288141512117,81,5.491085911239105,0,8018,Storm,984.0960043640804
31/07/2024 00:21,6691,London,Summer,14.217132252980164,51,14.405355222554576,51,3774,Snow,1001.642896459043
09/04/2024 11:41,8529,London,Autumn,17.353294193979224,62,100.0,18,8645,Clear,1007.7916029905892
24/05/2024 15:13,7387,London,Winter,13.926783137973498,99,24.31308079102404,23,4581,Storm,1014.2080958656226
09/03/2024 06:35,8055,London,Spring,22.205991275402997,33,7.792917716983494,35,9401,Rain,994.9790790484742
22/11/2024 08:55,8738,London,Summer,21.76989617019449,85,7.331545250075013,45,5046,Rain,993.9932930017596
21/03/2024 17:45,8112,London,Autumn,18.128430739335368,84,2.1859850014757307,7,4848,Rain,994.8430534522544
29/02/2024 07:30,5644,London,Autumn,16.546062109905044,76,7.529948027609368,24,1662,Snow,994.8677134443988
16/11/2024 09:01,8301,London,Summer,6.511295432501928,54,5.066786702304334,38,7182,Rain,998.3567493029992
01/07/2024 23:08,8475,London,Unknown,22.53695346912244,43,5.714650936622007,53,1336,Rain,993.1797554758572
25/07/2024 22:15,7529,London,Spring,20.82422507906098,31,15.206085277103623,5,673,Storm,987.0258867883068
29/01/2024 22:08,7395,London,Spring,18.128430739335368,35,4.1155317808636935,49,4607,Snow,997.2602451439466
01/07/2024 13:03,5055,London,Spring,19.903923759105567,68,9.377926120732578,26,6474,Snow,1011.9760401880524
08/12/2024 13:35,6602,London,Winter,0.6650994041054616,86,5.167269551764834,23,2955,Fog,1011.2422733996716
02/08/2024 22:52,5198,London,Spring,19.95910960228895,81,17.509380123734534,5,5781,Clear,991.7882518835868
15/08/2024 10:23,5837,London,Winter,18.24097384052107,77,5.015892396585279,13,50000,Rain,1011.5677115197784
13/06/2024 00:30,5448,London,Spring,4.053281589885781,95,24.821635485532607,43,1561,Rain,1012.7269261158006
04/05/2024 02:30,7432,London,Unknown,3.9885754389317514,21,2.991154617583981,5,5129,Fog,998.7954384135894
04/12/2024 00:46,6746,London,Spring,10.20540108923258,48,8.429812733436137,10,2698,Rain,1003.4726108904468
17/11/2024 06:51,6052,London,Winter,6.33087228701187,25,3.4875654538570284,36,900,Snow,989.7906206238086
20/12/2024 16:01,8867,London,Unknown,29.110050761333245,98,7.742471396604898,13,8060,Rain,1002.4791890725388
05/11/2024 18:48,8876,London,Unknown,-30.0,62,5.249304093079235,14,50000,Fog,992.1278625869356
22/09/2024 00:18,5432,London,Unknown,14.557500027600105,35,4.646104937382897,51,9770,Rain,996.7644351153128
16/03/2024 22:56,7407,London,Winter,17.28161600244241,81,12.631636186321836,59,4509,Storm,1014.8087529454928
03/06/2024 12:47,6544,London,Summer,22.814095842767983,42,5.113917265962214,45,5714,Storm,1016.1969288266142
27/08/2024 12:55,7215,London,Unknown,13.297279534432644,51,3.9236071034826745,23,3632,Fog,1007.13856321145
11/06/2024 11:29,5123,London,Unknown,24.84228180487628,92,15.99715141915092,21,4230,Storm,1011.7491413553164
25/07/2024 12:34,6921,London,Unknown,26.874415382816743,66,8.241133459795421,20,3657,Snow,1000.4019029551132
29/04/2024 07:53,8283,London,Unknown,-7.117852096372502,95,3.71191312477211,18,3129,Rain,1003.1067432137256
02/02/2024 19:42,8971,London,Unknown,23.801820964952483,23,10.852443277727607,37,2800,Rain,1006.8904892523462
20/01/2024 00:40,6315,London,Winter,13.50912768710982,88,3.6896753500166417,12,6481,Fog,993.407421215996
31/10/2024 18:40,5723,London,Unknown,20.06799503958752,82,14.765896233203552,21,1111,Fog,996.000837975212
16/07/2024 22:00,8111,London,Unknown,26.40271713524941,82,11.269173884740995,27,5416,Clear,996.8385951544284
04/06/2024 19:17,7252,London,Autumn,21.091635462393377,80,2.831481656336805,26,672,Rain,1005.561074582993
16/12/2024 02:54,5098,London,Summer,21.427441275704563,98,200.0,35,3216,Rain,999.6113198793956
24/06/2024 14:55,5986,London,Spring,27.50116518556683,49,6.498916378361174,29,6340,Storm,999.6854746186056
26/12/2024 06:13,5724,London,Unknown,0.0114899214001944,73,100.0,16,2933,Clear,991.8479348414224
19/06/2024 00:07,5191,London,Summer,14.260702852490413,77,6.749489231249818,18,6675,Storm,993.0430192419492
11/07/2024 09:38,6914,London,Summer,19.375890366634763,32,7.557971550184677,30,4298,Storm,1017.3369401023862
25/06/2024 00:17,8375,London,Unknown,15.003901795585753,59,11.021186723601309,7,3592,Fog,994.0107169324884
15/04/2024 15:48,7730,London,Winter,-10.598744233287547,68,3.2943774283795744,1,2934,Clear,991.5606489607076
05/02/2024 10:54,7738,London,Spring,30.05243608946829,35,10.166235872859922,38,642,Rain,982.2487795753524
27/12/2024 06:49,6381,London,Summer,19.693846629067973,39,0.3862665728587133,3,6628,Fog,1008.7625369925734
01/11/2024 21:04,5405,London,Summer,18.004470111714095,93,13.173064367668395,3,3852,Clear,998.4666284636552
10/09/2024 05:00,7735,London,Unknown,6.856999747656538,71,16.334196191537234,3,50000,Snow,1000.2434676520754
22/09/2024 06:55,8815,London,Winter,26.09839797525769,84,15.667447483553948,12,763,Fog,1010.4095999324276
06/02/2024 01:54,6183,London,Autumn,33.00308925387103,58,100.0,8,9174,Fog,1005.9172870452894
24/06/2024 22:51,8506,London,Summer,8.457441825668433,66,4.46804694486975,8,4350,Fog,989.8961259491628
01/11/2024 23:10,6025,London,Spring,19.3545111903838,26,9.285738701098245,54,6514,Fog,992.5553947418772
08/01/2024 06:46,5571,London,Winter,29.88705438657393,26,9.482593641756424,55,2566,Rain,980.9981540262196
26/11/2024 11:47,7650,London,Autumn,24.37763722519301,20,7.289625957864626,21,560,Storm,1003.540051146636
09/12/2024 00:46,6362,London,Winter,13.39899417795984,32,0.6651233138183112,40,4816,Snow,1010.538084469934
07/03/2024 21:46,7787,London,Spring,18.128430739335368,32,1.4757584650780142,21,7955,Rain,1022.2743627991532
04/01/2024 07:02,5619,London,Winter,17.24793564011893,70,2.7368961763985284,52,5192,Fog,1002.1287854429077
01/09/2024 21:40,7122,London,Summer,-2.7333807792526805,80,9.253450253349346,29,7809,Snow,996.9202126562334
23/04/2024 01:29,5321,London,Spring,20.131776286027875,30,2.464380998868467,27,542,Rain,981.0893002739448
02/11/2024 00:51,8056,London,Autumn,27.555224391739134,92,9.255349252388683,44,8105,Snow,1003.8546685920765
01/06/2024 03:21,5075,London,Spring,10.13682639509742,37,17.01440724247496,11,6331,Rain,1011.1997939227456
26/01/2024 18:14,8425,London,Summer,17.141012845262736,38,2.641551640559425,59,3193,Fog,996.6157007153926
05/01/2024 21:06,5339,London,Summer,21.21574012616852,43,3.8228506254631647,55,701,Storm,1007.2960715240408
21/10/2024 11:45,8152,London,Unknown,9.708778770823027,22,0.7649706683058399,46,5878,Storm,996.0217476190096
26/10/2024 15:56,5183,London,Autumn,-0.1162096503042278,28,6.383486946777436,43,4485,Rain,998.1859942152042
10/06/2024 11:57,7025,London,Summer,17.89945423636067,68,1.2313917072567486,31,50000,Fog,1001.1799743675036
12/02/2024 22:17,5259,London,Winter,28.31752834668516,55,6.556431551145801,17,3507,Snow,991.8645732032504
20/09/2024 19:25,6144,London,Unknown,20.136888958384453,60,5.705839485168754,53,425,Snow,996.5793667871736
08/01/2024 03:18,5917,London,Unknown,25.402574439124272,47,5.141066473444717,9,209,Clear,989.7847667115548
14/05/2024 14:24,5762,London,Winter,7.745177157465834,91,6.726543227606442,38,7267,Rain,992.0721772399156
21/01/2024 01:06,5545,London,Summer,20.708935410411478,43,7.927203875921064,42,8420,Storm,1004.4935126446708
16/04/2024 01:18,6092,London,Unknown,18.128430739335368,26,12.228873109933444,56,329,Storm,986.462623422036
31/07/2024 18:33,6502,London,Autumn,17.66952329670479,99,15.793131560855464,45,4063,Rain,1011.442645913186
17/03/2024 15:35,5316,London,Autumn,18.385942776431868,74,11.516766519686376,16,4896,Clear,1007.491773296142
07/09/2024 09:15,7595,London,Summer,19.026143571551312,37,4.617562302161778,50,9458,Rain,993.930395353624
27/06/2024 20:11,5550,London,Autumn,20.672389184482057,91,20.723515420038712,6,8454,Storm,997.288486994512
04/04/2024 22:01,8958,London,Unknown,5.603301744307311,56,11.851092502752245,14,7150,Rain,978.9708973031186
02/07/2024 17:25,5752,London,Unknown,-4.216561698852203,46,7.656091834937854,48,4543,Fog,1001.6090516478524
29/06/2024 13:14,5592,London,Summer,24.489716465562623,85,2.885453766705983,20,2845,Rain,1011.6047707303446
01/03/2024 03:07,7107,London,Autumn,2.718994462147288,66,14.29549937209953,7,629,Storm,1005.7135682227424
24/09/2024 19:12,5831,London,Unknown,21.97847706537736,22,14.583498062899787,6,3082,Snow,989.0042621214355
25/03/2024 11:55,8831,London,Spring,-6.727706369365787,66,4.779772456509934,38,6099,Fog,982.483246261915
26/11/2024 01:55,6539,London,Autumn,18.20689203056973,26,8.096310015908678,48,2015,Fog,1009.977341974958
19/08/2024 19:23,7070,London,Autumn,28.06591794270228,84,5.138116599017606,31,781,Storm,1015.7948852980678
04/11/2024 11:20,7267,London,Unknown,8.148870978939971,57,4.5149481915485685,52,1800,Fog,1007.335610316905
06/11/2024 18:05,7054,London,Spring,11.50605392616087,47,8.26364174897118,1,208,Storm,1011.2231724450586
19/09/2024 17:55,6315,London,Summer,17.37214150554793,45,5.739870186483136,47,5043,Rain,1007.1305251634144
09/08/2024 17:08,8258,London,Unknown,12.764795979335195,63,7.152197828713289,4,4415,Snow,1013.8465579183764
21/04/2024 04:53,8675,London,Spring,27.188606911482765,85,8.187997309748793,51,3006,Snow,984.3482275390462
16/05/2024 14:23,7268,London,Autumn,18.128430739335368,93,7.013876528226251,56,50000,Rain,1004.303022832824
09/02/2024 17:33,5714,London,Unknown,36.04479083352759,57,12.268307633186446,5,4860,Clear,986.0565920036464
25/08/2024 12:14,5624,London,Spring,13.502522460677763,53,3.981302214245397,38,3547,Storm,1005.767460661925
14/10/2024 06:56,5486,London,Unknown,9.058136021707654,50,2.995064075366349,21,3273,Rain,986.841440162872
04/01/2024 10:46,6969,London,Summer,32.55319236792464,78,6.349003522674204,25,227,Fog,996.9236567491888
19/07/2024 23:11,6407,London,Spring,-0.6224004729461612,41,8.158142411236353,31,6522,Rain,998.3442374170966
24/02/2024 19:56,5819,London,Spring,32.52713300516062,57,3.869731442449835,4,50000,Fog,981.638588038354
25/08/2024 01:22,7572,London,Autumn,7.527632979565897,81,200.0,32,6657,Clear,996.1376826162268
23/06/2024 19:53,5633,London,Autumn,34.65521660430608,44,13.439409947425162,31,3989,Rain,994.5938235277443
17/12/2024 20:40,5914,London,Unknown,31.090291848687745,31,3.8591969840615454,35,5550,Fog,994.13617528112
02/01/2024 00:45,6802,London,Summer,9.064750527493176,25,12.734707163933727,30,7806,Snow,1005.1862217095036
06/09/2024 20:45,5395,London,Unknown,18.71510067302004,31,1.5141128359169205,18,361,Snow,1002.9823208565372
28/08/2024 15:21,7186,London,Spring,17.392494060884644,95,13.218848072971252,2,6918,Storm,1001.1103619136064
08/07/2024 09:01,8474,London,Unknown,-1.9966319601481184,60,8.602588269184048,37,7566,Rain,991.536876447778
15/04/2024 17:23,8955,London,Unknown,13.818677700908836,30,13.54580280855984,37,3300,Fog,1013.7477941679628
29/03/2024 00:41,6078,London,Winter,26.711311945666367,30,1.7341828244552655,7,3101,Snow,987.697749826324
24/04/2024 15:42,5633,London,Autumn,22.30532548906572,36,9.151299035494048,28,5932,Clear,996.2143026733048
22/07/2024 15:39,6428,London,Autumn,18.43751277638654,91,11.589691257865582,26,5619,Storm,1001.3149292625836
11/04/2024 11:14,6572,London,Spring,33.61274591121477,95,1.8535805586305332,31,6708,Storm,1004.3063855712134
08/09/2024 08:50,7169,London,Autumn,12.58717121421147,25,15.349076816259789,0,2193,Rain,990.3965871120544
18/01/2024 12:31,7728,London,Unknown,7.186006155909542,73,7.422581581324701,23,6157,Clear,1002.4942856982664
29/07/2024 03:21,7283,London,Autumn,30.267784688406834,70,200.0,55,756,Clear,999.5524708931058
02/01/2024 09:28,5547,London,Autumn,-30.0,53,2.188676832167576,55,2562,Rain,1004.4827160605578
29/03/2024 15:48,7563,London,Autumn,3.793966217616953,80,8.955816527001774,46,7006,Rain,993.8211878439143
18/10/2024 20:02,5888,London,Winter,9.8711533518009,74,5.182908196795972,21,8006,Storm,1000.893959042094
29/12/2024 20:18,5469,London,Spring,9.850768450903145,42,8.961319215297792,11,2921,Snow,997.9933103409784
16/01/2024 04:17,6604,London,Summer,29.63452572614069,95,4.206044799433467,24,9152,Rain,1004.6256529796688
12/08/2024 05:08,6705,London,Spring,16.11928586023584,89,13.80043281744444,14,1246,Rain,988.034014177023
02/01/2024 23:12,8750,London,Summer,3.95123671787352,70,0.3414580209495872,9,3118,Storm,994.0182165987194
28/09/2024 10:20,5411,London,Autumn,23.11221707794228,73,7.74874625125166,54,6635,Storm,1003.2898290397324
14/03/2024 03:48,8969,London,Winter,60.0,29,12.80624320353092,15,7325,Fog,988.3323624297884
11/09/2024 09:03,6073,London,Winter,5.990249089228632,62,1.1262593502965998,38,9376,Clear,998.9669877333212
19/04/2024 03:30,5872,London,Unknown,18.128430739335368,49,2.478345642159275,29,7921,Storm,1006.7400661164492
08/09/2024 04:19,7350,London,Summer,15.978463398296226,55,11.114656806927451,14,7489,Rain,1008.1239661856016
02/11/2024 22:02,7343,London,Autumn,22.72060980173413,99,5.442320175424772,25,4298,Clear,989.6966443230262
30/11/2024 07:41,5160,London,Summer,21.08651622017161,46,15.973906727697631,23,7255,Rain,999.1853096984794
24/07/2024 17:02,8129,London,Unknown,24.073281425124144,50,12.653880138769969,57,5045,Rain,999.1547515368362
19/01/2024 02:05,8941,London,Summer,34.95435969725779,77,15.653567374934708,42,2001,Rain,1010.4604338008309
17/11/2024 15:25,5188,London,Unknown,19.055803139636605,44,4.964114010995055,43,6735,Clear,1003.901058682269
17/04/2024 22:34,7920,London,Winter,18.781484439236355,31,1.2606674958050452,12,50000,Rain,1004.3780433931172
09/06/2024 04:59,7901,London,Unknown,34.1769064562107,77,5.2236311074599495,40,8866,Rain,993.386697382428
11/07/2024 12:09,6223,London,Autumn,24.548684734439185,56,16.31805702862541,19,7112,Fog,1003.0653746286096
22/06/2024 03:07,7143,London,Unknown,29.330753346369622,36,7.90707505767478,35,5530,Rain,1003.3253939354
06/06/2024 11:27,8887,London,Spring,18.01634996831782,67,11.659505484558943,43,7388,Fog,1000.5249375121851
23/01/2024 13:33,5286,London,Summer,15.437820054828157,42,15.04613488702132,4,5700,Clear,989.5572853746772
10/08/2024 10:46,8859,London,Autumn,-6.29040206303371,76,1.9416280337373448,47,5560,Storm,1008.5147053003744
11/07/2024 12:16,8101,London,Autumn,35.21637324083429,64,8.52346265665477,45,3326,Clear,980.595285833936
06/09/2024 15:13,6514,London,Summer,20.64529904504939,90,1.0899364850830011,56,7075,Snow,1012.7181895887992
18/01/2024 19:26,6246,London,Unknown,3.8208039817866855,99,19.79526555668357,31,5792,Rain,1008.1253087310188
05/03/2024 02:57,7462,London,Autumn,24.85300289618187,75,7.58749105431871,36,1612,Fog,1009.5854010704334
27/04/2024 19:29,7283,London,Unknown,7.884624651987355,68,16.646460264829777,40,7641,Rain,991.6543016338668
13/01/2024 14:07,7421,London,Summer,18.128430739335368,78,0.2442582251386271,29,3702,Clear,1008.8291861346052
19/07/2024 05:35,7461,London,Unknown,34.10238333904877,61,200.0,46,2290,Rain,987.8291410644656
08/07/2024 10:23,7535,London,Winter,22.416705687792188,52,0.6431646336141545,41,5602,Snow,999.7675150562916
09/10/2024 15:01,8711,London,Winter,4.518669652217872,34,3.9159221064655383,19,5610,Rain,1002.6191567449612
21/10/2024 16:42,8570,London,Unknown,18.128430739335368,48,7.937164394026878,30,2638,Snow,1006.5700111149764
16/04/2024 12:25,6088,London,Summer,34.79517431424336,60,7.945838100010702,22,5628,Snow,994.6327752907474
13/08/2024 15:12,6371,London,Autumn,1.6843314429485758,69,17.712741987897004,2,9018,Clear,994.1806767888525
19/12/2024 04:38,7258,London,Unknown,14.579961964699582,89,2.4801078852139047,46,50000,Snow,994.533802613505
14/06/2024 13:26,8796,London,Winter,14.759299800169908,82,5.150139284515241,54,4231,Clear,993.6010148615942
04/10/2024 08:55,6291,London,Winter,16.121430852487336,57,4.735077518663719,42,1699,Snow,1018.5675163119088
01/06/2024 08:10,7192,London,Summer,18.51444683768836,74,13.212463339211414,42,1870,Snow,1002.9102357251578
21/12/2024 23:41,5892,London,Spring,15.964181441397436,28,9.188119713013457,42,1068,Rain,996.0310626241436
19/11/2024 02:36,8165,London,Autumn,10.168940312816956,96,14.78816059442502,28,174,Rain,1002.1143542909448
26/04/2024 01:44,7474,London,Spring,24.69011334900088,39,3.4680492899784907,2,5216,Clear,1014.8319746493244
05/02/2024 01:53,8758,London,Autumn,16.27338952746211,30,11.322435617465448,4,8455,Snow,997.2017802120422
14/08/2024 00:46,8820,London,Summer,15.567662942472808,90,6.917474431275574,34,5325,Rain,1012.6008884057786
07/05/2024 19:38,7779,London,Winter,24.461169552664167,65,11.355370150486,26,1656,Fog,977.048073442506
28/10/2024 12:13,8765,London,Summer,21.44057240785248,22,3.836692787980441,0,5155,Fog,975.9840005928944
29/04/2024 21:08,6121,London,Summer,18.59016811218133,74,5.930044067306709,41,1715,Storm,1005.322245072506
18/11/2024 16:26,6946,London,Summer,8.654509131837234,30,0.5270696659472778,17,3752,Fog,996.9593357885708
21/02/2024 23:02,8966,London,Unknown,4.442466594721283,89,16.82526952769351,21,2409,Storm,994.503481236168
06/09/2024 22:04,8392,London,Autumn,16.661238019669998,63,0.7967289706113574,36,5923,Fog,994.7258150647896
16/05/2024 23:41,6179,London,Autumn,32.901882533199654,59,15.434887361747457,32,7121,Rain,1000.55510294204
11/10/2024 17:08,8657,London,Autumn,9.879421598784356,40,150.0,14,3572,Rain,998.284675107498
17/01/2024 09:11,6173,London,Unknown,30.825303384945,67,5.343292853858908,32,6295,Storm,993.933842833152
12/08/2024 14:56,5380,London,Winter,24.604700027548446,94,9.996145590882248,6,5063,Rain,1018.9987388136752
20/03/2024 19:51,7405,London,Unknown,20.990807919896227,98,4.612604702381617,13,4920,Rain,1012.4686532663076
17/03/2024 22:55,6317,London,Summer,18.128430739335368,49,8.175749597012533,19,5583,Clear,996.4670313818312
23/07/2024 13:36,7854,London,Winter,18.128430739335368,30,3.0636646060735675,37,9152,Fog,998.2452039575128
20/06/2024 17:36,7727,London,Winter,9.27269692616292,79,5.779207338651442,28,1946,Rain,1002.1796098446044
31/03/2024 18:39,5961,London,Winter,7.178492403940833,94,13.292581453816576,45,221,Fog,1017.3124164830408
16/07/2024 05:15,6129,London,Autumn,43.469139732762194,22,4.170431844428988,27,2466,Rain,1011.763214802818
11/07/2024 15:59,8827,London,Spring,18.149842084903845,66,24.301974076694663,8,9827,Rain,994.3476958166808
06/09/2024 15:59,7794,London,Unknown,18.128430739335368,58,12.817345612357496,31,7581,Rain,1003.6134166913644
01/01/2024 12:10,5201,London,Unknown,29.217362648675067,35,1.2772451144634704,33,3409,Clear,996.103712431402
03/08/2024 14:46,5584,London,Winter,15.527113705613145,65,4.881124369422387,52,6119,Fog,1010.1813175964868
12/05/2024 03:42,7673,London,Unknown,60.0,34,6.742705033665217,59,1558,Fog,991.9884073982162
30/04/2024 13:47,8082,London,Unknown,10.757200785377606,67,9.492892531176198,1,5753,Fog,1023.2627851658306
15/07/2024 01:10,6078,London,Autumn,25.06061039985422,29,5.603841941192735,15,2057,Rain,1008.2718587923952
20/12/2024 12:02,6682,London,Spring,15.360071842491594,73,200.0,56,9807,Snow,995.9572673466372
07/10/2024 08:00,5934,London,Autumn,17.080978132312918,36,9.370816526083807,47,608,Rain,1015.3906559754832
30/07/2024 21:25,6844,London,Summer,11.89324416749145,48,8.460236916088125,19,8293,Rain,1010.4333757104612
23/04/2024 05:48,5436,London,Unknown,16.52660239188359,29,4.562382184642559,49,1880,Rain,990.6360069394234
23/03/2024 06:33,5673,London,Unknown,17.43063440661155,52,4.624943834738583,42,345,Snow,1004.9190815350524
12/07/2024 16:33,8680,London,Autumn,23.64086196789197,80,11.863073934636684,21,50000,Fog,993.9827100735412
03/10/2024 05:58,6244,London,Summer,12.450431781581392,41,3.643352540713295,9,6061,Storm,987.1724329791537
07/11/2024 08:28,7130,London,Unknown,15.553496525028612,85,7.186308045434329,32,4176,Storm,998.7666284791678
21/08/2024 02:27,5501,London,Winter,25.853380195985007,65,1.517160952765198,33,7129,Storm,1009.679373847542
03/05/2024 21:47,5736,London,Autumn,31.23093058032977,91,14.482187210476702,10,5217,Fog,996.5421738619144
23/03/2024 23:21,7558,London,Spring,11.14412532680268,49,15.965931770217493,23,7096,Fog,996.3762463755548
08/07/2024 17:23,6861,London,Autumn,13.758556686658906,67,12.389441578899053,8,3029,Clear,1006.6033382810872
11/06/2024 05:53,5355,London,Summer,26.12563454649451,38,8.987662140460275,32,3995,Rain,1006.2678928084788
27/05/2024 17:46,5257,London,Winter,11.789252702217016,95,0.4991799684854046,49,4500,Storm,1002.5876947684897
22/12/2024 19:38,8991,London,Unknown,18.333522439477797,97,0.8604957456219644,6,3027,Clear,1006.25983088414
29/11/2024 14:34,5879,London,Spring,14.648819888424065,57,11.228449785973671,5,7556,Clear,988.4687615839276
26/04/2024 18:06,7653,London,Summer,21.240701402378825,21,100.0,58,4425,Rain,992.680948689653
06/01/2024 09:23,5575,London,Summer,9.300349736522996,22,2.763360774982787,53,476,Snow,1011.4081521067844
19/03/2024 09:14,8190,London,Summer,21.421780254791774,32,3.0124053124857584,40,3374,Snow,998.6997597849302
22/12/2024 03:17,5041,London,Autumn,15.866722800290413,80,3.842166805168473,46,7479,Fog,1012.3018221966094
19/11/2024 14:24,5486,London,Unknown,30.758999930733097,61,6.871743817441035,5,5332,Rain,979.4875364682484
08/04/2024 10:00,7740,London,Winter,7.126567935355014,32,11.035764657039516,46,7009,Rain,997.0224049577124
21/10/2024 17:41,6634,London,Winter,10.627237582470835,60,16.910253846593193,39,1007,Snow,977.3496653397436
15/03/2024 12:43,7112,London,Winter,-0.3825762529277874,38,10.97360667530561,2,9800,Clear,996.7519200355242
07/12/2024 17:57,8129,London,Unknown,20.37234769145225,27,4.377925568113815,57,7685,Rain,997.5331731137636
29/12/2024 19:14,7349,London,Spring,30.829298249310614,50,13.455345353441938,51,185,Clear,1006.7369089443504
10/03/2024 09:53,5968,London,Unknown,21.00164206066452,87,4.216039168222615,14,6387,Storm,1004.1060578580096
06/04/2024 22:44,6049,London,Unknown,34.7435864516081,88,12.94263423047886,44,5642,Snow,977.059680748136
15/04/2024 06:59,5176,London,Spring,21.11553585306712,57,3.12424086010601,12,3810,Snow,1015.4152558831292
06/06/2024 09:48,5482,London,Autumn,18.128430739335368,95,0.5215103325242554,59,220,Storm,998.2995359183144
16/01/2024 20:16,5872,London,Spring,12.858239844364654,60,3.4792979501274424,28,9543,Rain,996.1296147601648
30/01/2024 01:34,6697,London,Autumn,14.923218903821498,83,10.65992246017917,47,6358,Fog,997.581958632963
04/02/2024 13:53,6730,London,Summer,1.90126526166128,78,20.06408504351541,1,4586,Rain,996.0758131435948
01/06/2024 22:13,6558,London,Unknown,19.33236225187177,81,4.971243285093675,6,1025,Fog,1001.4540245956032
07/06/2024 14:57,5388,London,Unknown,29.729413419422777,91,3.27854938612414,6,1350,Storm,996.2560711161354
15/07/2024 06:44,5283,London,Spring,24.782629248272425,44,13.035350963881765,30,2850,Rain,989.01385832296
07/02/2024 20:56,7507,London,Winter,31.93346363617479,41,1.7515709186726598,15,1217,Rain,994.6299082859966
10/10/2024 09:45,6367,London,Summer,25.23691108385684,55,4.957232831421431,18,2873,Rain,1011.975780302922
09/08/2024 20:50,5699,London,Winter,29.4889912136481,25,21.92734782120234,43,1905,Rain,1001.854403915606
09/03/2024 15:27,7177,London,Spring,26.12981459377014,81,13.433346114297937,35,2264,Snow,998.8203594423442
24/10/2024 05:40,8578,London,Autumn,27.66822445263298,39,3.4631780466841224,1,7844,Clear,1007.3441458078428
27/06/2024 08:06,7878,London,Unknown,18.79128623373086,37,4.273937302947079,20,50000,Fog,1004.5112492940164
23/05/2024 09:01,5974,London,Unknown,32.44607010038855,74,7.011744140700635,37,6397,Clear,1002.7817866612507
15/10/2024 13:17,7975,London,Summer,5.06071374829796,51,5.104007054003036,12,50000,Rain,999.7383522264016
20/02/2024 22:48,6744,London,Winter,29.288249276256444,50,10.731202803243136,48,3460,Rain,1001.6290325809852
26/03/2024 03:05,8755,London,Spring,6.018324492432022,35,12.365911359253143,49,4037,Storm,999.3161824887349
13/05/2024 14:03,6882,London,Autumn,19.26969819941877,33,14.83828445057902,44,1385,Fog,1000.1944434561876
02/04/2024 09:47,6915,London,Spring,32.85644508910139,50,0.7904034852896631,55,8262,Clear,1004.1245271654394
28/05/2024 02:54,6069,London,Summer,6.479853958889512,72,15.734606439297334,19,50000,Rain,992.4093759571102
24/11/2024 12:11,6015,London,Spring,5.634928296061103,31,16.228202253163353,44,50000,Rain,999.1975473640274
27/02/2024 23:17,8767,London,Spring,31.25714335221268,81,10.592874787375642,40,6680,Rain,1008.052829438287
07/03/2024 10:50,8476,London,Spring,27.715741257715518,25,8.307063727280005,45,1847,Snow,1007.2920899513208
21/07/2024 11:26,7154,London,Unknown,23.7356001765629,43,16.517620539940253,20,7800,Clear,997.283600338975
17/02/2024 22:03,5040,London,Winter,14.737361980842984,32,11.856498303134591,14,6572,Rain,987.9543740043382
14/08/2024 06:49,8027,London,Summer,18.854941740239617,47,8.089502085324165,19,158,Clear,996.1554474881982
24/04/2024 00:59,6251,London,Autumn,29.58311270005867,33,7.225734640564294,49,4322,Fog,1007.2548988399874
22/12/2024 04:30,6210,London,Autumn,10.14483506975753,73,4.475756088120843,32,4293,Clear,993.8313332181392
24/06/2024 12:48,6813,London,Spring,15.82847796327653,82,8.999308456634541,28,8971,Fog,1002.5972085677784
26/04/2024 13:42,7143,London,Winter,15.699124500659575,46,18.83480797926411,41,6804,Rain,997.1835916450424
21/05/2024 12:26,8495,London,Unknown,4.4870685539702,74,5.3199773344784855,31,7711,Storm,983.7000746722592
01/05/2024 01:02,6653,London,Unknown,9.648956479244177,64,0.06905152039654,45,8542,Rain,987.5203669938594
10/05/2024 21:04,8046,London,Winter,20.583405583085582,96,4.921495209440499,39,7245,Rain,1006.5733668118614
05/09/2024 22:39,5025,London,Autumn,18.382171206529765,68,12.722034767471673,55,4182,Storm,1003.3339945318406
02/08/2024 04:29,5557,London,Spring,16.407827258662252,61,1.4488318014245705,51,4800,Clear,993.2009905173844
28/06/2024 07:43,8181,London,Autumn,10.092032645000652,49,18.471812308957453,0,4643,Rain,1001.2475280605072
19/11/2024 11:05,8266,London,Winter,35.805807614126365,36,1.878803885178029,21,9277,Rain,1014.3418561837811
27/07/2024 12:06,8718,London,Unknown,19.549653950129525,72,14.207269200021004,50,7719,Clear,990.8749775569732
29/05/2024 05:45,7416,London,Autumn,29.09162037119675,47,12.70856018077699,21,5262,Clear,993.0214753426663
16/10/2024 01:54,6958,London,Spring,25.72022642239655,88,4.159719211429003,26,779,Fog,995.9934772603305
26/09/2024 09:18,5912,London,Autumn,29.24212003366136,31,9.52367522783745,29,2684,Rain,997.0222906789064
20/05/2024 08:36,7868,London,Unknown,11.07192231275344,93,150.0,34,2036,Rain,1018.336844383208
30/11/2024 23:13,7032,London,Winter,31.20686873425417,22,2.877411681258208,30,4241,Fog,994.3180604598635
31/10/2024 17:51,8793,London,Spring,16.114598792067646,42,11.1425442136501,30,5699,Fog,1011.5583355910418
18/11/2024 20:03,7446,London,Autumn,10.004266026843986,39,9.008031845112267,23,9476,Fog,1019.0943398003188
13/08/2024 12:36,7328,London,Unknown,29.19501949909128,41,0.7654072108046712,38,6334,Rain,989.2704214823834
16/01/2024 11:27,6188,London,Winter,17.97311515662361,26,8.745287311081935,0,6226,Rain,999.2509447110572
03/02/2024 17:31,6364,London,Autumn,12.447842923959293,24,2.341641335789662,11,8011,Clear,977.2706698189456
25/04/2024 10:09,5573,London,Unknown,18.99923945230094,41,14.951443316444951,29,6869,Rain,1000.7227465049288
14/12/2024 09:51,6779,London,Autumn,12.540232757520611,68,150.0,37,5506,Storm,985.694400522274
01/06/2024 08:58,8126,London,Unknown,5.905151004378633,56,13.255725948243525,5,9644,Rain,988.9698231096346
19/01/2024 06:55,5034,London,Autumn,-1.8273995407278072,29,0.7420216107795046,40,6790,Storm,1006.2117903247192
27/07/2024 01:48,7683,London,Winter,11.437395910197871,20,150.0,46,1532,Rain,997.8184005799042
27/04/2024 00:50,5559,London,Spring,18.128430739335368,50,11.557042582435969,58,8976,Rain,987.7933675227572
24/12/2024 12:06,7540,London,Winter,16.268744774198094,88,17.38176059762946,6,6933,Snow,1005.2244917613848
14/06/2024 10:22,7296,London,Spring,8.41289145988095,87,1.6477110866942564,45,8802,Snow,995.1176767293526
13/03/2024 18:39,5380,London,Winter,2.3741013207033177,51,5.543218688465533,9,2412,Rain,997.8553198669232
17/07/2024 20:54,5065,London,Unknown,7.167032487590564,90,9.177689501219962,23,4244,Rain,1012.653142751616
07/11/2024 22:39,5291,London,Autumn,18.128430739335368,21,7.526603431289415,57,5468,Snow,1013.256524464662
17/06/2024 10:32,5041,London,Unknown,25.414350072545798,61,1.928856695868424,21,592,Rain,999.7584307326434
02/10/2024 02:34,8670,London,Winter,45.134256017909806,40,10.72459881063876,53,4203,Clear,995.562574897425
04/11/2024 05:46,5373,London,Autumn,18.62468170085314,62,4.390805828337962,9,2444,Rain,996.2113076932468
28/03/2024 08:21,8459,London,Summer,8.507982683160684,58,8.679215434654676,42,4923,Rain,1020.8065296221126
03/08/2024 08:04,7698,London,Summer,-30.0,89,10.150097029726544,35,1268,Clear,1022.3870352605046
07/09/2024 02:43,5405,London,Spring,18.128430739335368,58,11.365528120006694,5,7403,Fog,986.8750546965632
09/07/2024 03:12,8116,London,Unknown,15.539164825970415,91,3.255206831856474,41,4297,Rain,1012.029630409069
11/04/2024 06:58,6910,London,Spring,18.0041956172974,26,3.368139920714581,0,1753,Rain,1003.6860140099222
08/11/2024 18:23,7549,London,Autumn,13.422111705413789,30,0.71972380804936,41,1111,Rain,1003.3825422163708
06/07/2024 12:16,7637,London,Unknown,9.748771983273013,83,3.8070683700728,44,3880,Rain,1004.9680836072116
31/05/2024 06:04,5550,London,Spring,1.241910847223895,95,4.19388856612489,31,4989,Clear,984.811526291432
22/12/2024 12:01,6204,London,Winter,29.68676217278676,80,10.36478143197304,7,9702,Storm,1006.791700162446
16/11/2024 12:39,8932,London,Spring,17.183576376720392,87,3.655916464332339,37,2459,Snow,1004.6273392610352
09/03/2024 19:47,8717,London,Winter,8.982166062264595,57,7.930902618740962,49,4674,Fog,997.5421781003716
09/04/2024 16:29,7049,London,Winter,60.0,64,1.605214121166211,57,9072,Rain,993.6146405800704
07/02/2024 09:15,7240,London,Unknown,33.17485102158993,67,1.0875701662709618,25,7559,Snow,1005.845349739458
10/10/2024 11:56,7667,London,Unknown,51.34906174183655,68,2.362367533201887,33,838,Rain,1006.8331713993524
24/10/2024 11:07,5896,London,Spring,10.369079225632689,36,0.97535188323278,2,3798,Fog,991.757173498067
15/01/2024 15:11,6063,London,Winter,-1.7534708918675437,79,14.568439071734469,34,7976,Rain,1000.7511619782204
06/11/2024 18:38,6682,London,Unknown,18.31505398321983,60,12.69100921716484,0,7827,Clear,1004.7743624829938
17/11/2024 07:16,8892,London,Winter,33.539138726025904,97,3.209864047304052,48,5607,Clear,990.7601387771152
01/12/2024 07:28,6613,London,Autumn,30.01712309357069,37,0.6789720994707453,13,9641,Fog,986.9275114414412
09/08/2024 00:24,5764,London,Unknown,6.954168571387806,47,5.475648824037491,19,5694,Rain,996.2507128111902
10/03/2024 05:13,6376,London,Unknown,15.19453282695344,60,9.795433462831266,29,8085,Fog,990.0338422258912
23/01/2024 17:52,8779,London,Spring,15.197973334690854,21,3.2860953139695908,29,1936,Clear,999.6881380146943
26/05/2024 14:39,8709,London,Autumn,-30.0,83,4.562861064626711,42,6211,Fog,995.8750704191484
13/07/2024 12:14,5099,London,Spring,18.128430739335368,90,4.416294873276489,10,6395,Clear,1009.590984989618
09/12/2024 07:48,6404,London,Unknown,8.828539848349909,99,0.221262560850465,22,9518,Snow,1004.90855512265
28/01/2024 09:14,5830,London,Spring,24.77932550268376,49,7.443097968096371,46,8325,Fog,1006.8955218090916
03/08/2024 05:21,7907,London,Spring,22.04648259946383,78,16.977786704605535,31,6079,Storm,997.769244993544
13/04/2024 04:34,8896,London,Summer,10.97913167161208,57,4.281739880738526,19,7791,Clear,987.9373325238564
28/01/2024 19:29,8701,London,Unknown,25.078667334320382,68,16.324787052767217,49,4776,Fog,993.6632977200982
17/09/2024 00:03,7369,London,Winter,15.423603122883806,44,8.400744955304955,6,6835,Storm,1004.7249024425942
23/03/2024 15:31,7155,London,Unknown,19.865662523123625,47,15.862481969406629,8,1686,Rain,993.0424949355876
19/05/2024 07:40,8462,London,Summer,24.58306224010415,56,13.181324926606568,23,1247,Fog,1017.062874636018
08/05/2024 03:19,5036,London,Unknown,28.955677225724724,38,6.2237801478596495,58,5318,Fog,996.6226026190546
27/06/2024 02:19,8543,London,Spring,19.139417851233464,33,15.12169894810558,34,2200,Clear,989.0454744040564
20/10/2024 19:36,8733,London,Autumn,18.128430739335368,59,8.95604316689131,20,9290,Fog,1002.1155666404874
10/09/2024 18:44,5496,London,Unknown,18.128430739335368,58,0.407600846017611,30,3373,Rain,1025.0296409464677
19/06/2024 00:37,7967,London,Autumn,16.75540749777376,46,0.2015364729023776,44,570,Snow,1009.0736949766195
22/07/2024 01:47,8766,London,Autumn,27.14542705972365,21,8.43964412757158,2,4733,Snow,1023.2264693700668
28/05/2024 20:19,7173,London,Winter,32.23862264802675,85,14.878396942988292,54,658,Storm,988.5452950117102
14/04/2024 06:51,5741,London,Winter,19.790149765368632,39,11.179325547172542,36,3265,Rain,1019.8864094665736
13/04/2024 06:10,7061,London,Summer,10.70394213255726,66,15.041115935647657,22,9809,Storm,1000.6358835516824
19/12/2024 08:12,7182,London,Winter,9.358186825814435,60,1.2685931330418994,6,5442,Rain,1003.8394831186368
28/01/2024 02:11,6865,London,Unknown,37.486954070726696,61,200.0,39,5447,Rain,1011.2283592832692
08/11/2024 03:47,5251,London,Winter,16.402847062569528,58,17.572266795360857,49,3073,Rain,997.0041767805544
21/04/2024 06:13,5733,London,Autumn,38.112525583722615,98,8.795720903900692,17,5134,Rain,1012.904911342403
15/11/2024 03:45,7103,London,Winter,29.76122235747814,97,5.216582161484528,52,50000,Fog,998.5810698844822
16/06/2024 20:14,6519,London,Unknown,25.54631893320549,26,12.103698281364656,27,7082,Rain,1012.1427311109152
20/01/2024 02:11,5869,London,Summer,7.31725045253215,49,200.0,13,50000,Rain,1021.426138037648
16/11/2024 01:55,8296,London,Unknown,27.563465541681776,87,2.882802152268651,15,1173,Rain,1016.7312236555772
11/08/2024 12:32,8946,London,Spring,18.128430739335368,76,18.74410110987332,53,1124,Rain,990.232825582336
16/03/2024 20:00,7659,London,Winter,17.668938081487386,64,9.730408523508569,34,9635,Rain,1005.8573979778142
04/03/2024 17:11,6164,London,Winter,15.86042231467154,63,18.910174517116666,59,50000,Snow,1003.6309170482396
12/02/2024 19:01,7580,London,Unknown,21.253945154687266,98,9.414382919922245,56,6281,Fog,1003.9248526757038
22/01/2024 04:34,5978,London,Spring,15.178062541457296,85,15.493118760513116,1,2428,Snow,994.296461253396
24/06/2024 22:10,7121,London,Autumn,0.0428423623726814,96,8.367098011501334,58,8107,Snow,1008.9646648761628
13/01/2024 10:25,5426,London,Spring,14.65680689586905,29,1.946773661218009,47,3962,Rain,1010.1457021581118
13/08/2024 00:36,6509,London,Winter,17.896553136033816,43,5.718016956601311,2,6804,Storm,1005.9416545474998
06/07/2024 05:52,6161,London,Winter,9.146459820160857,57,4.117521419533123,58,1100,Rain,1006.528521832142
10/03/2024 08:42,6353,London,Autumn,2.9003977890983297,50,4.7348328763316525,42,1950,Rain,997.2730210730102
21/04/2024 01:55,5874,London,Autumn,60.0,62,3.003280266157976,52,5628,Rain,1009.1709987606312
03/06/2024 05:39,6026,London,Unknown,8.554484972055008,32,7.827939113024364,51,4571,Storm,1018.5469995554082
13/01/2024 07:30,6861,London,Winter,20.99567822677862,28,4.256237058983479,10,1291,Fog,994.5418721725548
08/12/2024 20:45,6556,London,Spring,18.56008731958449,65,0.0171100157172627,8,9806,Rain,988.8634958424008
18/06/2024 19:38,6391,London,Spring,21.014820973158542,45,9.256888327223235,19,2625,Fog,997.7607432829772
26/09/2024 22:25,8111,London,Winter,4.327760427205021,30,0.9863409377550508,59,9436,Snow,1018.0980719072752
04/09/2024 13:02,5235,London,Unknown,27.06585044333353,25,1.064878623998769,55,1217,Storm,1003.488529075328
05/03/2024 09:55,7173,London,Spring,18.128430739335368,50,13.472919249036966,47,2998,Fog,996.5045884013796
16/06/2024 04:08,7789,London,Autumn,14.366951640878757,59,6.144406380293296,55,8557,Storm,1004.9919625250355
26/02/2024 15:03,5705,London,Autumn,14.156421440823872,69,6.878839432717847,23,6989,Rain,997.5299876882144
24/07/2024 12:18,5571,London,Autumn,15.69945818976784,59,1.2362835075401484,58,7543,Rain,1005.4920908856808
05/11/2024 13:06,5088,London,Unknown,15.288472683333769,82,15.487185165794063,50,5575,Snow,1005.6200967348047
05/07/2024 10:30,6743,London,Unknown,22.374623228623527,92,15.497828828419646,5,6119,Rain,999.1720541562644
21/02/2024 07:18,8146,London,Summer,19.954302339674157,22,21.66659053773504,14,8941,Rain,996.398630093702
25/04/2024 04:49,7687,London,Unknown,22.575693806918505,42,5.259838501849706,21,9474,Clear,993.884902971498
22/12/2024 11:31,8678,London,Unknown,17.531623347683986,54,100.0,6,671,Snow,998.1978183693373
04/02/2024 03:38,8275,London,Unknown,18.128430739335368,44,2.0687522106194285,16,6278,Rain,986.3728928068174
11/06/2024 20:21,7333,London,Spring,32.4924025207588,73,5.065209257529142,31,8859,Rain,1004.7895368288272
12/08/2024 14:55,5670,London,Autumn,12.203710784326317,39,150.0,59,859,Snow,996.2208521424913
16/01/2024 12:38,5121,London,Summer,11.263277420029514,53,7.419291658451588,26,6585,Snow,995.3298839419914
25/08/2024 19:47,5993,London,Winter,11.386692620613829,84,9.9423603840396,34,7156,Rain,1009.9664919348388
29/02/2024 13:13,6754,London,Summer,12.299675022932652,89,100.0,55,4719,Storm,1016.3467925762131
05/03/2024 17:56,8802,London,Autumn,14.742061858180657,88,8.876825962887313,49,6380,Snow,1003.0155169662688
17/02/2024 17:09,8259,London,Spring,-30.0,69,13.00577691115381,49,2704,Fog,999.822513494063
24/10/2024 18:42,7342,London,Winter,28.538287240011723,59,8.99784435422995,50,7833,Fog,999.4918919940968
30/07/2024 07:04,5097,London,Winter,27.28148646795037,24,1.2390309187942474,18,435,Fog,1007.1576912633766
14/07/2024 00:17,7693,London,Autumn,12.951523904816089,99,4.449986508024212,17,7101,Storm,996.3047649501764
28/05/2024 14:28,8440,London,Spring,33.662792171557705,82,200.0,38,50000,Rain,1003.7508178788532
08/11/2024 18:31,6681,London,Spring,10.336947009575947,22,3.986581529885567,42,2144,Storm,1012.1937314821243
18/12/2024 04:22,6563,London,Summer,26.12409432122385,27,5.405172688292799,35,3503,Rain,994.7742498224732
08/10/2024 23:28,5458,London,Spring,4.766061873385251,63,8.434443627871193,41,9885,Snow,1003.2213906640062
08/03/2024 08:08,8813,London,Winter,15.761377835108815,75,100.0,52,964,Storm,1004.3774252818135
15/07/2024 19:48,6102,London,Winter,12.007477002408969,73,11.905569805958764,14,4306,Clear,1013.7507143533894
03/06/2024 14:20,6750,London,Spring,-4.868858986893159,42,11.855666891788385,25,9262,Rain,997.491249519973
12/11/2024 21:07,8755,London,Autumn,60.0,82,9.688940468582636,59,5800,Storm,1008.5174723371928
17/08/2024 19:22,5312,London,Winter,10.72368929615157,77,18.658231588894274,38,50000,Rain,997.9799944293536
16/07/2024 00:47,7004,London,Unknown,18.128430739335368,79,2.761044553416251,55,830,Rain,1010.8466764333932
04/10/2024 07:22,7095,London,Winter,21.64730320675364,90,8.445807223372835,7,50000,Clear,983.1121465564106
21/09/2024 09:41,5062,London,Unknown,0.4579217846326386,33,10.134990384252648,41,9281,Clear,1006.6185118414955
23/08/2024 14:10,5264,London,Autumn,60.0,61,6.347854555424901,14,2321,Snow,1007.7483262075926
17/04/2024 14:55,8857,London,Unknown,21.400182140489875,69,8.795089909793543,45,391,Rain,1021.0355806928096
05/04/2024 22:16,6004,London,Spring,16.89695624727091,52,5.769707408013199,12,8125,Storm,999.876891804565
18/10/2024 04:40,5543,London,Summer,22.865297842025637,39,1.106260647637313,35,1852,Fog,1006.7652849927796
01/07/2024 08:36,8015,London,Unknown,22.13595486482616,28,8.115157238791383,44,1120,Fog,997.2229426540828
01/09/2024 13:34,5946,London,Spring,20.494827139423645,33,14.483881751146006,45,1425,Snow,987.071660872632
04/05/2024 13:45,8541,London,Spring,17.647889609935763,34,0.973366677233269,43,2852,Snow,995.7284315882235
12/12/2024 14:54,7586,London,Summer,18.128430739335368,36,4.357787334589035,50,7889,Rain,998.2229117487228
10/04/2024 23:23,8840,London,Autumn,-10.365435810519433,75,12.112281218002106,37,1563,Clear,991.7380385505544
21/04/2024 23:01,5593,London,Summer,27.641962181791538,56,9.4776249842119,55,7537,Fog,993.2268699374716
28/06/2024 10:14,5175,London,Summer,6.763898239706901,47,5.028058086569599,35,6723,Rain,1008.0773224037382
09/01/2024 07:20,7068,London,Unknown,17.121854539327792,93,4.954721302645208,44,8986,Rain,982.733117680724
26/03/2024 11:42,6843,London,Spring,4.876978884959485,61,7.680434283718423,8,2299,Fog,997.872990119722
23/08/2024 15:19,8327,London,Autumn,18.128430739335368,68,18.111029190919357,6,1469,Storm,1000.815318031836
05/10/2024 10:17,6903,London,Unknown,2.3451748956812857,84,10.130065956104154,33,1266,Fog,990.4483817253114
27/04/2024 09:59,5547,London,Spring,4.68519498723143,20,3.382955603192963,0,3042,Storm,1007.4419713360022
29/03/2024 01:14,5043,London,Spring,-10.859201385383052,44,3.983394203365258,11,4014,Rain,1010.746616154184
23/07/2024 20:40,8490,London,Summer,60.0,22,4.822494262155509,46,328,Clear,1008.0453946405096
26/03/2024 07:09,6654,London,Winter,14.047015323756552,67,5.603211272647328,58,9429,Fog,998.3003616176208
08/03/2024 21:03,6203,London,Unknown,27.36447589411143,86,19.489949934532795,33,1321,Rain,989.8586195597406
10/07/2024 04:50,5376,London,Summer,23.051752682932197,35,0.6892144365364494,33,1518,Snow,992.1527802674116
13/11/2024 10:58,5592,London,Winter,14.640728721093552,38,4.651333625336275,32,8607,Storm,1000.4740260503896
26/07/2024 05:30,6684,London,Autumn,37.00206333529332,51,14.692839210065182,21,6010,Rain,1010.6886753747336
22/05/2024 00:01,5042,London,Spring,-11.964504266177858,95,0.7521904303882181,27,3677,Snow,980.7371525983278
13/06/2024 16:50,6384,London,Summer,20.02788730171748,46,2.7308156241761465,38,6875,Fog,996.2865474479654
08/11/2024 05:18,5109,London,Winter,18.923985228525588,82,8.31224649524021,13,6141,Rain,982.1662595531612
17/04/2024 01:09,6744,London,Winter,15.516535724055831,66,7.819943354941818,15,7211,Storm,1003.7283565505376
01/05/2024 11:01,8483,London,Summer,11.856517322877972,22,1.3561193552759074,5,409,Rain,989.5648330568152
22/10/2024 19:30,7647,London,Winter,1.5890181633115894,48,22.35133458185716,32,8440,Storm,1000.1951684532282
21/03/2024 16:18,8669,London,Unknown,21.991926857152844,26,14.606937100247157,29,8961,Storm,1005.165732342808
15/07/2024 11:48,6203,London,Winter,13.834959944451986,22,6.657996211350835,56,2896,Snow,998.8143046954386
26/06/2024 20:40,6593,London,Unknown,17.79506884380799,47,13.42589623208177,22,9663,Rain,1004.917175515038
24/06/2024 22:14,7208,London,Autumn,17.83681546263267,23,200.0,54,5320,Storm,1023.7383108798688
20/09/2024 17:22,6751,London,Autumn,31.555083511147505,33,14.299898904916372,6,3804,Snow,1006.3886908581164
30/11/2024 15:45,8750,London,Summer,12.912821235139116,96,4.942171455234713,52,8851,Snow,991.9773825528924
19/08/2024 03:21,6721,London,Spring,13.808707822780864,56,0.1488116533333681,38,1062,Rain,1013.5336696957992
10/02/2024 06:46,7857,London,Unknown,29.56090693727573,98,3.964837914620951,50,6318,Snow,990.487755448581
23/11/2024 17:14,7045,London,Unknown,8.312987132878371,26,19.400834636147685,31,1458,Fog,990.4240642900846
08/02/2024 07:47,6281,London,Winter,24.14965670531102,78,8.163979026661767,5,6091,Clear,986.5654299079456
07/08/2024 06:48,6483,London,Unknown,13.940082269012253,29,9.6572029946197,35,4824,Clear,993.2863009844888
19/09/2024 21:38,5152,London,Autumn,17.666058062285753,53,1.300409796131916,27,3451,Rain,985.3625233999248
31/05/2024 04:17,6125,London,Autumn,26.21332044805614,71,6.323455008705231,47,667,Clear,1016.4684806637308
05/03/2024 07:43,8198,London,Unknown,28.683327671243514,98,3.15978519122384,40,9392,Snow,1012.8898717006068
18/05/2024 03:55,7142,London,Unknown,35.73996430990803,45,16.26605419097154,19,1649,Rain,1015.7250736910372
18/12/2024 02:38,7856,London,Autumn,17.031361984456275,51,15.25285696367562,19,6093,Rain,1008.4661376320016
07/05/2024 01:17,6428,London,Spring,18.128430739335368,47,12.58032814648812,58,7613,Snow,994.1927832609896
14/12/2024 22:37,7825,London,Autumn,15.383972706277376,71,5.235443978831431,47,2228,Fog,1018.3032409329544
22/01/2024 14:17,7875,London,Autumn,34.05943861425109,51,6.042888916058738,26,1527,Clear,987.6945516342108
17/08/2024 18:20,5403,London,Summer,19.696581352407417,79,4.673291315003717,13,6799,Fog,994.727443990844
25/09/2024 07:13,7310,London,Winter,23.7199886396758,77,150.0,4,6037,Rain,1003.9510663733212
30/05/2024 09:11,6336,London,Winter,14.357841179242804,54,0.8628083281633092,29,5336,Clear,996.5175164915064
07/09/2024 21:04,5223,London,Unknown,23.25840131785541,24,4.948971188612987,4,2604,Clear,994.86274284894
09/03/2024 05:36,8421,London,Winter,35.48075767264888,49,3.138762355786514,38,523,Rain,1009.6450523761556
29/01/2024 14:12,5066,London,Winter,23.61238823602952,34,100.0,58,4068,Rain,993.997675296163
30/10/2024 15:45,6435,London,Summer,10.075783818648173,45,15.228766609669448,10,50000,Rain,986.0584817338332
18/10/2024 10:08,5022,London,Autumn,22.61964038557128,78,1.957259189732196,14,7239,Storm,991.5645863091916
01/11/2024 01:45,5936,London,Spring,8.238494072200627,47,4.174842106100581,1,9044,Snow,995.2661421612972
04/02/2024 04:54,6164,London,Summer,19.12992879919344,26,16.859060241993824,50,8856,Rain,1038.1149048337106
24/04/2024 09:33,8281,London,Unknown,20.074391902913007,21,1.7477826920170632,23,4748,Snow,997.7493424151238
01/02/2024 22:32,6357,London,Unknown,16.14342385190787,45,0.8900483316393251,0,2188,Snow,1001.9871901017052
10/05/2024 01:12,5256,London,Winter,3.7618852095509143,46,2.849209085902608,4,9115,Rain,1014.0429863196337
14/05/2024 10:18,8929,London,Winter,11.27647153195452,91,1.1596095069826102,51,4274,Clear,1006.416743002932
15/07/2024 16:34,7498,London,Unknown,29.73665535361929,97,4.833131360909217,16,1279,Fog,1005.1321998872164
30/07/2024 12:22,7291,London,Autumn,10.626580760283217,44,18.0531982924903,31,5731,Rain,1011.4186905429192
13/01/2024 12:23,5558,London,Unknown,11.014606118718175,72,0.7473626202419403,44,6140,Fog,1009.7428667535296
12/11/2024 17:09,7317,London,Summer,0.6048886555116155,23,7.709359407827744,59,3317,Rain,1005.545955846816
05/12/2024 13:09,6873,London,Spring,8.023994415057535,44,4.644213023137465,7,1393,Clear,995.011353046303
05/07/2024 09:16,8953,London,Winter,17.632103884157736,96,0.3409710173899105,42,6967,Snow,1007.7177391080204
07/10/2024 11:44,5383,London,Summer,17.657761709451925,97,4.401089257239997,53,4838,Rain,1000.5312167898276
22/01/2024 09:59,7757,London,Spring,5.3638170606661095,29,200.0,52,1460,Storm,1024.0585637075164
16/04/2024 04:15,5721,London,Winter,7.405123395520672,94,3.057880724947785,41,50000,Rain,990.4577391446091
30/04/2024 01:38,7226,London,Winter,27.0802679242831,44,2.018626238407787,7,5236,Clear,995.9904209293446
23/04/2024 11:14,6000,London,Unknown,26.119519582638503,59,7.867538421575283,41,3373,Rain,1005.3768420125542
04/01/2024 22:24,5144,London,Winter,14.921973472095273,55,9.391283827848348,23,7287,Storm,998.6769291740864
13/02/2024 02:44,5082,London,Autumn,35.97994136430949,69,0.2218966092040801,28,9873,Rain,1000.1310464416512
02/10/2024 19:01,7497,London,Summer,28.932343212311505,96,1.927988218375873,55,5076,Rain,999.8237184014316
09/02/2024 09:34,6737,London,Unknown,18.47592458325852,29,11.15883328727494,47,5159,Rain,999.4257713697092
20/08/2024 08:04,6155,London,Spring,32.778988402880785,86,2.602586150192425,27,670,Clear,986.5154583729836
15/07/2024 17:12,6959,London,Unknown,36.90513932029789,99,3.346214685125134,17,9198,Rain,1009.4017266406364
07/06/2024 02:35,5180,London,Unknown,20.366460607772154,50,100.0,40,7436,Rain,993.3384132066572
20/02/2024 12:04,7927,London,Summer,36.3513056726197,49,2.1961517680678084,55,9885,Snow,1004.4702670298124
27/03/2024 02:28,5107,London,Spring,23.011170627226893,78,6.225168558605674,11,8523,Clear,1005.346960621566
23/04/2024 04:49,8020,London,Unknown,17.940168110528337,44,14.96859045344393,45,7102,Storm,977.3614527185314
03/04/2024 17:27,8074,London,Spring,20.548103274674325,43,11.256093860446388,18,5155,Clear,994.3539130702732
13/03/2024 19:10,7289,London,Unknown,13.611201491683232,82,5.074252339212229,58,3080,Fog,1003.8833431979368
16/09/2024 19:02,8936,London,Winter,14.216434154471283,77,0.1377539541441423,16,8609,Rain,995.5892502795616
24/11/2024 13:45,5318,London,Winter,24.312393937864563,86,9.773385913959782,4,4254,Rain,991.5146582725916
04/09/2024 17:34,6832,London,Winter,11.752242479060405,70,0.549109274691407,18,8052,Snow,1005.3616118568004
08/09/2024 22:06,7415,London,Winter,15.854975344518875,42,5.890947093535999,51,3264,Storm,994.86231325112
27/06/2024 22:50,6969,London,Winter,-1.3507542706001026,48,0.7268767589933436,3,351,Rain,993.2988412932276
05/07/2024 13:08,8514,London,Winter,7.684333902441708,64,15.450473774520868,52,6113,Rain,1006.464580260394
23/12/2024 20:59,7495,London,Autumn,25.6920327900774,31,18.62350727685829,47,7727,Clear,1007.5388425842684
19/06/2024 21:38,8292,London,Summer,6.365308410024554,20,18.031160669724212,46,2698,Rain,998.3954451408854
03/12/2024 20:22,5204,London,Winter,23.65820406807553,49,2.1884529377121016,40,6238,Storm,983.8665309104704
19/08/2024 19:47,5363,London,Unknown,22.956094857725688,80,0.2488571860907704,41,4801,Fog,998.0159922401472
22/04/2024 08:28,5195,London,Autumn,7.956958808271466,79,3.706202758570892,46,3822,Rain,998.1578297088238
05/09/2024 09:47,7941,London,Winter,18.128430739335368,42,11.090769749620822,19,8494,Fog,993.1203488166872
02/07/2024 08:18,7322,London,Winter,18.177084710295915,77,5.294071935024912,2,7485,Rain,991.3238748447584
26/07/2024 16:31,6432,London,Spring,10.254313901455555,83,5.7874066003405975,51,2925,Fog,1006.6348991794806
27/08/2024 16:25,5937,London,Spring,9.399501492097428,90,6.636618268514116,6,898,Fog,995.3104314602496
21/03/2024 14:48,8103,London,Winter,33.76972313113252,35,0.8488328041783442,56,8614,Snow,1001.1775025086908
18/06/2024 02:32,8193,London,Summer,15.971632081625891,37,0.208275440290703,36,7245,Snow,999.6075152898215
12/01/2024 20:28,8187,London,Unknown,8.13264465982888,92,9.382556993701735,14,4496,Rain,996.9192920793024
11/10/2024 18:14,8740,London,Summer,37.09700291308762,74,4.392348818902928,1,5168,Fog,1007.9633363677444
27/08/2024 18:07,6317,London,Summer,22.847710086283165,64,11.993736583073302,32,3331,Fog,1014.428910457433
20/01/2024 01:19,5740,London,Winter,18.128430739335368,73,14.794211650920731,34,564,Fog,1017.340437323444
16/05/2024 22:45,7072,London,Spring,18.161370534243,97,0.2802027065786152,41,7480,Fog,1007.7273679299748
22/08/2024 18:02,7271,London,Unknown,19.12995270947516,93,6.711053965671909,8,3038,Storm,990.0854497881847
11/09/2024 20:34,6733,London,Autumn,16.10615550821527,41,4.817907826963694,17,2490,Rain,985.7576766734592
11/07/2024 20:47,8322,London,Autumn,27.332619954241324,79,13.386862989228309,35,7896,Fog,1020.6257124303476
26/03/2024 02:50,8977,London,Winter,11.298756300757546,44,200.0,40,50000,Rain,1005.4005113123364
15/08/2024 22:00,5181,London,Spring,0.6693612707305832,89,22.022557978487253,21,171,Storm,1011.3699983929168
04/03/2024 14:55,8477,London,Spring,35.609595219067984,36,5.098768753616909,48,4328,Snow,1017.0808081796224
27/07/2024 22:51,6461,London,Spring,26.93581055151057,85,8.846368465899882,15,4752,Storm,1007.0176929437332
20/03/2024 14:49,7827,London,Winter,19.8802873536037,92,5.327533158723028,37,9079,Snow,993.5600925520253
04/06/2024 09:52,8528,London,Autumn,32.12762005106017,21,1.5165761770830972,31,9658,Storm,995.5323784689054
25/07/2024 18:47,5579,London,Autumn,26.824857385381407,71,200.0,49,50000,Snow,990.0931790983212
08/09/2024 16:08,5103,London,Spring,33.1499482452835,95,4.324856665462934,0,8543,Rain,987.956967661165
23/10/2024 07:48,5798,London,Unknown,8.681320723506047,68,5.1663810269029895,5,8973,Rain,994.614050201492
05/06/2024 12:24,7960,London,Spring,9.540466811289908,81,6.554275542199513,16,1237,Storm,997.4551599175217
26/05/2024 06:05,6754,London,Winter,-2.0971215735488045,22,21.15480424336041,8,1142,Rain,1013.5205092406992
20/05/2024 04:04,6671,London,Summer,-0.3660002566582783,47,11.396500591414014,42,8631,Snow,983.7307757549452
30/12/2024 00:22,7785,London,Autumn,8.309313670805533,72,8.024493198858101,3,9168,Storm,999.2777778426164
01/02/2024 12:12,6337,London,Spring,8.935633872922224,73,0.0729485712037121,0,3793,Snow,1021.9119728344024
31/05/2024 08:48,8904,London,Spring,11.377275158522776,90,13.58368580118695,11,940,Clear,1004.3873767544108
06/04/2024 17:29,8883,London,Spring,8.099138308598132,63,0.9206601849211512,49,50000,Rain,1004.8251024265752
06/04/2024 20:47,5601,London,Autumn,28.86829679234172,39,14.079577375990784,25,7981,Clear,979.0191109276192
30/08/2024 15:24,5592,London,Winter,18.128430739335368,52,17.15618687144758,39,2087,Fog,1006.7182677931944
06/11/2024 23:59,6861,London,Spring,21.04235286505893,62,6.7271211796009815,29,5527,Rain,999.5741124808412
31/07/2024 20:05,6497,London,Unknown,21.507579002908603,91,150.0,5,8152,Fog,1018.6877966714878
11/08/2024 23:12,6489,London,Unknown,35.60600156415038,27,17.508330994214965,10,1332,Snow,1000.8503499145048
13/11/2024 15:41,7497,London,Autumn,29.70891574013712,65,10.896117788292225,42,178,Rain,978.5486489187087
17/12/2024 13:29,5244,London,Winter,19.612982248699737,89,3.1762712229288024,17,4523,Snow,1003.5133765733932
28/11/2024 00:05,7022,London,Spring,24.875954008268742,32,2.509619491528377,21,5784,Snow,1001.780710104734
19/11/2024 14:22,7199,London,Spring,18.412684492088506,40,10.906055919352838,23,6710,Clear,1013.5935601698076
24/06/2024 04:46,5939,London,Autumn,3.616203734792883,57,2.0715068220010098,44,448,Rain,994.9672458887956
31/08/2024 13:47,8931,London,Winter,10.57067670337895,84,6.965939894969815,28,8139,Snow,1008.794686951544
10/02/2024 17:42,5019,London,Unknown,2.0520671419222296,84,3.556852518018081,51,3726,Clear,1005.6490565669384
08/01/2024 14:46,5354,London,Winter,10.240953552876562,46,1.1777553803354368,56,3105,Clear,998.4291643110992
25/07/2024 10:30,8081,London,Spring,15.325276977054129,48,17.06366056938581,40,4867,Rain,1016.1269396567114
26/12/2024 09:08,8329,London,Summer,25.52863909806846,93,1.3433821686864,22,9513,Clear,1005.1521094565088
06/07/2024 07:30,6078,London,Winter,2.283651158113805,27,10.774274628393815,49,2020,Snow,1014.3097320552451
14/07/2024 15:09,8364,London,Summer,16.30765493325059,25,7.987479290033892,22,6704,Rain,987.4588531286548
11/10/2024 07:25,6254,London,Winter,29.59566030243808,42,8.085587753764074,51,2845,Rain,987.8561345701772
03/01/2024 22:46,5144,London,Unknown,22.316830008618616,83,200.0,18,5606,Storm,1018.3855442065402
29/10/2024 14:28,8114,London,Unknown,15.934571700403986,36,1.5602422750976803,29,4240,Rain,1013.0548713245048
02/05/2024 18:08,8355,London,Spring,10.51894991603428,54,14.43416691054314,24,1455,Storm,1013.6929632801026
16/01/2024 05:26,7755,London,Autumn,3.5682295152163555,88,6.409114951425942,45,5728,Clear,1003.4239266730089
26/05/2024 11:19,5966,London,Unknown,1.39899262361196,97,12.266485202163466,24,1158,Fog,1002.0401864635776
21/07/2024 20:13,8116,London,Winter,4.034372606395602,64,15.85495116494624,55,2297,Clear,1012.37298804828
23/08/2024 18:11,7829,London,Summer,18.57953115623813,27,20.555182380179662,8,9421,Storm,1003.9875880376974
22/03/2024 08:20,8740,London,Summer,22.982883452391093,29,5.128924576203441,30,3258,Snow,1004.7571677446992
23/02/2024 00:24,5620,London,Summer,18.128430739335368,46,11.308425125080351,29,9435,Rain,976.556278385392
11/04/2024 05:19,7695,London,Summer,14.647331318699068,76,0.0284663861478051,51,6084,Fog,1020.270527739721
14/10/2024 08:51,5829,London,Autumn,8.15386172269546,26,0.920153638436572,1,8872,Storm,1005.7168380470126
27/05/2024 19:10,5790,London,Unknown,6.228979341293524,58,9.337134290252193,17,279,Rain,1008.238074454986
09/10/2024 12:19,5342,London,Spring,-4.854144623341071,82,12.587591689516618,38,9420,Clear,1018.3901638663204
20/01/2024 16:45,8213,London,Summer,11.907983503990934,93,4.028207323303272,52,1278,Fog,989.9096420917504
15/06/2024 00:45,7831,London,Unknown,23.176656405279694,75,8.55936016264997,35,1533,Clear,990.7845006003952
12/05/2024 16:52,5674,London,Unknown,22.557836314968505,49,24.709180798522468,47,928,Rain,995.296359777297
13/03/2024 15:14,7930,London,Winter,60.0,87,7.357409563503797,54,50000,Fog,997.87793045378
31/05/2024 22:52,7522,London,Spring,16.201557026436703,54,4.50328035675626,28,5127,Rain,983.1491315550028
29/10/2024 19:10,7894,London,Summer,1.3604490574050132,39,10.794432823544692,49,4264,Rain,1005.3267686404876
05/02/2024 19:05,8268,London,Winter,13.100070199374278,88,11.344730331941664,27,5976,Clear,980.941940116739
29/04/2024 15:47,7321,London,Autumn,22.231286131093125,78,6.372413020536969,10,3564,Clear,999.2718735422202
29/05/2024 11:15,7012,London,Summer,-1.2615866115685996,65,12.482808421373916,55,2179,Rain,997.6242962305153
03/09/2024 16:48,7886,London,Spring,18.128430739335368,80,6.183945225020842,41,8572,Snow,996.823162923934
28/07/2024 02:45,6909,London,Winter,13.360528067012172,26,2.3891351939655383,8,1315,Rain,1003.6465814270492
17/04/2024 18:51,8929,London,Spring,15.273309626753848,43,10.451527568393466,58,4349,Clear,1000.981666874435
02/09/2024 23:33,5588,London,Winter,35.91238739982403,54,150.0,4,7417,Fog,984.812154240012
16/05/2024 07:29,8957,London,Autumn,15.755943109643102,46,13.915315296406018,53,7275,Rain,989.3546177384088
17/02/2024 21:27,6450,London,Spring,2.661809733411795,24,0.5542123760317086,12,50000,Rain,994.4380544341
10/05/2024 23:33,7586,London,Winter,19.143485766330052,71,10.16038101012436,36,7684,Fog,993.3973733781154
09/10/2024 00:34,5277,London,Summer,11.0984491173693,62,7.040611962158926,32,7660,Clear,1007.1998288091372
26/10/2024 22:03,6934,London,Summer,38.4639889846714,37,8.381301876056018,27,1077,Snow,1020.2263256517714
13/04/2024 10:57,5777,London,Spring,16.035558053941312,61,14.38787020733024,57,7067,Rain,984.8723284002416
23/08/2024 17:04,6596,London,Spring,22.669533131707915,27,2.937336950013467,54,1663,Storm,986.1456623900576
13/06/2024 18:30,5484,London,Spring,16.596159819725038,54,8.714270381540434,29,8780,Rain,997.7234302572984
29/06/2024 13:06,7261,London,Unknown,11.243537763784683,20,3.634359349868783,51,8435,Rain,998.0541333889414
07/04/2024 06:27,5563,London,Summer,20.39828078751108,92,5.420610271635231,26,1733,Clear,996.7864476763452
03/07/2024 02:45,6956,London,Unknown,-1.9348476113795563,89,2.328434654237518,32,171,Rain,1002.5089733347804
18/08/2024 10:45,8135,London,Autumn,4.05135097367927,77,0.6375566331895648,32,6841,Rain,1004.3555974162144
01/07/2024 07:42,5306,London,Unknown,8.689891266975703,26,3.081107427163205,8,7200,Clear,1006.829449215084
11/10/2024 18:45,5864,London,Autumn,7.594243486375525,56,11.862498836816163,45,9205,Storm,1000.9148050759824
12/04/2024 05:44,6996,London,Unknown,14.90377183929442,90,8.15000664201698,56,7497,Clear,1017.6101989710164
05/12/2024 08:24,5405,London,Autumn,24.230721066959493,91,5.382544835767123,42,2612,Rain,990.726262729219
20/03/2024 15:29,5454,London,Winter,24.868915387481948,76,5.84322261714094,36,9877,Rain,999.9248034878166
28/09/2024 08:23,8237,London,Unknown,23.794829341819927,63,11.761855737344613,41,5995,Rain,1005.8929912249972
31/01/2024 07:08,5522,London,Autumn,18.311225340561133,73,4.761502697814642,37,8778,Rain,1004.3587880152618
14/09/2024 22:58,6174,London,Unknown,24.98046437481819,21,3.047122047440266,38,5695,Clear,997.914305635108
11/06/2024 10:57,8955,London,Autumn,25.44801965162841,45,1.183393643551521,21,1830,Rain,997.3183175385636
06/04/2024 20:27,5654,London,Winter,21.35290420473979,80,13.633930244419242,59,6241,Snow,1012.8204910536448
02/06/2024 22:54,8422,London,Summer,13.20113088845766,45,13.300201569496904,6,3108,Rain,993.0206317256436
13/08/2024 15:58,6950,London,Unknown,9.926772423150409,31,7.088403878285892,57,6566,Rain,997.219901158196
20/11/2024 18:15,5549,London,Spring,32.63472826924176,79,0.8612636654281802,24,3567,Rain,1004.3618748826136
16/12/2024 03:02,8678,London,Autumn,9.1352967923472,68,30.264470652255948,15,8781,Rain,1005.1766654029389
10/09/2024 21:19,7622,London,Summer,33.94516074651757,89,100.0,16,50000,Clear,1000.8459183530418
04/03/2024 00:38,5744,London,Unknown,7.654915473776374,57,4.233528686551098,42,5662,Rain,993.5910092253358
05/07/2024 22:52,7213,London,Winter,18.128430739335368,65,11.624657577844212,55,8410,Rain,1017.2880928127416
09/06/2024 20:56,7331,London,Summer,18.69779421048529,98,4.749617653476565,33,8960,Rain,1003.4465765259168
14/08/2024 19:07,6001,London,Winter,19.408336365807425,71,9.002403719635844,45,4065,Storm,993.7454509948114
28/04/2024 19:09,8409,London,Unknown,29.965373670015843,90,7.897805953100802,14,8148,Snow,1005.538251277221
13/10/2024 15:03,8625,London,Unknown,24.45425368796805,54,12.528397196596089,26,4272,Fog,989.9061622594712
07/07/2024 15:53,6223,London,Spring,23.02481617135936,94,2.0774420895843804,44,3148,Rain,1013.833862664264
09/04/2024 11:57,6938,London,Summer,14.60211010164076,39,11.548841247220782,39,8613,Snow,997.3736807660936
05/08/2024 10:58,5685,London,Unknown,13.123920250053866,46,0.9422905391789208,52,2908,Rain,1000.8261061635886
06/09/2024 01:26,8697,London,Unknown,6.294771414837269,66,11.966819687873906,25,50000,Storm,990.795927717048
22/07/2024 13:37,5875,London,Autumn,28.306639838404084,27,8.331387491624326,0,5339,Fog,1008.2229733197036
26/09/2024 19:59,8968,London,Spring,9.672636672802495,81,4.060697470345163,6,7202,Snow,987.0439480756128
10/03/2024 12:25,8139,London,Autumn,11.13106519921358,88,200.0,38,4062,Storm,1006.2983288845631
26/08/2024 10:01,8158,London,Winter,-30.0,41,11.063001295395653,52,3298,Clear,1007.5514466580776
05/02/2024 11:10,8652,London,Winter,15.189382734669062,89,150.0,13,5887,Fog,1009.4603100730752
03/04/2024 10:55,7091,London,Autumn,18.128430739335368,80,7.709113518530653,24,2540,Snow,1000.1848119503588
13/05/2024 19:07,5459,London,Spring,18.58989065899958,82,200.0,59,6802,Clear,992.3235062035336
24/04/2024 11:05,8489,London,Unknown,12.975884469551158,98,7.93683883993793,52,8106,Snow,981.4169456401077
15/08/2024 03:42,7471,London,Winter,5.454618459209696,22,0.1234454627587506,2,8307,Rain,1008.5124623612816
28/04/2024 12:15,7959,London,Spring,29.581416145842333,69,9.819436579602598,21,1183,Rain,998.5194725481232
29/11/2024 15:18,6263,London,Autumn,20.67734191264902,87,6.356148400520524,48,396,Snow,994.0636178683728
01/04/2024 00:39,8908,London,Summer,17.78567836371933,54,6.189030061912511,12,8695,Clear,992.0860443809088
09/01/2024 01:30,7556,London,Autumn,43.67076904689368,74,0.1257314083701999,17,7411,Rain,1001.2319681724656
05/09/2024 06:38,7442,London,Unknown,15.289367831168107,54,0.0560107782013421,7,4755,Storm,1011.1000160171378
04/06/2024 01:28,6037,London,Spring,24.049499254546134,41,6.486852438225682,51,9120,Rain,1014.1296420853852
01/12/2024 09:12,8376,London,Spring,18.128430739335368,27,6.367729865025797,0,7725,Storm,999.9303121541416
04/09/2024 00:49,5295,London,Autumn,13.990752802794985,96,9.762173985735783,55,4160,Snow,1019.8608630052308
30/03/2024 18:32,8683,London,Spring,20.19169289804544,82,4.824289756353998,24,2445,Fog,1001.1750478561896
21/08/2024 09:07,7769,London,Unknown,15.679965125961,62,4.621715850489887,20,7629,Clear,1012.2237005944512
29/09/2024 07:07,6050,London,Unknown,27.09874830664276,76,15.621631667348938,42,6850,Rain,981.9680104722688
02/09/2024 07:46,7671,London,Autumn,19.67464214542692,73,0.5344429863886528,47,3538,Fog,983.5426507819584
10/02/2024 11:09,6028,London,Unknown,18.61101752857473,90,7.063112457344895,43,8894,Fog,1000.6150720096664
11/04/2024 08:25,5796,London,Unknown,28.2567247349826,79,4.392758870673353,59,6054,Fog,1010.3723237171636
13/02/2024 03:40,6233,London,Summer,14.041635779662382,93,21.59403442325576,13,5561,Rain,1007.0768146247694
29/12/2024 04:23,8947,London,Winter,22.75362960259372,96,4.037125812198639,8,5562,Rain,994.08513268709
22/08/2024 09:05,8725,London,Summer,21.084195544743288,74,12.895846743819565,21,8362,Rain,982.055143201552
12/05/2024 07:31,7947,London,Spring,18.128430739335368,84,5.708625807924112,9,4640,Rain,994.6355305246768
06/01/2024 20:58,6860,London,Summer,28.80887257374131,45,6.85811383758667,42,8061,Clear,1002.9002134407428
23/11/2024 03:45,5360,London,Unknown,4.181749377691606,66,2.089854967340745,7,9568,Storm,1010.3612052271748
08/12/2024 03:17,8783,London,Winter,-0.0384199393298594,38,7.281215788115054,13,5318,Storm,982.8363023836308
08/12/2024 19:30,7192,London,Winter,13.011885792175129,81,5.594911283922956,43,5971,Storm,996.6155944088852
11/07/2024 11:19,6525,London,Summer,18.65554387885395,70,10.717203723076324,15,137,Clear,996.2057444825156
27/02/2024 01:34,5630,London,Summer,24.674543194012543,35,6.542315028997983,1,5286,Storm,987.9046786828036
21/07/2024 17:41,6375,London,Unknown,5.553553392861161,29,7.349283417243877,40,2097,Rain,996.012831851646
11/06/2024 15:33,8951,London,Winter,20.323132049265105,51,100.0,12,1628,Rain,1002.9367515149812
07/08/2024 00:16,7731,London,Winter,13.791163223676175,41,10.390609724713473,34,6947,Clear,1011.7500348713992
09/01/2024 19:08,5303,London,Unknown,27.659719311662958,28,8.965863132813206,35,3183,Clear,995.30370627793
12/02/2024 03:03,8967,London,Autumn,21.94760126727912,57,15.539085472541332,52,3775,Clear,1001.6352643106488
03/12/2024 21:09,8863,London,Unknown,21.81175756470441,84,6.951959227768578,42,5290,Snow,997.824710097393
28/01/2024 21:57,6554,London,Summer,26.34507598108346,54,13.57134809268164,28,5699,Storm,1012.710898631748
02/03/2024 23:22,6976,London,Winter,13.179077899645971,54,5.718352427041605,34,1526,Snow,993.4489590848592
22/05/2024 18:30,8159,London,Winter,15.281202153273398,69,4.0382495418341975,7,8412,Storm,1010.1928603707142
01/07/2024 11:00,8933,London,Summer,9.191395317942677,64,8.49461264996883,28,1355,Snow,1000.6143298942588
09/10/2024 22:08,5035,London,Spring,18.75088133738612,72,21.148781713601636,0,5663,Rain,1004.019114193152
07/10/2024 21:15,8154,London,Spring,6.733593689086753,53,100.0,48,4001,Fog,1006.9461492424724
02/08/2024 16:58,5712,London,Unknown,-30.0,25,4.220545942311825,44,8894,Storm,1008.755013452204
20/07/2024 08:19,7104,London,Winter,24.737029305524715,77,1.2673001842572456,14,3435,Clear,1000.114276407978
21/08/2024 15:52,7737,London,Spring,20.425430048810775,72,5.052009512113122,11,231,Rain,977.6973266849888
28/03/2024 02:12,6835,London,Summer,13.600761634187162,26,14.688543591574684,50,7837,Storm,1005.7854018383352
27/03/2024 04:06,5439,London,Autumn,11.633751669605603,81,15.033886102089268,39,50000,Clear,996.3121375913112
16/04/2024 23:56,5629,London,Spring,14.21623713129609,87,0.2256107587326763,23,5282,Snow,1013.9143748679747
04/09/2024 01:36,7586,London,Spring,0.6511972215447734,95,21.576427379102647,29,415,Fog,1002.553548741939
26/11/2024 15:30,8996,London,Autumn,28.68694980050486,56,1.5076383202451191,55,2193,Storm,992.5780744135122
23/08/2024 19:37,6601,London,Winter,18.128430739335368,40,15.529956439009878,57,2916,Rain,998.0362488532596
20/09/2024 19:53,5922,London,Spring,17.64031811567322,23,0.342386564446306,29,418,Rain,1006.9951449316156
21/02/2024 04:44,6555,London,Spring,17.55302841639321,43,3.333628637984649,55,6885,Clear,991.6862746451698
27/10/2024 07:30,5780,London,Unknown,32.59625897017039,59,5.249977918385257,57,5498,Rain,1000.550934460668
25/03/2024 07:05,7652,London,Autumn,18.865898892195773,90,0.7048126410023414,46,50000,Rain,1005.1568153808772
06/11/2024 20:21,8308,London,Summer,15.711759335763272,87,16.140637509008748,10,7061,Storm,1020.3908619057604
26/08/2024 08:23,6073,London,Winter,45.329944470591975,92,16.09401640225994,30,502,Rain,993.6175696358416
13/06/2024 04:55,8856,London,Summer,2.7690429347394314,20,19.162943621246143,42,7579,Storm,1019.9363243741668
27/12/2024 05:08,7027,London,Summer,20.97130368390238,99,5.476714125969652,55,7609,Rain,983.7523859145826
27/07/2024 21:04,6282,London,Summer,7.2695263907522225,63,1.7439031657367408,25,4013,Snow,986.0583597507156
24/12/2024 20:52,8144,London,Winter,35.40529707962786,29,6.818011470377851,24,2731,Fog,1017.8737193460656
08/06/2024 11:07,5927,London,Autumn,-30.0,25,10.317166258046448,55,5984,Rain,984.5288870038158
28/07/2024 17:56,5207,London,Unknown,14.553754004938003,30,1.820026446122133,18,4996,Rain,998.4990620490428
01/01/2024 04:09,6652,London,Spring,11.920487409799772,86,150.0,15,1055,Rain,1016.590006843091
21/07/2024 07:23,6248,London,Summer,35.471636947263754,60,5.899181724150979,59,5424,Fog,1000.701647459346
22/09/2024 04:09,7467,London,Winter,27.64817585916056,47,6.510106000632845,28,839,Rain,999.4840237489716
28/10/2024 02:02,6726,London,Spring,28.923755659706856,97,12.550260129772743,54,6694,Rain,986.4636443607424
18/09/2024 19:01,8316,London,Summer,22.80317847578249,86,0.857750023737383,39,8110,Clear,1013.0530488310094
19/02/2024 21:40,8540,London,Unknown,20.126853359977147,80,8.353235087855259,49,8432,Rain,1016.9395092554008
13/01/2024 08:47,6516,London,Summer,6.319469198137297,37,200.0,58,827,Fog,1011.5156538260096
06/06/2024 04:33,8730,London,Autumn,22.723052759647885,31,6.328846364341837,11,1060,Fog,996.9782119051288
12/07/2024 08:21,8853,London,Unknown,11.91326029200184,20,5.936820200324021,21,5739,Fog,1005.0773641883516
28/07/2024 03:59,6618,London,Unknown,5.393958435941988,62,11.461951389796033,20,2564,Snow,990.3838973482084
29/11/2024 10:43,8913,London,Winter,22.22115005333321,42,13.684460599944014,16,6851,Rain,993.7148038841988
14/08/2024 13:07,6591,London,Summer,28.420029911867505,28,13.346063438588304,23,6667,Clear,1001.148289149668
18/12/2024 22:25,7156,London,Winter,34.98600321274425,57,1.461272344377103,26,5273,Rain,1000.5985484808372
26/01/2024 09:46,7727,London,Summer,29.55054338186199,27,9.274878954134282,17,1186,Fog,995.4199237430398
20/10/2024 21:44,5718,London,Spring,11.698335259791689,86,1.973590196725853,12,1621,Rain,984.5828380732884
01/05/2024 09:47,8383,London,Summer,23.13756687888485,59,6.97614729575974,33,5162,Snow,989.9426141069656
04/02/2024 05:34,5367,London,Winter,3.1684132944613896,70,12.785725291564134,54,9012,Rain,1005.4085297014268
26/05/2024 12:09,7325,London,Winter,18.128430739335368,69,1.8280118202966031,58,4084,Storm,1002.4916678098984
29/05/2024 15:09,6856,London,Winter,17.205197831357662,23,200.0,46,8255,Clear,992.0975605485266
06/08/2024 21:23,7266,London,Summer,28.780907149060592,42,3.1078439931568105,24,4409,Snow,1003.1738670786106
07/02/2024 12:35,7665,London,Summer,22.300618236033635,54,4.05131289603449,10,4653,Fog,1005.2260726141352
08/04/2024 17:05,5294,London,Autumn,4.666141472286224,59,5.812064955401259,32,4006,Clear,1004.5796854561432
14/07/2024 04:16,7280,London,Summer,24.522064454514958,98,5.085819389171609,49,2928,Clear,989.8861796981914
16/11/2024 22:37,7068,London,Summer,18.275948310755084,55,11.421765332068071,21,7640,Fog,1002.1549967524612
09/02/2024 05:50,8585,London,Winter,0.2509657903679532,67,1.7371754034350273,18,4858,Clear,1015.6109964881392
11/03/2024 22:59,5594,London,Unknown,28.13021538500695,90,9.93337468500035,24,7514,Clear,1008.6515973954876
28/05/2024 03:58,6430,London,Autumn,18.128430739335368,73,2.154441310753838,13,9378,Snow,1004.0454992083882
01/01/2024 19:55,6626,London,Autumn,31.42850178525726,37,0.3264593682279466,36,4781,Clear,1000.8269262123828
05/06/2024 10:30,8479,London,Winter,18.595049791176912,72,100.0,59,2442,Storm,984.4699592549516
08/10/2024 03:15,7681,London,Autumn,35.37916239881575,51,11.834178551686565,43,4173,Rain,1002.0042324200534
21/01/2024 20:10,6078,London,Spring,14.670768790130452,21,14.43182791352136,11,1667,Fog,1004.0342507699936
10/08/2024 01:03,7892,London,Summer,13.098450784495304,62,0.8565957894101057,19,3245,Storm,1015.5317581336676
23/09/2024 03:18,6664,London,Spring,19.72728775124771,20,200.0,23,715,Rain,989.805721830288
23/10/2024 03:46,6250,London,Unknown,-0.8760827124089872,99,13.59752105640673,33,5351,Clear,993.1713270768114
17/10/2024 07:34,5252,London,Winter,0.4039706097327631,24,10.74307294225179,16,8743,Fog,995.4223470996528
05/07/2024 09:06,5081,London,Summer,18.128430739335368,76,10.74202042392776,4,5091,Clear,1002.8003713845816
10/03/2024 02:08,5556,London,Winter,-4.649326314309409,26,11.28157340464836,40,6448,Rain,1003.7967596784
08/02/2024 21:53,5180,London,Summer,5.157540988813615,36,4.826893020851145,18,1434,Rain,1004.7085322235024
07/06/2024 20:48,5640,London,Unknown,18.79946346118806,64,10.732453149522772,29,6153,Fog,995.2000063628676
14/08/2024 23:53,8191,London,Winter,40.17470497288183,93,0.8855553996296956,50,4119,Rain,1005.2179668724924
17/05/2024 18:15,7248,London,Summer,31.356990623939996,59,14.064190337399502,43,375,Rain,998.7651063653748
25/07/2024 23:54,8435,London,Winter,27.925490097871037,25,20.54298745089245,50,5179,Storm,996.7852152247063
31/01/2024 05:59,8550,London,Autumn,8.36614641164016,68,0.2234253504249919,51,9082,Storm,993.2701792223218
05/06/2024 07:59,7035,London,Autumn,11.396365966985972,43,10.106939280015776,9,5003,Fog,1000.9993922667196
16/08/2024 14:16,6707,London,Autumn,20.35411874361038,80,100.0,58,4828,Snow,996.8555619226876
22/10/2024 14:52,5235,London,Autumn,19.647060350871136,28,4.2708478643913725,45,1592,Clear,994.5073069852796
18/05/2024 08:39,5679,London,Summer,21.200714986559603,66,12.657172403870993,24,5613,Rain,983.9094987841844
05/12/2024 05:12,8331,London,Winter,13.078413858387565,30,5.058488889745407,59,8635,Rain,996.8716441471404
10/10/2024 05:04,7600,London,Unknown,25.31929038174369,76,7.881666250385049,37,50000,Storm,985.3526253272156
12/05/2024 15:23,6244,London,Summer,17.17948344812296,65,100.0,3,5255,Snow,989.2607750613514
06/05/2024 19:03,6806,London,Spring,-7.928747569106921,23,5.644084623416501,3,626,Rain,1012.1451560374776
22/07/2024 10:38,6150,London,Autumn,14.409876118436085,32,4.521981298237397,22,9971,Snow,992.9510992706562
09/05/2024 00:53,5247,London,Spring,16.666330425683586,37,2.014387205530749,53,4695,Rain,997.6446985150116
13/04/2024 07:39,5117,London,Autumn,0.9362228266900524,26,8.495082031053384,52,1792,Snow,1008.4681100726548
29/12/2024 20:01,5651,London,Unknown,18.128430739335368,66,3.28987876895559,53,9180,Rain,989.774194085756
07/10/2024 13:42,5694,London,Spring,9.703885995306043,27,12.393092879340898,11,208,Snow,1001.3975889560206
24/08/2024 07:22,5538,London,Autumn,11.826261345540209,95,13.462013180496715,15,9114,Clear,1015.0854353842324
07/11/2024 18:59,6461,London,Summer,11.579032355030067,57,4.043042134884878,58,6931,Rain,1006.8543397719787
14/01/2024 18:01,5302,London,Summer,6.447158454092275,33,9.368221719063,10,2502,Storm,992.7162131557562
07/06/2024 14:42,7199,London,Summer,5.349603065039807,74,10.052039741129969,24,1112,Clear,1029.1798226872363
30/06/2024 20:05,5951,London,Spring,20.578897661521538,94,0.3619001036095657,16,3549,Rain,1005.108229272952
15/10/2024 20:14,5882,London,Summer,22.16004629527648,56,10.725598593671943,48,6100,Snow,998.1353923421982
29/08/2024 01:32,6379,London,Summer,24.889202052268597,40,2.063883408725137,57,9637,Rain,1017.5912644491834
27/11/2024 10:17,8334,London,Winter,23.256079977892213,79,4.105110084665966,41,2750,Fog,1003.5238979216851
24/07/2024 15:37,8061,London,Winter,21.63249491146929,64,5.833734077924188,4,2309,Storm,990.3974189788166
22/11/2024 01:40,5237,London,Winter,24.478626843958875,81,1.1383815496255871,17,2470,Rain,1012.0645420168364
10/08/2024 19:09,5546,London,Unknown,22.74003694919293,28,5.265667314349464,54,50000,Storm,1009.593171997392
13/10/2024 11:22,6377,London,Spring,-0.7344405830843215,72,12.65786584190658,35,7586,Fog,1011.0682986032
24/06/2024 10:13,6813,London,Winter,13.777960438114564,44,13.4688387631677,31,1956,Fog,993.0340654304975
15/11/2024 14:55,7289,London,Summer,12.135363930836272,84,6.91977513134111,51,9988,Rain,1015.9046726776652
01/07/2024 09:23,7923,London,Spring,20.65390305068279,82,3.5303718770295154,18,353,Fog,1003.1438798803732
07/03/2024 11:13,5848,London,Winter,18.6288682812535,34,7.09432811558463,34,2685,Snow,993.991973245396
02/06/2024 17:44,5083,London,Autumn,10.592393582207748,66,16.691136381039684,25,50000,Snow,999.4204178991314
11/11/2024 22:35,6103,London,Autumn,13.913943672635044,21,12.767250388796056,6,4551,Fog,988.4716068462149
19/05/2024 15:34,7711,London,Unknown,-30.0,26,11.496676674536696,46,9439,Snow,1015.7740458808267
22/09/2024 09:08,6682,London,Autumn,18.128430739335368,69,12.35483560485562,4,1476,Storm,1004.9902929167612
23/09/2024 05:48,5506,London,Summer,33.254785475733954,70,3.7757504615369033,20,3695,Fog,1005.5037552907368
28/04/2024 01:03,7138,London,Unknown,16.82006628667288,56,4.957264441562504,50,4648,Rain,999.9616791695494
21/06/2024 21:27,5690,London,Winter,25.122120054040856,81,6.711750629961104,7,9851,Fog,1003.6727317958018
24/08/2024 11:56,7808,London,Spring,23.410098356495325,49,13.464628368137545,34,4159,Rain,1015.2945633990928
16/09/2024 15:57,7645,London,Autumn,9.997622709553752,66,10.237620639306748,28,50000,Fog,1003.6273655632212
30/01/2024 17:40,8883,London,Spring,23.28329750002868,60,2.1811958137295844,39,7565,Rain,1018.7291575063
12/05/2024 18:04,6536,London,Winter,16.448351423332763,52,0.2265553736429479,40,2037,Rain,1003.6027702347828
05/06/2024 13:48,8293,London,Autumn,15.170838855735989,91,6.112656195270011,53,6607,Fog,997.7493617979844
01/08/2024 22:13,6409,London,Spring,39.07525764592923,98,11.680230063146304,14,9267,Clear,1037.1285936314516
05/08/2024 11:47,7615,London,Summer,23.79513427394708,93,3.2105567742964567,42,50000,Snow,996.3369370205044
05/09/2024 09:45,7285,London,Spring,33.94383741267664,70,3.318776781414324,5,5026,Storm,1011.3012761647476
06/11/2024 20:01,6796,London,Unknown,10.602637130346526,72,13.20836816760188,43,7047,Clear,995.8894718694722
06/02/2024 13:04,7167,London,Summer,24.985367396743246,99,4.652714005602596,18,8905,Snow,999.593389899336
10/08/2024 17:34,7591,London,Autumn,17.90026016652948,39,7.162098397336258,15,50000,Rain,1002.2684423011028
06/10/2024 10:34,7165,London,Spring,34.20038093886341,98,0.7113591918599314,38,5516,Rain,999.2776415009422
30/06/2024 17:43,7686,London,Spring,26.09655895930709,35,17.147277726090127,37,4104,Storm,985.1852422443188
03/12/2024 00:35,6211,London,Winter,9.223154456727858,62,2.9177136889142314,17,9422,Fog,996.4573680467844
12/05/2024 13:57,7575,London,Spring,13.248393468607642,89,4.147164261535392,29,6013,Clear,1018.4862662133196
01/05/2024 16:42,5036,London,Spring,36.39706876221446,34,1.141383645956136,14,50000,Storm,994.8381235101136
13/01/2024 08:42,7544,London,Autumn,18.15862156683796,99,12.345355593353364,49,192,Rain,1014.0997859990875
22/10/2024 03:56,6703,London,Winter,15.169199193664229,55,6.382608580805131,42,3301,Rain,1012.0362345924862
09/11/2024 17:34,6710,London,Summer,9.193326325920596,57,9.100615483896226,18,1922,Fog,981.5150644426952
27/11/2024 06:33,6685,London,Summer,16.366842604261308,96,6.248691098125347,44,2591,Snow,1010.8020803257745
16/08/2024 06:32,8328,London,Summer,30.577419794693284,80,13.684901132252197,39,2643,Rain,1017.0568015832814
28/05/2024 23:23,8750,London,Unknown,9.925596783699936,26,0.2576784275600747,6,4585,Fog,1015.9973346638254
08/06/2024 18:58,7611,London,Autumn,21.871482672774825,20,2.833858587614323,59,1955,Fog,995.9035050124098
22/05/2024 08:08,5757,London,Spring,60.0,66,7.76181243200311,4,5370,Snow,1000.1120184020664
11/12/2024 10:37,8333,London,Summer,36.12263053154293,62,12.195723480466516,41,990,Storm,994.473294219848
07/10/2024 03:14,6202,London,Summer,10.988027680328404,79,2.307409699412526,26,4692,Rain,1005.707801747922
10/09/2024 12:10,8655,London,Winter,6.179599214329919,92,5.146809307858785,55,5599,Rain,1012.5725662194174
03/02/2024 11:38,6121,London,Summer,28.91527498165601,95,19.376440890637667,50,2761,Rain,1000.4573145273108
07/08/2024 12:06,7518,London,Spring,19.44519264799625,46,3.677145529360404,43,8000,Storm,995.3427886392376
25/12/2024 19:52,6951,London,Winter,20.14311797118235,34,0.9323511511391818,54,5898,Storm,999.5387495353732
19/06/2024 10:41,8551,London,Autumn,25.369042617473344,33,10.94874260865426,53,5096,Rain,1001.3489965434296
21/08/2024 17:37,8254,London,Unknown,25.670247415037814,73,200.0,32,7415,Clear,1003.6113330170276
07/12/2024 13:08,6558,London,Unknown,18.128430739335368,52,12.643900518680786,13,7926,Snow,999.7022489905096
30/09/2024 07:29,8079,London,Summer,28.01917345186211,38,8.401490895519732,10,50000,Rain,981.359348310518
11/10/2024 13:14,7057,London,Unknown,2.6414189034085176,29,24.33010365079508,28,5592,Fog,1006.5613089359769
20/09/2024 22:45,7443,London,Winter,23.807187123592875,93,1.9622127849791775,41,4329,Fog,980.8028540092064
19/06/2024 15:22,5927,London,Autumn,25.625804825736022,42,100.0,32,50000,Clear,1004.707742728435
27/06/2024 21:18,7336,London,Unknown,27.593453182578813,83,1.7278509549479182,10,9946,Snow,988.6379704414472
09/10/2024 20:36,8894,London,Spring,27.805098708631743,68,4.83316620338806,3,7801,Rain,1009.121731976972
24/09/2024 15:31,8272,London,Summer,16.557604493579245,35,5.3500081050611605,9,4683,Rain,1005.4535882829686
16/09/2024 05:50,8027,London,Spring,20.362452877166064,33,10.560482380136628,12,4578,Rain,988.0135141320444
20/02/2024 07:49,8948,London,Spring,19.59360545639534,68,7.286721011589141,57,9524,Clear,1000.418423438494
20/01/2024 01:23,7487,London,Autumn,-9.827115388980172,45,3.9332815510585215,10,1046,Fog,1002.0930445005594
28/11/2024 21:25,6028,London,Autumn,16.36288536328805,86,15.931243662124656,41,7701,Rain,974.5883760997982
20/06/2024 00:00,7213,London,Spring,17.377537180312014,88,2.915451229990521,4,7023,Storm,1000.6966818284972
25/08/2024 16:04,8544,London,Winter,23.84826765305501,52,4.439649499346976,52,50000,Clear,996.6817668886988
10/03/2024 16:28,8627,London,Spring,14.725700568221889,30,14.42410145096901,2,5212,Snow,996.320887793494
28/01/2024 02:50,5501,London,Autumn,34.389250366907845,57,20.634364563235025,19,4167,Storm,1015.1898252603796
02/11/2024 00:12,7837,London,Winter,5.082794960495203,56,9.480683622344486,58,8429,Storm,998.9723624714936
15/10/2024 22:37,8403,London,Summer,17.330308916934417,82,4.211445428066233,9,6936,Clear,1006.964858269871
07/10/2024 19:54,8434,London,Autumn,9.461254239289955,59,2.235782893390379,18,4697,Clear,1009.787750052834
23/11/2024 00:43,7895,London,Summer,19.45287180245044,76,6.554478449912761,39,5592,Fog,983.5397417843368
13/05/2024 18:33,8932,London,Winter,22.966677595395595,28,19.68489923276693,14,9339,Storm,990.5403512409129
11/08/2024 15:23,6863,London,Winter,11.364455731896212,76,20.74708929037672,31,8769,Clear,1020.1695345974342
30/01/2024 05:51,8191,London,Summer,13.249819606144705,89,7.646232023239404,5,50000,Storm,1009.4373546722608
06/09/2024 11:33,8968,London,Autumn,14.414394862711625,62,2.9288599052325552,48,5960,Rain,998.0208596430874
23/03/2024 22:14,7967,London,Summer,13.163788166298035,62,19.264307448296638,30,2348,Fog,989.8170909020256
08/07/2024 09:14,6422,London,Winter,12.997872496745448,32,17.455374845767793,59,5135,Snow,1004.5313204880816
03/10/2024 10:46,6819,London,Unknown,10.713009935247076,85,7.654899405071248,3,4725,Storm,999.3659005057827
28/08/2024 00:16,7012,London,Autumn,20.669903810958395,41,1.212768701753571,47,105,Storm,989.835642765132
25/03/2024 21:57,7866,London,Unknown,11.440328811846667,34,150.0,5,7780,Clear,997.694216705343
09/05/2024 15:23,5607,London,Spring,10.17533858425106,49,16.411295108072352,46,1542,Rain,994.4463466350534
18/10/2024 07:51,7572,London,Summer,1.4371386903364396,57,11.027615268490733,35,2520,Storm,990.8472084052892
30/11/2024 20:57,8749,London,Autumn,2.054400558119301,57,0.9731748400335842,55,5955,Clear,993.1842721242216
19/04/2024 11:18,8662,London,Unknown,11.53908604804282,75,7.826484052650489,56,3041,Fog,993.8448770156982
22/06/2024 23:53,6760,London,Autumn,29.61849191802203,36,0.3465385465418862,46,2629,Clear,986.449620138288
21/09/2024 04:04,7675,London,Unknown,23.23533908842185,92,11.50546263187789,37,2111,Rain,1013.4234909040651
11/04/2024 14:04,7931,London,Winter,33.99895946731858,96,5.00735464695794,15,6213,Snow,1005.1963527507584
20/11/2024 09:05,8856,London,Spring,19.409880605053587,57,5.968758020453805,10,128,Snow,1000.4053818927076
15/01/2024 02:01,7288,London,Unknown,-30.0,63,1.551038438421429,43,6229,Rain,1025.40182938161
04/06/2024 01:04,6203,London,Autumn,19.578959540251425,23,6.988036538693232,27,2751,Rain,1005.0908941432086
18/04/2024 21:46,7586,London,Winter,12.213584672726904,95,2.8704517169062527,53,2435,Rain,1011.5243211115744
25/07/2024 18:58,7773,London,Summer,19.00082285567896,85,100.0,40,271,Fog,1002.7436076036572
12/06/2024 03:25,8929,London,Unknown,-3.864568146882789,65,12.910732903365725,22,8017,Rain,1000.3974045416528
28/12/2024 01:10,8311,London,Summer,10.10659101633323,59,23.241987286632995,3,9150,Rain,998.664934591668
19/03/2024 17:01,6628,London,Spring,23.36416448537984,72,100.0,19,4613,Rain,978.4552957707252
27/11/2024 23:01,8689,London,Summer,18.128430739335368,47,1.355177461801205,15,3832,Rain,1001.7313478966392
06/10/2024 09:12,6590,London,Winter,27.224213700183824,87,15.419756793377742,46,2809,Clear,1013.357424226832
08/08/2024 23:41,5114,London,Summer,43.32771165552596,67,0.5759248595831945,28,2590,Rain,1002.3738321705292
22/04/2024 18:08,8269,London,Unknown,24.59978339632209,98,0.4003186619313217,17,6047,Rain,993.30650638337
13/07/2024 21:48,8685,London,Unknown,29.969360138843093,46,0.4550523952949454,6,3841,Fog,995.7513449393458
27/06/2024 19:24,5487,London,Winter,20.46297470023792,87,11.443957227254288,38,9730,Storm,1000.4089070835304
02/04/2024 03:19,7812,London,Spring,18.128430739335368,50,10.487915794376349,33,50000,Snow,997.6333690212624
20/12/2024 15:35,8338,London,Spring,14.655181641621724,36,15.6398109703336,48,3175,Rain,1014.1753252724036
06/03/2024 21:20,8203,London,Spring,31.139405324024374,89,8.673538511818666,37,1733,Rain,993.598067354343
24/01/2024 17:01,5515,London,Winter,28.056836507940773,35,8.62925378852706,46,3729,Clear,989.2837630595236
24/01/2024 14:13,5128,London,Winter,19.94842532429668,68,6.071885408477723,1,168,Storm,1002.3026833573924
26/04/2024 13:37,5459,London,Winter,18.128430739335368,57,19.623604558660794,39,410,Storm,1003.3310594221132
09/08/2024 15:01,8546,London,Summer,29.98409607620054,74,2.707875230275896,27,50000,Fog,990.1915254717968
17/11/2024 11:27,5195,London,Summer,-30.0,88,12.783401687522126,26,6569,Snow,999.0490540866132
21/03/2024 17:09,7781,London,Winter,14.028976103088976,57,4.608920773927371,49,6533,Rain,997.3849721212696
30/06/2024 18:43,5445,London,Autumn,20.034732398834034,68,1.3866631619408434,52,4136,Rain,1020.3806561201054
17/03/2024 23:53,5423,London,Autumn,18.128430739335368,95,5.585758759083417,54,6299,Storm,995.595308439782
01/10/2024 06:23,5132,London,Unknown,23.723622607377195,49,19.638298917097394,27,6230,Rain,1002.5107268474052
02/05/2024 06:27,7658,London,Autumn,11.916969212163227,41,13.851342006153155,18,4374,Rain,1017.0260431088078
16/12/2024 14:04,6067,London,Summer,4.4452097161935455,44,13.839791836648274,37,9267,Fog,996.7983397509598
22/01/2024 05:44,8455,London,Unknown,18.370477579234947,53,13.250367159319582,6,1105,Fog,1011.7001167563982
16/02/2024 07:46,7529,London,Summer,44.042047741631,91,7.714885667219347,12,2435,Rain,986.3807691108152
08/09/2024 20:43,5028,London,Winter,-12.67564480515972,63,1.9108844395164448,47,6456,Clear,1001.5335787630576
02/06/2024 12:57,7196,London,Spring,13.128990456126868,74,5.603538746059934,6,7975,Storm,991.604128057412
02/10/2024 08:59,5431,London,Winter,18.128430739335368,45,10.1298820924376,10,2555,Rain,1014.9204809980904
04/01/2024 08:08,6587,London,Unknown,14.220533575124692,97,2.164755350626701,9,3445,Fog,1003.8411297101416
10/05/2024 16:22,8681,London,Autumn,15.212567635684564,70,15.343623018906062,39,6752,Clear,1013.2258051588584
12/11/2024 20:45,5934,London,Winter,25.712577988761844,97,7.176361683444694,3,3908,Rain,1011.1289417326716
06/10/2024 10:16,8574,London,Summer,7.051886958951513,80,4.793019162645859,46,1827,Clear,1008.3152335998386
09/02/2024 22:26,5145,London,Autumn,24.899065362586,91,5.375638227031901,36,6171,Snow,1006.070222426176
19/09/2024 11:16,5639,London,Winter,10.89170951079418,96,20.356404674430173,3,6405,Rain,1003.4487555357337
10/04/2024 18:17,8343,London,Autumn,8.045025519762268,62,2.0696685985705754,7,5083,Rain,986.3570703945178
14/08/2024 22:19,8527,London,Summer,29.191686133531388,86,1.1113485227176438,35,4425,Rain,981.3917732851796
04/04/2024 02:47,8000,London,Unknown,1.115318484918589,62,2.691605925614539,22,2142,Rain,1001.3720610447264
10/06/2024 18:29,8863,London,Winter,30.518923903536027,63,14.617778541982153,16,50000,Snow,992.5549499912188
02/01/2024 20:11,6288,London,Spring,24.37454640562003,31,8.192924868288024,36,4220,Rain,983.7133146989476
13/06/2024 01:59,5715,London,Winter,19.397125975464345,77,0.4688009404472701,41,50000,Rain,999.1244503335686
06/02/2024 03:11,6603,London,Autumn,28.61838990230069,59,8.386495471733566,55,1480,Storm,1022.4538394213968
16/05/2024 11:11,6284,London,Summer,6.409477502920854,64,4.418484511153119,16,2389,Clear,996.990256320893
01/05/2024 22:40,7736,London,Winter,23.292628703263617,59,24.551797962353728,30,2660,Rain,990.1123168657411
01/06/2024 16:32,5813,London,Summer,16.43476164962285,36,15.188567574534895,17,7845,Rain,999.9915455147208
22/01/2024 07:55,6627,London,Summer,-30.0,85,4.979836720411185,34,8759,Clear,985.1742383898368
29/07/2024 00:18,7722,London,Spring,37.86355781341736,44,5.477024818669914,40,2065,Snow,996.3084873775676
27/04/2024 03:55,7017,London,Spring,10.729588234939682,50,2.5223128064650617,14,9460,Rain,1004.508469733113
08/11/2024 03:48,7808,London,Autumn,34.86491386244907,60,5.452472943922448,7,5113,Rain,1003.6795077807368
03/04/2024 01:12,6577,London,Unknown,25.00905420526998,40,9.367674267810848,10,3438,Rain,1017.347607597164
07/08/2024 10:05,6308,London,Spring,29.301222540656468,28,4.116408115487532,6,2269,Snow,1003.571064900158
08/03/2024 04:59,8836,London,Summer,8.036458915545246,62,10.402054420682898,9,3229,Snow,1010.9161405487844
26/10/2024 11:02,7739,London,Autumn,60.0,98,5.202587433833081,6,8358,Rain,998.4363711800152
12/08/2024 06:58,8371,London,Spring,11.249485833268864,35,3.8428945394932654,27,430,Rain,979.698832620033
24/02/2024 17:18,6461,London,Summer,16.868923072543087,62,7.036058814031754,3,5687,Fog,1009.595315266926
20/08/2024 05:56,6809,London,Winter,28.486227812086742,90,0.2147219726997935,58,174,Clear,989.2992190946
26/09/2024 04:59,7353,London,Unknown,9.167913753197713,47,15.53828316188729,11,2565,Clear,1023.9605902455868
18/08/2024 00:31,7823,London,Winter,0.7604774053430567,94,2.947432015405367,57,1533,Fog,995.7092344284112
28/12/2024 20:50,6907,London,Autumn,8.5047028089161,51,5.864915852556766,35,50000,Rain,1010.4119746678068
21/02/2024 20:09,7050,London,Unknown,45.8193946357088,22,5.959065205297806,43,7859,Fog,1001.9488866669632
28/02/2024 05:18,7531,London,Winter,32.77659472023322,89,4.026146505770399,39,8198,Snow,1003.9674401146364
16/09/2024 18:52,5243,London,Spring,18.377661493571352,53,7.042036916434855,23,9679,Fog,998.560978938602
27/10/2024 21:11,7557,London,Summer,34.22060399843399,52,11.490758755648551,4,50000,Fog,1001.363160468558
18/08/2024 08:56,5047,London,Winter,4.648342491613713,82,8.307807115017182,44,2978,Fog,998.0587681750436
24/06/2024 19:00,5417,London,Winter,15.180691386167991,73,9.518048466287542,20,9761,Storm,1021.6957941040928
04/05/2024 02:12,6894,London,Unknown,35.06600016018734,95,17.815169463814787,24,1503,Rain,982.2382367352544
10/05/2024 03:50,5385,London,Autumn,12.99764644610252,33,4.829923681602752,38,9111,Storm,1018.4175018201314
11/01/2024 14:44,5250,London,Winter,29.13597787900239,64,2.085600097539518,26,3323,Rain,1003.9326949122276
23/07/2024 23:14,8792,London,Spring,4.02034439752223,77,1.9268420260448689,41,5355,Snow,994.256898191983
21/07/2024 17:46,7022,London,Unknown,18.128430739335368,39,2.5418262690024878,23,5643,Snow,993.3421991276704
21/04/2024 15:27,5100,London,Summer,17.732666379754516,21,0.4298023904548174,28,5405,Storm,1002.5389379782569
14/02/2024 15:03,5103,London,Spring,31.09949577619157,50,2.070545550667175,15,3179,Rain,1000.265434681503
25/05/2024 09:38,5250,London,Winter,20.72916082894237,75,17.470550913126836,25,5107,Rain,989.0217373158044
26/08/2024 22:53,6925,London,Spring,1.5788298827770575,67,100.0,5,1418,Rain,1008.6508120821512
30/04/2024 19:45,7530,London,Autumn,-2.2267888586493427,48,2.335016802387174,59,3701,Fog,1008.968509610415
23/05/2024 15:04,6004,London,Unknown,15.622944452347182,69,1.048622983019416,0,1597,Storm,1001.1324849953052
21/12/2024 03:36,7376,London,Unknown,12.440761470951893,56,5.999455476150177,18,839,Rain,986.937835980739
24/09/2024 05:57,5844,London,Unknown,14.203297359885951,20,4.235613613620785,26,3639,Rain,991.3920412378496
03/05/2024 07:43,5533,London,Unknown,2.191647561707338,91,6.7072293153322695,42,1906,Rain,996.1373016920004
11/11/2024 06:10,7212,London,Unknown,28.37496005158152,34,8.02219597820178,24,1502,Fog,977.399389877036
16/04/2024 17:31,8315,London,Winter,28.468071928106024,42,1.9620257549318096,56,8045,Rain,994.0370509189852
14/01/2024 00:07,7796,London,Spring,19.236788348518925,22,21.72925934198555,22,381,Rain,1009.6978751208692
01/06/2024 17:09,5033,London,Unknown,36.067801245016895,28,4.446273822930834,29,3604,Fog,999.3226800830834
09/06/2024 17:48,6113,London,Winter,5.504871698908877,90,1.120859856002424,20,8625,Snow,1019.9562672756736
11/10/2024 09:46,7199,London,Spring,28.769049213039036,29,9.04564730816869,10,102,Clear,1006.795662107525
08/12/2024 07:00,7965,London,Autumn,30.25696904344602,35,6.777768755922467,22,4256,Clear,980.1366980908804
28/04/2024 20:32,8463,London,Autumn,26.102382368148355,55,10.153230764561894,28,1694,Rain,992.4793716921228
23/02/2024 18:13,5727,London,Autumn,1.9217741005277416,95,3.491339530977779,7,5916,Rain,997.0397842826968
14/08/2024 08:10,6747,London,Winter,18.128430739335368,78,11.031506614954262,36,4157,Snow,998.8550404468511
21/10/2024 03:34,8360,London,Autumn,18.71807875044925,81,6.539886383697855,6,6442,Rain,992.6274597691912
10/05/2024 05:57,5227,London,Unknown,17.259313235365628,44,16.986008306628367,2,897,Storm,1005.998506608582
30/07/2024 11:31,7391,London,Summer,12.447423594906905,40,6.207946246818325,23,9720,Fog,1006.013033045084
19/07/2024 19:52,6166,London,Spring,20.826774836600503,78,9.824149611318228,58,8696,Snow,1001.9851761216956
13/11/2024 12:46,8662,London,Autumn,10.65395101619796,37,3.8783766231316665,7,4385,Rain,999.688807803768
30/10/2024 23:42,8015,London,Spring,27.38446563806515,30,4.32944624946714,19,8441,Fog,1001.6080773502756
03/09/2024 18:42,7673,London,Unknown,18.128430739335368,75,18.886012716783423,23,8309,Snow,1018.7570263885736
20/01/2024 23:08,7287,London,Autumn,5.7385319999724125,81,2.821686848186413,37,1555,Storm,1019.9457617041732
04/10/2024 15:35,6149,London,Autumn,19.782831969030063,34,17.509348124055684,19,3188,Snow,1001.3914561764044
15/05/2024 09:58,7002,London,Spring,16.507601085224252,59,1.7609808361528074,43,3977,Snow,1025.9420711249263
23/06/2024 06:18,6999,London,Spring,24.470265154396685,89,2.731061430940498,10,6400,Rain,996.33504630708
16/12/2024 09:28,8003,London,Winter,26.403582038636326,87,3.5836956993467384,35,2116,Rain,1007.8654146215198
02/11/2024 13:54,5852,London,Spring,21.03591892985064,66,7.464134339414841,33,7857,Clear,998.1624672382396
09/09/2024 01:08,6924,London,Summer,10.72143737401403,43,0.023902994817214,33,3482,Storm,1002.0685160748102
14/01/2024 07:06,5341,London,Winter,27.52023115276276,51,13.221262282812058,34,7294,Clear,1016.4040485291308
01/10/2024 01:08,6658,London,Summer,-30.0,39,8.099486485784686,30,9949,Rain,1007.968513522651
15/05/2024 06:16,7305,London,Winter,21.217826376422018,37,16.114492042444716,53,6794,Storm,1004.3588040944896
04/03/2024 09:12,6865,London,Unknown,10.55614118918985,66,14.40623176443896,36,7699,Clear,988.4676993641408
24/04/2024 11:49,5505,London,Autumn,10.51751711061754,61,3.423219277972004,30,50000,Rain,1001.1970959792442
08/05/2024 16:41,7572,London,Summer,7.2019508101821295,37,11.18497827252061,17,214,Rain,995.293215950925
24/05/2024 12:08,6191,London,Unknown,60.0,57,17.82820982340794,56,1542,Rain,1004.205953105687
05/09/2024 19:18,5602,London,Spring,-30.0,55,6.741746087377626,41,50000,Storm,982.7445415966946
12/05/2024 18:00,6994,London,Summer,4.927764238176435,50,150.0,11,50000,Rain,993.3411286994456
16/01/2024 15:58,6806,London,Autumn,-13.565387523775698,51,4.878379568216876,48,5035,Rain,989.3215415644804
05/07/2024 19:13,5224,London,Summer,9.29559498216456,72,4.649185749059475,5,8392,Rain,1002.2336111802211
27/04/2024 04:24,8160,London,Winter,12.58098956253247,24,5.008621247961058,26,7788,Clear,998.3357806676609
04/12/2024 23:08,8232,London,Winter,20.75434535455265,93,8.350459976994344,21,4136,Clear,997.6615690074512
25/02/2024 20:12,6189,London,Winter,31.89661413643159,54,2.333212713262297,53,50000,Storm,988.9104363904312
18/01/2024 13:15,7697,London,Summer,-30.0,51,3.959827638776936,48,882,Fog,993.5533997420004
24/03/2024 21:15,8598,London,Spring,8.613285789554892,71,7.820791464422652,32,4647,Fog,987.7302594813746
30/05/2024 12:27,5042,London,Autumn,25.406296225028637,44,17.45558583962754,26,9015,Storm,1000.6326716686954
01/05/2024 02:43,7979,London,Spring,21.332050642647268,69,7.629327589048772,22,5372,Storm,997.3193814132412
20/10/2024 06:49,7390,London,Summer,26.99983096478712,22,8.640682853951386,53,5399,Storm,988.2673464826122
01/06/2024 09:05,5846,London,Summer,16.913499319923115,59,6.338391763976,39,8129,Storm,989.8400055677146
25/06/2024 20:04,6041,London,Autumn,12.243473896860106,54,8.847359805692077,47,277,Fog,1008.9393144818852
17/04/2024 13:28,7097,London,Unknown,25.321334689931746,69,8.914624775801954,33,4559,Fog,1009.2636087195986
30/07/2024 03:45,6860,London,Winter,18.128430739335368,89,7.440160491078386,38,3900,Rain,1003.820072005188
21/12/2024 20:12,6162,London,Summer,21.667683798435075,61,12.593705071131325,55,9205,Rain,1013.0732540097348
24/02/2024 12:27,6732,London,Autumn,17.88615438546737,92,7.672560598989365,3,9107,Clear,1011.5610131232716
14/11/2024 17:19,6063,London,Unknown,31.53002302335993,82,8.85894813293933,36,2957,Rain,1002.1933882090756
09/01/2024 16:40,5279,London,Summer,32.18792939923576,61,6.321542855703035,34,50000,Fog,994.630984158286
06/04/2024 11:43,6998,London,Spring,33.73324061254847,25,9.799653819663344,36,2835,Clear,1008.5449914295028
08/01/2024 21:43,5190,London,Spring,17.729314033091068,83,15.130485902916307,51,8739,Storm,996.728105301072
14/11/2024 18:16,8260,London,Unknown,11.383821087610254,72,36.01926344728627,18,4274,Rain,984.7113595530012
16/03/2024 13:39,8557,London,Unknown,60.0,87,12.265187520503227,45,7790,Clear,1002.9319360631612
20/06/2024 21:25,6205,London,Unknown,7.657937770130706,63,4.587826451928847,33,8485,Rain,1011.5633711853924
25/04/2024 09:17,6045,London,Winter,16.544100006061637,30,6.454930114613468,35,125,Storm,1009.6896917492586
10/04/2024 09:16,8242,London,Summer,8.254734784820691,39,4.098002612586642,56,1303,Fog,1001.7027007694772
06/11/2024 14:22,7648,London,Autumn,6.091690527177365,53,3.8775091891540825,18,9058,Fog,1000.7728270643664
20/05/2024 16:02,8502,London,Winter,16.64605929750803,63,200.0,5,9168,Rain,1006.8389112731164
04/05/2024 13:12,5892,London,Winter,24.174866335158526,65,13.887974945566938,38,2381,Rain,1011.9799564059026
11/06/2024 14:56,7063,London,Unknown,19.996367674238304,74,8.127744360634635,27,4060,Snow,1000.8066519402432
11/03/2024 18:53,6031,London,Unknown,13.431316890146956,95,6.41731001032213,14,126,Clear,1006.1035999491792
11/03/2024 11:43,8925,London,Spring,17.4828967687732,38,150.0,52,2229,Rain,1000.5188135806064
16/06/2024 15:04,5909,London,Unknown,37.87374736655977,28,0.7058091910118218,34,50000,Snow,1009.021112242177
14/03/2024 21:35,6535,London,Autumn,5.475785370956519,73,30.87327720103132,52,1526,Snow,1006.3982906201252
21/12/2024 08:23,8664,London,Winter,15.265191897920417,36,5.943062945211446,12,5183,Rain,986.4799185782512
12/02/2024 21:18,8350,London,Summer,24.67223881611678,98,17.210615812745456,26,5114,Clear,993.4344908756668
25/01/2024 04:37,5185,London,Winter,13.289169555393409,46,7.202629379930404,31,8503,Rain,1003.8369540397348
30/08/2024 13:29,8378,London,Winter,14.508761814301677,61,3.321895613949972,11,5786,Rain,988.5820305549976
09/12/2024 15:48,7331,London,Winter,-0.2574839065749366,38,3.369244636400177,10,7011,Storm,999.0484215397698
21/07/2024 08:55,7614,London,Unknown,18.128430739335368,26,9.55323487676946,13,8435,Rain,1006.6632614546398
13/05/2024 17:26,6967,London,Spring,20.84023839804422,59,9.193345589734086,4,3266,Storm,1009.7983797024868
24/11/2024 03:37,5354,London,Summer,50.99835822226796,29,13.748616032034708,21,9578,Rain,1023.1985523792896
21/04/2024 02:14,7942,London,Unknown,29.243087448055302,85,12.282714944368976,48,542,Storm,996.411341311732
01/07/2024 16:46,8272,London,Autumn,18.128430739335368,24,100.0,41,50000,Fog,1008.9359859582196
17/09/2024 04:59,8480,London,Spring,10.813503359718384,89,5.904708826837739,47,6495,Storm,983.432546365032
23/06/2024 10:03,6552,London,Winter,12.761586853184962,89,3.619014091483392,31,8560,Snow,1007.5971207651556
14/12/2024 08:36,8113,London,Summer,12.176864243081896,43,7.776397971212345,40,1794,Fog,1003.6512538339956
29/02/2024 13:17,6433,London,Spring,19.49520862683794,29,11.193508808922676,6,50000,Storm,989.4892320370824
02/03/2024 22:08,8451,London,Winter,18.592411462940877,79,19.542326010999272,44,3065,Snow,996.1899861222724
04/05/2024 18:48,5969,London,Summer,16.71669698862051,36,100.0,46,5380,Clear,999.0475418113724
17/05/2024 23:24,7839,London,Autumn,19.993826135488767,51,17.416847625930302,19,2191,Clear,1009.2965956030991
14/02/2024 15:54,8328,London,Summer,14.99390971269743,91,9.582149540850928,51,6595,Storm,998.2403038923298
27/08/2024 16:15,5508,London,Winter,23.6811708824652,95,4.228444472475269,59,4730,Fog,997.3256307450046
19/05/2024 09:51,7007,London,Unknown,1.4227579466096678,67,20.30750238112396,28,7377,Rain,1008.4645110324848
05/07/2024 00:06,6738,London,Winter,7.980242505465537,48,2.654683491852931,1,7873,Snow,1012.9279772378788
12/06/2024 03:31,6278,London,Autumn,25.8262272200394,22,5.2717988902372905,31,3012,Snow,1006.472475155108
15/08/2024 17:42,6750,London,Autumn,19.75659276797032,33,3.2513416261359027,48,3189,Clear,993.2179023003988
19/03/2024 11:56,7948,London,Unknown,9.167365580762285,67,11.779611784089948,49,3458,Storm,1000.2054982938683
17/12/2024 09:17,6143,London,Unknown,26.099273841157668,56,10.66987095018922,36,5331,Rain,1003.2374204776866
01/06/2024 20:18,5697,London,Summer,21.453265882659927,24,1.4972724705583935,22,2021,Snow,1014.9117284867968
06/02/2024 09:16,6265,London,Unknown,23.20675856820096,99,2.981691813510704,1,2801,Storm,1005.3645184354442
27/05/2024 17:12,8735,London,Unknown,3.743541747562757,48,8.331043439466885,16,2279,Clear,982.4015333652442
16/05/2024 12:29,8178,London,Winter,25.21468038889944,73,2.105376085666572,31,729,Rain,1006.4243041753208
20/10/2024 14:58,6104,London,Unknown,19.380164425826425,77,1.005638716356139,51,6601,Fog,997.8282727379566
18/01/2024 01:12,7504,London,Spring,2.138349522877373,82,0.1046631649857374,1,4722,Fog,1006.2721238899868
09/02/2024 07:27,5516,London,Spring,29.47437523215784,41,4.808910224183684,30,6094,Fog,1003.5973697008736
28/12/2024 13:31,6195,London,Winter,2.393323650148595,60,0.4380910794184753,32,4833,Rain,1007.2897991715724
02/06/2024 00:53,8442,London,Autumn,-5.162260415282738,91,8.46951884190623,59,8723,Clear,1014.3250611162906
02/05/2024 00:01,8929,London,Winter,-30.0,51,150.0,30,394,Snow,1004.1722209725284
09/04/2024 21:41,8544,London,Spring,17.910791543113238,38,4.632677625984656,51,5596,Rain,1006.091030870824
22/10/2024 06:12,7701,London,Spring,2.6205354222018347,57,7.1665984484419845,31,8487,Storm,1009.5360848388838
05/08/2024 01:44,6870,London,Winter,5.403249344792236,52,2.702365791720212,10,6537,Rain,1008.0276471050876
26/02/2024 21:19,5385,London,Summer,20.05525267852732,49,7.725085345377616,15,5606,Fog,988.2813031484022
01/12/2024 08:22,8731,London,Spring,35.09814434791186,71,2.478818530982438,10,7324,Clear,1005.8588719647892
28/12/2024 16:47,6828,London,Spring,51.06937462458392,88,8.667352857848075,33,4986,Rain,1005.3998736873548
15/08/2024 17:17,5658,London,Summer,12.776483552718318,58,15.22779632377358,47,3178,Storm,1001.8149491203144
22/07/2024 08:41,5809,London,Summer,-30.0,61,6.077436106049319,53,4581,Rain,997.931869678303
06/08/2024 17:16,5381,London,Unknown,8.43508290790291,82,150.0,21,3722,Clear,985.4422916034792
24/06/2024 06:15,6525,London,Autumn,24.651846711347,76,1.3989144398809223,29,5683,Storm,991.4826030065532
10/05/2024 20:54,5252,London,Winter,34.88932167711805,80,8.060841353375741,43,3511,Rain,1005.2845508609608
04/11/2024 22:36,5206,London,Summer,22.25021091814452,85,1.3075958875401654,15,1575,Rain,991.992322830414
19/01/2024 11:10,5200,London,Summer,26.577645327783745,28,4.228560380594288,32,5371,Storm,992.5262016147248
08/07/2024 09:46,5649,London,Summer,7.04883239180068,27,200.0,48,5085,Storm,992.828744264998
22/06/2024 03:59,8740,London,Autumn,25.019364504183667,54,21.44186304175241,17,7212,Rain,996.475229431038
15/06/2024 02:02,6644,London,Unknown,15.658079877060054,61,13.960913025663157,1,6160,Snow,1012.8039586003364
30/07/2024 18:02,8867,London,Spring,36.69949855917878,97,4.818191384801447,40,631,Rain,1001.4004303916968
23/10/2024 02:11,8748,London,Unknown,16.94067664700275,99,0.1419988319396807,35,7826,Rain,993.8900950032448
17/11/2024 07:39,7926,London,Summer,32.31445106072806,92,6.967543807615719,5,4890,Clear,987.7843029967166
01/07/2024 17:37,6429,London,Autumn,29.11652173888272,54,0.8902843794318276,49,7291,Snow,988.7452871971052
12/12/2024 05:29,8212,London,Spring,1.2392461709909242,89,4.657806839675349,56,4199,Rain,989.8358282385914
14/12/2024 10:30,8771,London,Summer,13.279517787874822,95,2.357493721712757,24,6886,Fog,990.250438813532
01/12/2024 14:40,6706,London,Unknown,5.619207750340525,61,2.036688428324106,57,1543,Storm,993.6247030111364
30/01/2024 03:01,5313,London,Summer,24.432593673888896,82,13.332270660580043,15,1833,Rain,976.8765070051676
21/06/2024 01:41,8923,London,Unknown,29.32066693522938,97,10.145555716590088,50,3606,Snow,986.669331742349
23/03/2024 07:12,5667,London,Summer,25.138729988071592,64,9.169705079746883,3,2288,Rain,982.017048617196
21/05/2024 16:09,6809,London,Spring,26.45388747847651,52,13.92813559885686,3,4543,Storm,1003.523030958554
25/01/2024 08:21,6113,London,Summer,24.48392029857224,71,17.94578505579168,44,1376,Storm,986.6859636080466
06/05/2024 05:19,8069,London,Winter,17.735748397377048,76,7.139097532027593,1,4822,Storm,1012.8927004745932
26/07/2024 02:28,6904,London,Summer,28.742596152319223,21,7.977749365726702,16,4829,Rain,986.7979026246992
22/06/2024 15:41,8600,London,Summer,14.978547469583814,68,8.647939881264284,26,8685,Storm,997.0239332714912
20/04/2024 04:41,8597,London,Autumn,5.411299463341578,71,150.0,58,6051,Fog,1006.9966910682358
26/09/2024 01:27,7491,London,Winter,60.0,50,11.231706135426908,23,2251,Storm,992.974714885284
30/05/2024 16:33,5323,London,Winter,29.14252584039059,56,12.281716158343364,48,6649,Rain,1010.9060504094296
05/04/2024 21:24,5842,London,Spring,20.106092147931545,96,8.903666322770126,37,6979,Clear,983.0069712619804
21/06/2024 04:21,5970,London,Winter,24.52667186120675,45,12.994726887876247,0,6897,Rain,997.8215767594902
22/01/2024 07:42,6714,London,Spring,12.166821197364836,59,150.0,33,7951,Storm,998.5256599041268
03/09/2024 05:05,7241,London,Winter,7.836369402051376,89,7.446143702928422,26,467,Storm,1003.8288641006033
19/03/2024 05:51,8201,London,Winter,6.222216383058655,85,3.8597983224708328,46,8302,Storm,1001.8937379460456
13/08/2024 01:34,6667,London,Winter,43.61123905252133,73,5.429778364064921,56,2270,Fog,997.2596898276644
20/05/2024 23:50,8799,London,Winter,4.47111274131538,67,1.7446274586897434,15,5001,Fog,1012.0458717702496
09/05/2024 18:21,7373,London,Winter,18.791670596314717,89,11.825502250792145,44,7429,Snow,1003.9925354579672
18/09/2024 02:32,8685,London,Summer,33.34887060718032,57,15.076730411607128,16,3296,Fog,997.1484125085648
05/03/2024 16:50,8620,London,Spring,33.97224449045042,64,10.809436859206984,23,8436,Rain,976.8016133968704
15/04/2024 13:39,8319,London,Summer,23.29381963516272,31,0.3427063380486279,35,3781,Storm,1002.5654165596584
21/09/2024 13:26,8929,London,Summer,11.436523259258308,21,1.6114100011458294,54,50000,Fog,1004.7157423799308
26/04/2024 02:00,5679,London,Unknown,31.566879575391603,39,1.902138171940586,57,4242,Clear,993.6323942754436
18/02/2024 04:04,6923,London,Spring,21.975802158090623,55,1.43229227246404,39,1915,Snow,1014.4425937775115
25/03/2024 01:47,8895,London,Autumn,22.352818619840505,82,14.037388449859654,54,261,Rain,986.5360490027972
23/04/2024 03:43,8400,London,Autumn,19.191823952028585,49,8.367472879458314,56,6535,Rain,1005.4336575695723
08/12/2024 06:02,7191,London,Spring,30.292500257186312,77,200.0,42,7079,Clear,1015.6687315559166
29/05/2024 17:11,8537,London,Spring,23.72631805272141,27,0.7489639102100245,22,7686,Rain,973.7764542168396
14/12/2024 22:08,5720,London,Autumn,17.11077938474062,78,10.48391197689089,12,7902,Fog,998.9308404298558
04/09/2024 11:28,5260,London,Unknown,22.78103512227585,94,0.7386892687487823,0,2536,Rain,987.0072066598836
17/05/2024 20:50,6350,London,Summer,10.896911867774234,30,8.350097599451404,22,1953,Clear,1015.7945946582594
11/02/2024 22:35,7428,London,Spring,25.82881831342272,51,0.1450062658654785,56,949,Storm,997.6444469325417
16/05/2024 00:21,5897,London,Autumn,11.809421989542775,84,8.256235759227108,11,2002,Snow,1020.5425197803856
02/01/2024 00:44,6673,London,Unknown,0.735049995596885,51,2.201591755121413,18,6502,Fog,1019.1819020714132
23/11/2024 01:51,8387,London,Autumn,18.128430739335368,53,5.755205232959223,28,4205,Storm,990.0632055693756
04/03/2024 04:54,8582,London,Unknown,6.734944947130924,59,18.77944793602529,10,2631,Clear,1006.4703753712444
20/11/2024 20:46,5476,London,Winter,24.317013644502477,96,15.785056426156942,55,2470,Rain,1007.426567670023
25/11/2024 21:22,5465,London,Spring,38.72641853835656,60,1.6921400233902042,18,9318,Rain,1004.9643396490128
18/11/2024 17:09,6556,London,Spring,7.202898244221844,58,9.59601465108706,18,2119,Rain,996.6685465398118
23/10/2024 11:35,8257,London,Summer,36.71186905455888,60,7.034490954826048,53,7685,Fog,1007.3334353195588
27/02/2024 20:55,8043,London,Autumn,31.668136446543343,99,10.033660024691,23,9091,Rain,998.079754888274
05/05/2024 01:26,5583,London,Autumn,13.6217878932881,97,14.50235928764254,33,50000,Snow,997.1989365717328
14/09/2024 21:22,6846,London,Spring,14.96253162513491,24,14.6670081612646,48,3615,Clear,1022.2188317927486
02/07/2024 07:02,8175,London,Autumn,11.537622322127994,62,200.0,29,8786,Rain,991.2387604672668
09/01/2024 03:50,7818,London,Spring,-5.2104049050144,70,9.52968216297892,32,1989,Rain,1007.7749000249396
17/11/2024 18:58,6724,London,Summer,32.29777287776653,35,4.001164485807471,48,3366,Snow,1007.8857180820418
04/07/2024 09:10,5090,London,Spring,20.01696367883873,46,2.4153695554183465,8,7391,Fog,982.0631544538847
01/11/2024 07:03,8486,London,Summer,24.292214010923864,47,5.465568474008139,0,750,Storm,997.718941996017
13/09/2024 17:35,6631,London,Summer,12.64524119164146,94,7.6102656676162095,27,8580,Fog,991.2127625300026
27/03/2024 19:20,5881,London,Spring,-5.647120449109259,76,3.345217018732678,43,2670,Clear,993.3965482851704
24/07/2024 05:52,5970,London,Winter,18.128430739335368,48,3.8929924940118656,38,6998,Fog,1001.654007041998
01/07/2024 19:55,7594,London,Autumn,2.350004381167288,42,3.5551454940053,54,50000,Rain,1008.9608558958594
08/12/2024 08:44,6006,London,Summer,14.78768453458188,73,200.0,41,636,Storm,1015.9775849729974
06/08/2024 13:51,8924,London,Autumn,28.785579609968117,32,2.622726123100306,50,2261,Snow,986.2402623915818
01/09/2024 08:47,6250,London,Autumn,18.414249591445888,52,10.7944284504423,51,6409,Rain,1012.025445054793
26/05/2024 07:00,7089,London,Winter,18.128430739335368,50,200.0,8,701,Snow,1019.6965130901
06/02/2024 03:39,6292,London,Winter,9.04839591879096,81,7.112380230707548,52,2971,Rain,987.0651408359336
26/03/2024 07:20,7102,London,Winter,22.98374824856692,62,8.3102055555796,16,7439,Storm,980.2099154558052
04/01/2024 00:26,6849,London,Unknown,5.683755225946747,48,0.3411375615699352,47,9212,Fog,981.4482481607744
29/06/2024 07:51,8869,London,Winter,17.748763534341066,33,7.210978304686479,51,2927,Rain,997.1269556584396
26/01/2024 03:30,7958,London,Summer,27.832260403488288,25,14.985324082994088,45,8039,Fog,1003.4404761937708
19/04/2024 22:45,7257,London,Autumn,13.598117296566333,43,11.586666029039293,48,4544,Snow,983.6585177417616
13/03/2024 09:07,6942,London,Autumn,17.49371919964906,65,0.8465742764504665,21,2404,Clear,1008.8351526659234
26/12/2024 18:06,5808,London,Summer,38.99048083471877,64,100.0,24,6940,Rain,988.0406358425128
07/03/2024 11:31,6360,London,Unknown,36.949838409004606,68,8.65647874040264,55,7421,Clear,1019.28689724548
02/06/2024 17:26,5705,London,Summer,11.675966630392264,44,10.847023612316198,35,1290,Clear,979.3574459151674
18/04/2024 18:58,5136,London,Unknown,25.08564410788142,67,3.094811204751519,31,9618,Clear,1001.6017980744626
09/10/2024 02:26,8828,London,Unknown,8.960370652950944,52,1.5675794073706752,8,7330,Rain,994.6833923678216
15/02/2024 02:16,5153,London,Unknown,17.78396653024675,92,9.022994186527846,20,9243,Clear,996.8888717628396
12/12/2024 21:50,5960,London,Winter,8.693064225500242,39,4.400222749312487,28,5713,Snow,1016.631747783771
25/04/2024 10:27,5689,London,Summer,13.745595240625544,25,16.110182112440775,27,8394,Fog,996.5991464550106
22/07/2024 02:29,5446,London,Winter,24.25770701981955,92,9.863898902807565,24,4649,Rain,1010.5732869507628
17/06/2024 13:04,5320,London,Spring,35.83179026622178,84,11.82550738919436,52,2296,Fog,999.70669227007
22/11/2024 00:45,7207,London,Summer,11.685418561206385,46,7.1599033173876325,9,3280,Snow,1017.675875087521
08/04/2024 18:10,7971,London,Summer,9.302017929219,47,0.2265237170469776,32,5020,Storm,993.293158476312
25/08/2024 10:58,8230,London,Autumn,6.72297478057726,47,0.3025720535893486,58,1075,Clear,999.6949532478732
10/08/2024 18:20,7513,London,Unknown,31.394287879927177,51,0.0560384484891907,0,2836,Rain,987.990637527496
10/08/2024 16:45,5080,London,Unknown,26.884992569725632,91,2.9394523699332504,19,5127,Snow,1003.4335653041044
26/01/2024 17:56,7343,London,Unknown,16.32062996643905,81,7.874450835254656,54,167,Rain,1002.1198669827564
07/08/2024 23:19,5457,London,Autumn,21.43116062675192,58,100.0,19,50000,Clear,992.9561304709084
26/10/2024 21:56,5758,London,Summer,29.997161018024077,86,19.239706753503796,5,5615,Storm,999.648556049438
17/11/2024 12:13,5931,London,Spring,15.95006828121029,28,8.983146851091279,37,7772,Fog,993.1685516015624
01/06/2024 09:46,6301,London,Autumn,9.873850731809512,48,100.0,29,2486,Rain,1017.9875225274642
09/10/2024 16:39,5855,London,Winter,36.54173152828574,82,0.5769637204660762,2,1524,Fog,1021.0833715781456
29/09/2024 18:55,7732,London,Summer,18.969531526530947,92,10.784620016458804,2,5419,Storm,990.060269441943
30/08/2024 23:38,7687,London,Spring,10.64012160818048,36,6.039475977376657,19,4735,Rain,1001.424917553358
25/02/2024 03:16,7807,London,Spring,1.2766474959165848,30,6.45153973384347,7,8416,Rain,1002.3508260897833
12/01/2024 14:46,7186,London,Unknown,25.1088454966959,58,0.9753922125917384,51,2094,Snow,1010.647617818124
21/12/2024 14:11,5256,London,Unknown,24.326154466264597,55,15.98014123306409,41,7667,Clear,996.3808178238652
30/08/2024 20:46,6430,London,Spring,37.331255899656455,23,5.943504721985116,25,1039,Clear,1002.4152627248088
02/10/2024 10:18,5880,London,Unknown,16.69387431726355,47,8.829883638064791,0,7283,Rain,976.2688587403592
11/11/2024 15:34,7158,London,Autumn,22.079858833683492,87,200.0,28,5033,Snow,1003.9538248321584
05/05/2024 17:45,5878,London,Winter,19.73210661720736,67,0.3001050796089854,40,5176,Rain,1011.7533577361694
30/12/2024 02:56,5131,London,Spring,5.2530415829315125,51,0.526498590994855,1,50000,Snow,1024.4787005921164
08/01/2024 10:34,7253,London,Autumn,13.531494837810326,50,19.84375129766709,58,8432,Fog,997.5475340182088
10/05/2024 22:50,7937,London,Spring,13.712461496619149,45,0.8491274741693005,45,5401,Storm,992.0397427050248
25/01/2024 09:56,7496,London,Summer,2.592458792028431,66,25.05825996506828,33,8178,Rain,1012.9415830203128
11/04/2024 10:22,7534,London,Summer,33.249627324669426,27,1.1993703777158258,35,1698,Rain,993.7268533690582
21/02/2024 13:13,7051,London,Spring,37.202185899669445,96,8.950271799017866,50,2099,Fog,983.6271419183134
08/02/2024 13:29,5787,London,Spring,24.137641266217287,57,11.065062571893629,30,3630,Rain,984.360290840308
02/06/2024 18:59,5235,London,Autumn,29.666622765420723,52,8.402191976770515,17,6903,Rain,995.4957025358644
27/12/2024 08:02,7091,London,Spring,15.49726111322146,99,5.481656316602948,10,1162,Storm,999.9192683544576
20/12/2024 04:19,5684,London,Spring,15.072386637558356,85,4.378593504519632,14,50000,Rain,992.98969769171
15/02/2024 09:03,7847,London,Summer,18.128430739335368,71,3.362135761317228,22,3238,Fog,993.6952886448802
14/02/2024 01:21,8108,London,Autumn,23.79471466309517,56,4.83513369943719,2,9760,Rain,994.4395752693794
10/07/2024 06:53,7134,London,Spring,18.892398393742557,86,0.4239410184813508,32,8153,Clear,1003.397444742136
12/06/2024 00:35,5542,London,Winter,40.29000180520717,88,4.131025696842062,54,1141,Fog,1005.2979507764852
13/11/2024 20:13,8913,London,Spring,20.96896846815501,72,4.632731626730343,2,8993,Rain,994.5515055070772
28/08/2024 03:09,5131,London,Autumn,22.970649786449243,45,9.46670417084202,3,9624,Storm,994.8792857545152
16/11/2024 20:52,8259,London,Autumn,31.31762730174114,70,4.080242143524885,36,6507,Fog,1010.1001534673882
01/07/2024 19:23,8205,London,Unknown,13.386617970515807,49,3.498414597477967,30,2258,Fog,1007.7971404064814
12/01/2024 10:46,7839,London,Unknown,29.4419753992361,60,0.4178419108007469,37,7110,Rain,979.6590121227272
22/03/2024 16:54,5753,London,Autumn,9.232100159242268,20,10.750943134001773,3,507,Snow,1011.297049613726
23/12/2024 15:40,6937,London,Winter,22.08283858531537,86,5.086143544544568,43,1709,Rain,999.4695487395796
31/01/2024 02:10,5499,London,Spring,10.308151631817989,93,10.363101266125687,44,1138,Fog,1018.4191041599978
04/05/2024 14:13,7897,London,Winter,20.38219535974236,29,11.262289463046748,33,9693,Storm,1015.8781671688338
20/11/2024 01:55,8210,London,Autumn,19.222988802439623,95,16.956977179895063,35,7097,Clear,1020.2850156093882
30/01/2024 08:00,8162,London,Unknown,41.98818815618149,65,8.662643572453423,42,4476,Snow,991.9211159678634
25/04/2024 17:59,8291,London,Autumn,15.316846989333174,88,3.847774439758053,14,5002,Rain,1004.51348875036
09/05/2024 10:31,5389,London,Winter,21.092993476622794,34,2.637712874433687,28,4521,Rain,1012.8459878600804
26/12/2024 12:44,8929,London,Winter,35.740417518176486,64,7.074434864520334,12,1684,Snow,988.8132703514844
01/12/2024 09:54,5733,London,Summer,20.63278977026804,42,16.24988424231691,45,4061,Rain,991.9764246807252
25/06/2024 21:26,8333,London,Autumn,22.34536374383128,48,3.7783343463607375,8,1321,Rain,1005.0862117309488
25/05/2024 15:32,6670,London,Autumn,33.65707812633486,62,2.584736498240142,17,50000,Fog,1000.462833642834
19/12/2024 19:53,8291,London,Winter,14.44938578111712,56,10.71743160384915,8,7920,Fog,1001.82445324662
06/11/2024 11:01,6089,London,Summer,25.527849273736955,48,6.159762090032174,35,3670,Rain,1011.5897327279048
11/09/2024 22:32,6025,London,Unknown,19.50715963897461,34,11.730363832950973,31,632,Rain,993.5601306135726
03/05/2024 03:35,7009,London,Unknown,18.128430739335368,32,5.967457422463093,30,1822,Rain,1005.739183472656
23/09/2024 10:54,8169,London,Autumn,15.350436891204335,98,4.15668329864371,42,4428,Clear,997.2731680837536
04/06/2024 01:42,5900,London,Unknown,23.789937973837432,39,1.9590128515504135,6,426,Snow,991.2054780485367
13/01/2024 01:46,6813,London,Unknown,7.902892593717167,77,13.256486717449343,43,4207,Fog,1012.2213867684565
05/06/2024 00:19,8711,London,Spring,7.49884533535778,68,4.962841676961354,6,8893,Fog,999.8202823007612
20/02/2024 11:50,5010,London,Winter,16.984674075632586,71,10.377524257425414,30,8121,Clear,1003.7575935290578
12/12/2024 14:27,6222,London,Winter,16.11690248116014,49,4.475421039802764,18,5381,Clear,992.4575433975516
18/02/2024 15:29,6331,London,Unknown,5.634637974369047,75,2.8990116335245557,15,260,Rain,989.8206555030054
18/05/2024 11:08,5437,London,Autumn,11.627997495132986,46,20.07375168583169,56,3719,Rain,1001.6214169970292
07/11/2024 21:22,6763,London,Winter,30.497890777726628,54,22.21659218305667,1,4196,Rain,1012.3585373508748
24/06/2024 04:31,8926,London,Winter,28.30682532046868,86,7.969782991353236,7,6013,Storm,1002.7692639468544
21/09/2024 06:23,6129,London,Spring,26.4715861477545,45,17.003873060853095,34,3344,Clear,997.194552641406
08/09/2024 15:46,5954,London,Summer,13.278688943436322,26,4.704673762414531,21,1197,Rain,996.0726565705484
12/04/2024 19:59,8796,London,Spring,18.128430739335368,63,9.21285643205775,24,3497,Rain,1011.2732042271932
22/06/2024 05:02,7364,London,Unknown,23.3793212906756,20,2.7189934616232776,55,8321,Rain,1030.906622416373
10/04/2024 16:04,8515,London,Unknown,25.624791878658502,59,1.605096353535478,43,5810,Snow,997.8484443084748
16/06/2024 12:01,6940,London,Spring,33.09921724422732,85,13.206183343897528,8,9010,Clear,1011.232986530576
21/12/2024 06:36,7281,London,Spring,18.128430739335368,72,16.11528493210087,33,4337,Fog,1000.8325710577824
16/11/2024 00:36,6868,London,Unknown,-4.049128629379375,23,1.9114772155422024,11,4264,Storm,991.22390565626
25/06/2024 12:01,5234,London,Winter,17.225260313071235,71,12.63195562099083,8,6960,Snow,992.2334806971486
26/04/2024 02:29,6055,London,Summer,22.92672063009937,90,6.943234809284137,18,4930,Storm,1000.0439890544612
27/01/2024 08:24,8456,London,Unknown,16.414727747618564,52,1.823690831664989,41,255,Storm,1015.9667042576698
09/01/2024 06:32,8910,London,Summer,8.186171433507228,62,1.7339021694395438,53,9072,Clear,995.7491395599797
17/12/2024 02:40,5753,London,Spring,23.701985821183868,69,7.701840201988354,25,50000,Rain,1010.6404074058172
17/05/2024 05:44,6254,London,Spring,-2.2087510659652807,46,3.059253255579888,52,1417,Rain,1008.037016300002
19/01/2024 00:56,8025,London,Unknown,17.064289364722054,71,16.06167957551113,17,1033,Clear,1013.2416086548102
10/05/2024 13:33,7417,London,Autumn,20.792944510208468,79,13.2831453807013,16,50000,Storm,998.4063205204544
23/11/2024 17:08,6881,London,Unknown,14.656090493474256,66,4.307419077331439,14,3876,Snow,1009.6584278806556
10/08/2024 16:02,8190,London,Winter,16.634192904864012,56,12.583689576242309,25,4090,Rain,992.6748570819008
21/12/2024 09:01,8292,London,Spring,18.128430739335368,97,100.0,15,5777,Storm,1021.6536792345108
08/12/2024 14:42,6377,London,Summer,30.254959924673464,62,16.36512825278882,35,959,Fog,1006.010927265646
07/01/2024 18:28,7783,London,Unknown,25.39186604395378,45,2.4475393680056667,45,260,Rain,1006.316931327335
24/04/2024 06:47,7798,London,Unknown,17.7978002400918,93,17.1576135792497,48,7130,Rain,1020.455925913126
17/09/2024 11:37,7820,London,Spring,10.502781849473084,71,7.388607781426401,28,3002,Fog,978.9834222044312
07/01/2024 07:38,7142,London,Unknown,31.955493019703635,61,4.43092355415653,38,2853,Fog,988.3743351617022
30/07/2024 19:44,6095,London,Winter,60.0,36,16.206326231204777,26,4100,Fog,1015.76248362624
22/08/2024 18:14,7177,London,Unknown,-30.0,67,1.8944617602492628,18,1787,Clear,996.2979546665266
14/09/2024 22:44,7017,London,Winter,23.519482895525503,47,6.324740741250391,50,3768,Rain,1015.7440112777456
04/03/2024 07:44,7056,London,Autumn,31.077878650320955,71,2.12010281639624,4,3766,Clear,988.26258935659
06/02/2024 00:19,6211,London,Winter,28.653168221835365,43,12.960034457399818,22,6205,Clear,1011.3761642463598
24/07/2024 09:21,6001,London,Spring,6.987725578392286,36,10.661334549763252,54,7319,Clear,1002.1944915253958
17/04/2024 11:07,8809,London,Summer,25.13561752185353,91,0.5798235436344621,31,519,Rain,1006.561238995845
23/01/2024 06:44,5186,London,Winter,23.79616298409044,28,100.0,22,1593,Clear,1011.1901376059844
25/05/2024 21:54,6653,London,Autumn,23.92312895501864,20,6.563759248697335,23,9270,Clear,1000.0205217163756
05/06/2024 06:07,6623,London,Autumn,16.579560569172976,80,5.889013973036878,9,1588,Rain,1009.727552206014
18/08/2024 03:20,5378,London,Unknown,21.785325183199276,58,6.202162087968134,13,1611,Rain,1000.4409972429232
18/12/2024 09:35,7156,London,Unknown,18.4978630704123,67,3.0426894354363565,19,2353,Fog,1001.7886336671846
15/12/2024 18:43,7215,London,Winter,21.795479134454283,57,6.434968445224548,17,2753,Rain,1003.9130626584194
22/10/2024 19:00,6396,London,Winter,18.128430739335368,65,1.1783165431703386,43,9756,Fog,999.753874561625
01/08/2024 18:27,6384,London,Summer,14.753567535657451,40,1.781747448407562,28,1074,Fog,981.957263375659
08/10/2024 21:43,8000,London,Winter,12.478971928098208,24,7.449626757144289,19,4018,Rain,1003.7685605194677
27/09/2024 05:42,7478,London,Spring,29.499863874902665,26,7.69755122468416,58,7787,Rain,1011.1776315500452
13/10/2024 03:14,5349,London,Summer,6.059623075391684,28,15.034684735072164,9,206,Rain,977.6481599476884
28/10/2024 10:42,8797,London,Spring,31.000566529582645,32,7.257661986766113,6,5865,Clear,1009.463016050895
10/06/2024 01:55,7652,London,Autumn,29.793703006947663,70,4.60284993236138,39,4452,Rain,987.1511711593264
12/10/2024 03:45,6550,London,Summer,19.3065075683565,47,3.384034504730974,42,2021,Fog,1004.404071835906
26/06/2024 00:26,8632,London,Unknown,24.30614652203559,22,0.1914948928882083,31,3412,Fog,1005.3596111086936
20/01/2024 00:32,5144,London,Spring,6.167013818920756,43,5.796069449125136,45,7163,Snow,1014.61068703666
04/06/2024 00:14,7114,London,Winter,7.684850539933583,90,20.632188718812746,56,2664,Rain,991.8202490189378
02/12/2024 10:55,5062,London,Spring,30.675461633699108,99,26.48168389078881,6,2072,Rain,978.2181144401462
17/11/2024 00:44,8357,London,Autumn,26.398430712482774,49,6.989046850609138,18,9782,Rain,1006.5767715886004
27/03/2024 10:52,7391,London,Spring,14.23398083888708,84,200.0,39,9636,Storm,998.2355770050314
16/11/2024 22:59,5882,London,Autumn,17.346449024761906,85,3.1261164022445804,24,6903,Fog,986.150499248963
17/11/2024 07:41,8591,London,Autumn,14.748509318408107,94,2.999846325966386,52,9132,Clear,1009.9422675456692
08/05/2024 01:28,8972,London,Autumn,15.569797645130889,88,6.1444097510720255,4,6306,Rain,1007.8632020725056
30/10/2024 20:40,6391,London,Spring,12.363708309660922,81,22.54945451466614,30,621,Clear,1004.0348324360444
02/12/2024 23:12,8781,London,Summer,14.713901452554818,51,9.54888717383304,13,9398,Rain,997.4228879192128
28/09/2024 08:10,5258,London,Spring,10.192630289615796,86,19.140403972687142,8,8532,Clear,994.0804242718106
04/07/2024 05:32,6208,London,Autumn,24.794230409412584,46,0.7016631315968658,12,3793,Storm,1010.739584482886
03/06/2024 03:22,6034,London,Spring,12.762341750858578,84,0.4233852788856573,49,2843,Fog,1003.6748886981916
17/07/2024 19:49,8116,London,Autumn,19.784858510852445,76,2.8488024589063823,56,9512,Storm,994.6035468709144
11/02/2024 08:39,6040,London,Autumn,26.11164219711005,89,19.29437130905807,55,3556,Snow,1003.0041164183152
09/09/2024 20:37,8526,London,Spring,22.434540927388326,46,19.450222690289277,54,7711,Rain,993.7486580500904
06/08/2024 12:12,8778,London,Autumn,34.16126543789309,41,0.0318464797181761,4,8175,Rain,1008.272416306806
28/04/2024 15:33,6381,London,Summer,14.607774152685332,87,16.65597319561023,13,1782,Storm,1007.315390330278
22/03/2024 19:01,6311,London,Autumn,28.25416699507536,44,2.433941743348018,57,4403,Fog,1006.1732073000736
12/04/2024 18:22,5551,London,Autumn,14.583543568439932,39,150.0,25,2334,Rain,1001.747156377338
02/08/2024 07:23,8399,London,Summer,16.85824272010185,71,9.612505499310764,5,4795,Clear,992.5601385148397
06/06/2024 01:21,5263,London,Spring,19.03829812837134,71,0.6058216599867183,53,6961,Fog,996.7943763709484
27/10/2024 04:47,6686,London,Spring,31.402961639506813,51,14.757470518870758,0,5229,Rain,992.1987221426468
14/08/2024 15:47,7077,London,Autumn,14.96968849581955,50,13.3763712924441,1,4980,Fog,974.43884962885
05/12/2024 01:16,5300,London,Spring,4.61147890931807,35,200.0,6,9067,Fog,1003.5649283689168
05/05/2024 17:39,8775,London,Autumn,20.438459908992144,55,2.309046990983561,9,763,Rain,1002.296480567752
06/11/2024 06:25,7135,London,Autumn,18.964593876315643,45,3.918219896619676,8,3112,Clear,1001.2533146930192
27/07/2024 17:28,8727,London,Unknown,24.107158693829074,67,5.446182245740412,8,4304,Fog,1011.3093603212308
23/11/2024 09:43,8792,London,Summer,16.363934406310392,97,2.332435678333204,43,8889,Rain,991.0721007992184
06/10/2024 06:18,7228,London,Spring,17.13727849424007,91,3.957470295898157,49,3050,Storm,996.8435133781604
22/07/2024 22:37,5963,London,Unknown,2.207151664978447,92,4.847854041501908,3,1304,Rain,1013.3948251964669
02/11/2024 17:45,7177,London,Unknown,35.138944792471264,45,10.337159328676004,33,1641,Snow,1001.4663099869294
14/12/2024 21:29,6433,London,Autumn,27.25082609665333,66,3.131609472084251,33,7802,Snow,1001.6597395999164
21/08/2024 05:24,5552,London,Summer,21.255883821795912,99,5.56853508295689,16,9322,Clear,1022.7377270206352
11/04/2024 13:02,7381,London,Unknown,13.49129694579688,91,3.4733692563879157,19,2031,Snow,982.528794844755
19/01/2024 20:36,5098,London,Autumn,32.18877321612117,89,200.0,54,2265,Clear,1010.4865936052366
04/08/2024 10:00,6358,London,Autumn,15.275629262476306,36,2.8850882122234927,13,9031,Fog,983.108482223288
22/08/2024 04:19,8310,London,Autumn,17.310776001088716,79,9.398556305454074,28,4395,Fog,999.7294321302342
11/11/2024 10:54,5153,London,Winter,7.494348211225049,26,6.5812731049668765,35,6257,Snow,989.8256053953004
30/05/2024 19:23,7449,London,Autumn,23.10572715203506,40,8.322460359532794,31,8186,Rain,993.561551688864
27/07/2024 16:20,6684,London,Spring,29.183170873798776,81,5.038571664584489,53,9237,Clear,996.759968263605
03/10/2024 23:14,5942,London,Unknown,23.03463157547714,22,150.0,51,6894,Snow,997.0849438608492
30/10/2024 23:03,7477,London,Summer,3.403622169822576,49,3.0556971148981336,52,7164,Rain,999.910326737158
28/07/2024 17:20,7974,London,Unknown,4.305277191371063,21,8.912203341998032,58,7146,Fog,987.814764496132
14/05/2024 10:14,7232,London,Winter,34.829550615361654,61,0.6458735713694113,12,3790,Rain,997.8522559632316
05/08/2024 16:56,7948,London,Spring,15.591055242058088,24,0.8789318160845996,1,5638,Fog,995.8716635752074
02/03/2024 18:18,7564,London,Summer,18.128430739335368,45,0.3061711341343729,55,9602,Rain,1009.3129081380564
15/07/2024 02:11,6989,London,Summer,12.751551122175478,34,13.343773802253663,53,6702,Fog,970.7947273047848
14/06/2024 01:45,5835,London,Unknown,18.691495361978426,91,2.565660116566584,10,50000,Rain,991.641967363908
02/11/2024 07:43,6935,London,Autumn,18.128430739335368,84,13.018568525644366,16,5068,Clear,1014.9145356050184
19/12/2024 03:37,8790,London,Summer,19.383700759906866,77,3.5300654644572163,41,4731,Fog,1001.658223473764
05/05/2024 19:00,8571,London,Winter,-3.561860515867753,69,1.8267368679406637,47,2167,Storm,993.4321478912108
03/04/2024 08:46,5349,London,Spring,21.321585675429034,29,3.1841801871009974,27,2960,Storm,999.099109186557
02/04/2024 02:20,5075,London,Summer,24.22985442371536,35,0.3095135013224332,39,8816,Clear,986.6626219510372
16/04/2024 17:41,5458,London,Winter,23.646659136418744,94,8.257256032969332,35,8436,Fog,994.5540747373922
26/08/2024 21:37,6933,London,Autumn,20.039293825794868,79,200.0,51,9689,Storm,1003.3307852751602
08/05/2024 13:26,8313,London,Winter,10.237640838847836,40,7.83576720737794,48,3530,Rain,993.2351021865394
29/05/2024 08:41,8626,London,Autumn,22.39873366033036,85,9.28400279187467,7,7185,Storm,1015.6290206944288
04/08/2024 00:20,7692,London,Spring,21.21233330803802,98,14.25503999949135,29,3669,Rain,1006.0090944678344
10/12/2024 23:48,7681,London,Unknown,26.583096615374984,27,100.0,32,9186,Storm,989.106395326368
21/09/2024 07:39,7160,London,Spring,29.35379472558156,85,22.304152814944462,55,7591,Rain,994.7185691749928
10/05/2024 15:57,5136,London,Autumn,2.6967792637961363,90,11.70488924184026,40,50000,Rain,1003.4086566612492
23/11/2024 14:05,7431,London,Summer,34.02745152771699,35,7.166061372822044,47,7564,Clear,997.9022377227284
06/06/2024 20:47,8489,London,Spring,20.89845391381504,39,7.10489818836191,41,7113,Snow,1004.2224444392956
27/11/2024 05:54,6048,London,Autumn,20.345906301489983,68,4.657426762753193,6,236,Rain,992.856203775197
10/12/2024 07:56,8964,London,Spring,23.89105453902913,88,17.604315563374897,26,5201,Clear,985.777929484131
23/06/2024 22:56,5276,London,Unknown,15.426835465469916,49,6.260585511013551,12,127,Rain,1001.4853552958336
06/11/2024 21:17,6645,London,Autumn,16.897142258038603,59,3.2228082683913897,26,6085,Fog,994.2679602809964
26/08/2024 00:31,6981,London,Summer,11.660674938235722,91,17.394962073369552,27,50000,Rain,1014.3352461290648
06/11/2024 18:23,8914,London,Unknown,27.21961814187251,43,200.0,40,1093,Fog,1004.3246663501302
22/05/2024 18:05,5427,London,Winter,34.51139193485571,82,9.765783509304972,35,459,Rain,1009.8044487362222
18/11/2024 10:37,6054,London,Summer,24.874845051316072,90,3.229254995604365,4,7957,Storm,1014.6776589243808
25/08/2024 06:01,5924,London,Autumn,23.63890872065068,85,2.9206834414163594,58,6677,Clear,983.0563307324264
23/10/2024 07:22,6835,London,Summer,6.610659903699062,68,12.266862094911344,49,5181,Snow,993.4851213242274
18/10/2024 20:58,7685,London,Autumn,17.917435863325196,50,2.1133804899488906,37,1395,Rain,990.2418603543798
23/11/2024 20:08,6823,London,Summer,-5.056475188052641,83,1.794556438260441,15,5642,Fog,996.7763349744606
29/12/2024 22:21,8896,London,Autumn,24.584046521646616,90,5.83092798581305,4,2430,Rain,1032.8580313172583
29/03/2024 13:37,6443,London,Winter,21.538416675278185,79,11.228584941211944,10,3868,Snow,999.3609236671804
26/09/2024 22:27,7740,London,Summer,17.577692661822574,44,7.974608200790112,8,5722,Clear,998.8748769471628
30/05/2024 17:57,8824,London,Summer,18.128430739335368,57,200.0,16,809,Fog,1011.5541409940352
29/02/2024 20:32,6735,London,Summer,4.276199442257592,53,3.3192223929307296,7,8519,Rain,1009.0925676407312
22/06/2024 08:10,7552,London,Spring,22.98434108394211,48,5.476473382627485,43,6003,Storm,988.660264970514
13/07/2024 21:19,6301,London,Winter,36.32350655620136,61,10.67611736140402,25,3899,Rain,987.469731212052
07/11/2024 14:59,6096,London,Autumn,17.547572087478933,36,5.544076750162445,29,5765,Fog,998.08263549443
12/12/2024 15:21,6969,London,Summer,24.445499433796712,60,4.606319262107494,57,1076,Clear,997.5032818911044
18/11/2024 06:42,6625,London,Winter,27.432526613339768,86,8.603987764515015,11,6074,Snow,998.6967536169176
25/09/2024 15:53,8393,London,Autumn,17.86923465419647,46,7.507423154478285,52,50000,Rain,1001.6293113280204
20/06/2024 13:59,8679,London,Winter,46.79783133531343,31,7.010991373115706,22,8896,Snow,1004.129614618033
23/10/2024 02:47,5798,London,Summer,13.706403747911583,67,2.538747602880958,43,4651,Clear,995.6597016806892
03/08/2024 11:12,6989,London,Spring,22.798297765351933,36,5.953448778486772,59,2037,Snow,983.8982495157064
14/11/2024 18:46,8033,London,Spring,60.0,40,13.565207671795072,26,7792,Rain,1024.130737012145
01/06/2024 13:03,6170,London,Summer,15.080435897897315,46,1.349682545917359,40,50000,Rain,989.995202780663
05/04/2024 14:50,8108,London,Spring,23.173794011618696,30,6.79515768749634,29,50000,Snow,1012.5798380128352
31/10/2024 06:25,7102,London,Unknown,33.870498078422216,44,6.330648070709163,11,7798,Storm,992.4970539614432
30/05/2024 19:06,7933,London,Winter,21.1797522683469,82,11.967387700541924,5,1263,Clear,1005.1646275919315
22/06/2024 21:33,6773,London,Summer,31.171653020676853,65,0.01387841767409,14,6219,Clear,1006.3845615302412
11/01/2024 18:51,8493,London,Winter,8.145049420193757,54,9.634115696461537,8,4801,Rain,985.1127544299992
19/08/2024 16:06,7331,London,Winter,-30.0,31,4.937006618526465,42,4197,Clear,989.5798926642134
06/04/2024 10:42,7006,London,Unknown,-30.0,57,9.191485066137291,6,3548,Fog,1001.9987969872724
19/11/2024 05:06,8478,London,Spring,9.262262080133606,35,11.182127719935238,45,3943,Snow,1015.4075525415597
19/09/2024 09:44,5398,London,Unknown,29.89460522175515,85,3.427069572906744,4,2718,Snow,986.0926969349256
26/02/2024 06:25,7170,London,Summer,9.55487424996705,82,4.0237296877615645,28,50000,Snow,986.747507915792
15/03/2024 04:01,7089,London,Autumn,34.17081313422043,89,1.113415365779174,19,6036,Snow,998.42015542598
08/08/2024 09:42,6196,London,Spring,29.26818536555329,98,19.40125812758544,18,3363,Storm,1013.9187098559826
26/04/2024 08:20,7361,London,Spring,31.40123917664264,93,16.374337793211538,10,50000,Rain,1008.8785555545612
09/03/2024 23:36,8732,London,Summer,21.980219229225455,98,2.561489052406636,4,8139,Storm,991.2510687047062
12/05/2024 13:43,6857,London,Winter,19.464398730869423,98,4.7644120205694005,42,560,Storm,1000.0559978082885
08/06/2024 07:31,5603,London,Summer,-7.151527795074998,83,5.09156866267278,53,8987,Storm,1009.2606660728736
17/01/2024 21:42,5948,London,Spring,33.23127201242286,29,16.53120806672297,12,1000,Fog,985.9477845436928
23/05/2024 23:28,6381,London,Winter,18.85643872671437,52,14.294554109343068,44,3926,Rain,983.3510346513922
11/06/2024 16:32,7474,London,Autumn,23.16079020191992,22,6.828884776309076,0,1510,Snow,977.1449626680431
25/12/2024 20:59,7914,London,Summer,1.7589208379425791,20,11.537145936514497,18,1426,Fog,999.0879291337322
13/06/2024 02:46,8739,London,Unknown,8.536309729536228,22,24.601939205603912,26,3432,Fog,1004.1766810994176
27/12/2024 09:19,7836,London,Autumn,5.615780803714156,70,4.507204021608546,7,774,Storm,971.3055719283911
18/12/2024 02:35,7860,London,Autumn,25.56222087177788,92,5.547896859522611,55,6291,Fog,994.6186981829148
15/07/2024 07:57,6069,London,Winter,11.79893493693928,87,10.481491403381565,39,4790,Rain,997.5624676994172
10/03/2024 05:43,6025,London,Summer,12.564342210085108,22,3.328489967084508,2,1134,Storm,994.6524476036802
07/10/2024 19:18,6756,London,Winter,31.7706882479645,59,9.98337440901236,37,5076,Rain,993.329603296316
23/09/2024 16:24,6591,London,Summer,33.669247603832304,66,8.02654883555846,23,50000,Rain,996.3730249344692
05/06/2024 21:59,8913,London,Winter,15.096086655273552,54,4.445984351482858,59,6962,Rain,1012.5856175950812
13/04/2024 18:54,7033,London,Spring,21.10451956977157,46,8.922607797298717,21,6068,Clear,1009.3536873583964
12/11/2024 10:48,6484,London,Autumn,-1.8670032566982009,36,3.362058636013268,52,7847,Clear,997.2210821355908
11/11/2024 09:25,6645,London,Autumn,16.725718662310125,47,3.1590438814551147,51,6429,Clear,997.4334871188768
08/09/2024 15:22,8037,London,Spring,26.84594426438438,42,24.3752065326598,23,5677,Rain,997.509060847207
09/06/2024 09:57,7399,London,Autumn,20.136352715943,71,8.797492219634975,10,50000,Fog,998.3752836726262
11/03/2024 15:18,7159,London,Unknown,16.2253959736096,73,13.83000889401639,33,7669,Rain,1021.6818724141364
25/06/2024 13:26,6143,London,Autumn,27.882129357945,55,5.858667992205735,5,6914,Snow,1004.591121266176
02/08/2024 02:15,8729,London,Summer,15.756593316730786,46,8.012983912280799,57,50000,Rain,999.390835630784
07/07/2024 22:35,6215,London,Autumn,20.075543747001216,69,0.2078204485163866,3,8701,Storm,1009.0835525360508
07/12/2024 20:32,7831,London,Unknown,30.91535485867466,63,3.327076828171068,15,3400,Rain,1009.5160303158503
14/10/2024 04:42,6915,London,Winter,7.199235896183843,36,7.720713867683489,58,4949,Rain,1011.3785882863476
01/01/2024 16:41,8815,London,Unknown,18.128430739335368,21,11.483779143601442,41,8904,Rain,996.463473220438
06/02/2024 00:18,7244,London,Summer,22.418786152272546,33,16.128180490409683,44,3852,Fog,1006.3938068594358
14/03/2024 07:16,7921,London,Summer,30.20112181339581,91,17.65377289715977,45,50000,Storm,984.8659110195138
17/08/2024 21:59,8158,London,Unknown,2.472547776546321,25,4.811063414760462,53,6782,Fog,1003.7316151895742
07/10/2024 11:50,6528,London,Summer,9.800251742844154,76,13.997871461865165,39,3707,Clear,998.839403042545
05/05/2024 00:17,7149,London,Winter,14.385405052708233,57,0.0926616122445249,50,2268,Snow,1001.4070971434214
27/05/2024 23:35,6264,London,Summer,21.57514666692093,78,9.108460338841738,45,8185,Fog,1001.4870393808312
03/12/2024 18:20,8947,London,Summer,13.584016507308236,41,17.792707300949242,54,6487,Fog,997.2532827784768
09/06/2024 02:59,6651,London,Unknown,27.68201825833526,87,0.2203305175756487,28,9965,Rain,993.6695306845928
01/05/2024 02:21,8996,London,Summer,19.960044447456838,76,4.21845617318648,22,8585,Rain,987.9962273879546
19/02/2024 19:16,5398,London,Autumn,17.80839076047842,72,1.8175347621773463,52,6413,Rain,1016.1183194895962
11/06/2024 15:56,8365,London,Unknown,29.200275898837003,72,3.570836922250008,26,7888,Fog,1001.9971891046392
09/06/2024 22:06,6707,London,Spring,13.963188666354627,31,16.727850008341395,54,8100,Clear,993.2923480154752
30/04/2024 08:33,7973,London,Autumn,37.95769342360062,75,3.3731806352248714,10,9271,Clear,998.0351034956732
16/06/2024 13:47,8746,London,Unknown,18.05088916312912,40,5.649011019196806,25,5552,Clear,1001.8004194270612
01/02/2024 11:18,8394,London,Winter,11.805054202146335,70,20.351950700796497,3,2516,Storm,1014.694773519436
12/07/2024 16:41,6916,London,Winter,10.790276504680175,73,200.0,22,7962,Fog,999.5950296582268
27/09/2024 03:03,7166,London,Spring,18.128430739335368,58,1.44786951406789,31,650,Clear,1007.01377291483
03/11/2024 20:51,7800,London,Autumn,23.52046972449609,99,3.637462410913544,16,2159,Snow,986.4181280054578
18/10/2024 20:14,7264,London,Spring,18.25535629453118,31,19.7251526002699,38,8684,Storm,999.3240283693808
22/09/2024 19:18,6854,London,Spring,22.95017077744999,72,6.6774346770989474,13,1924,Fog,1006.239690838402
25/05/2024 14:07,6830,London,Winter,33.995944674901494,78,2.5640324366313707,54,8295,Clear,990.6118918425252
22/09/2024 19:05,6914,London,Summer,25.504465544231884,24,0.7535125240434013,36,5738,Clear,1004.7621904763628
10/09/2024 09:12,8428,London,Winter,25.89370113515078,90,11.58481908209476,18,5972,Rain,997.3670409969689
24/07/2024 01:10,7101,London,Autumn,19.87896394323677,59,15.497548886398976,36,4219,Clear,1009.5768666249998
07/04/2024 10:20,8804,London,Winter,12.372472863078713,50,0.6582610668812618,55,8144,Storm,1032.45741745689
07/12/2024 19:51,5275,London,Spring,17.440022934160307,88,3.9439909514727054,54,50000,Snow,1000.7477842563987
28/09/2024 03:00,7309,London,Spring,17.519909447228248,78,7.57620201321981,58,6260,Rain,998.1009774022118
14/08/2024 13:48,6333,London,Summer,16.990609889539982,52,16.57728325377925,19,2380,Storm,986.3481369196288
24/01/2024 12:55,6584,London,Winter,17.568628746729086,37,1.628259777873672,14,3978,Storm,984.2312132742826
18/07/2024 06:57,6387,London,Winter,16.646127773582773,49,9.693783121689854,26,7207,Storm,1013.5907771656422
20/10/2024 11:42,5264,London,Autumn,29.04212095756666,91,3.734497180459352,30,5992,Fog,1008.3506911562696
09/11/2024 12:29,6104,London,Unknown,18.124726257491226,97,13.91842813612308,21,4867,Fog,999.0445087566184
14/10/2024 10:03,6025,London,Autumn,13.915624175935717,45,14.999319306600352,29,6306,Clear,1006.5697861535064
12/04/2024 09:20,7855,London,Spring,11.287924527150684,82,2.044347744421989,42,2895,Clear,997.710135044257
23/09/2024 09:03,7899,London,Autumn,11.798252047068642,28,10.158678115821644,31,7690,Snow,1003.431367462602
01/07/2024 18:25,7679,London,Spring,36.673879491847245,38,4.019934016839091,52,50000,Rain,990.6659260801522
04/04/2024 19:07,8311,London,Winter,16.77322496000076,24,5.824396282630056,33,9282,Fog,980.9989764158562
13/07/2024 11:14,5057,London,Unknown,24.629266376314533,52,8.695144714763536,22,6250,Rain,983.1275271919072
05/01/2024 01:06,6103,London,Unknown,19.851509769256893,46,17.391100540152937,59,9087,Rain,976.6198846678273
01/07/2024 22:59,6973,London,Autumn,28.817694601071388,96,2.6735646052321878,10,330,Snow,987.7026523416451
28/04/2024 11:16,5510,London,Winter,40.826988630322894,31,4.819877983535647,4,5792,Storm,995.0335719409312
22/09/2024 03:08,8650,London,Spring,4.791156029883204,74,21.252466986088823,17,169,Storm,991.149345497305
12/09/2024 10:30,7729,London,Summer,2.896528376330263,21,11.490224747234066,31,3964,Snow,1005.8270864505564
01/09/2024 21:40,5046,London,Summer,18.46675572262812,97,15.490830218012496,16,4581,Fog,1003.9984723906484
26/10/2024 20:23,8478,London,Spring,15.442357028762244,86,6.2912160816493685,45,4584,Clear,1009.5892893822964
28/05/2024 14:17,8600,London,Winter,5.008989878963728,73,3.4939989313231994,16,3416,Clear,998.8452232799132
02/10/2024 04:51,5777,London,Summer,14.091068762939765,20,9.443467627558675,2,3783,Rain,998.658031974972
29/02/2024 20:20,7586,London,Spring,10.716342140587743,86,6.87731286508782,28,8567,Rain,995.171129437676
04/12/2024 06:34,8789,London,Winter,35.94461951030767,81,7.19181169617875,23,5465,Rain,1005.7769904835488
21/10/2024 00:20,8758,London,Winter,23.318668295834502,39,2.743048065858148,56,7461,Rain,994.1424521594004
05/07/2024 23:23,8130,London,Spring,24.57783740460409,25,4.4322660958739135,4,568,Storm,999.6477802015152
21/05/2024 05:43,6739,London,Unknown,-0.0720283328910404,74,1.40759463112191,11,8266,Rain,995.0279315579352
28/01/2024 07:04,8252,London,Autumn,21.45423179304487,29,1.769340339822592,2,1987,Clear,1003.2315265924464
24/10/2024 03:14,8607,London,Summer,41.62680184272092,62,1.504846331642386,18,9362,Fog,993.0150688904512
17/12/2024 23:24,6053,London,Unknown,6.658723537362755,20,4.408557076942355,7,6851,Snow,1006.7152638723576
15/12/2024 14:48,6377,London,Unknown,34.21138519955466,78,3.0811831280913298,11,3079,Clear,1015.6717830189368
30/05/2024 15:58,7842,London,Summer,7.57989319666288,51,7.754268536139636,33,9059,Rain,1019.661458549528
17/04/2024 23:11,6970,London,Autumn,25.420050387244377,46,16.228903056235584,36,2123,Fog,1009.1348613680316
16/11/2024 06:31,7551,London,Winter,18.182940979229308,70,9.20787065026112,12,8035,Fog,983.408380558162
18/01/2024 12:04,8173,London,Autumn,29.611834168507613,67,1.4682345133999275,46,8767,Fog,991.4437631362678
25/05/2024 05:24,7636,London,Spring,1.599038942706887,67,11.206129652606707,34,6169,Clear,1010.3695015804144
17/10/2024 05:40,7144,London,Unknown,16.522595390126355,51,5.613275646989589,27,508,Snow,995.2126566944916
09/11/2024 21:42,8838,London,Winter,20.33873485188606,24,7.872588578309624,47,7551,Storm,992.6315717268752
01/01/2024 16:30,8054,London,Autumn,6.7399593826799205,79,10.388415433675718,3,4143,Rain,1005.4998232453328
31/01/2024 18:12,7468,London,Summer,15.199534918174226,74,15.98589131066192,49,2088,Snow,1008.8202764399226
08/04/2024 04:25,5644,London,Spring,18.128430739335368,56,150.0,20,2988,Rain,1003.2249125569908
10/08/2024 13:39,8555,London,Spring,23.40880443946402,64,1.6749570496988055,5,8669,Storm,1001.3210092246536
17/01/2024 15:41,6715,London,Winter,18.128430739335368,93,0.6197007709684321,5,9400,Rain,982.5094336061472
01/03/2024 10:31,6906,London,Unknown,19.593140081517756,43,5.366830921924858,51,712,Clear,994.949170841872
18/03/2024 00:57,6203,London,Spring,43.667964650873,33,10.581248784393686,37,6400,Snow,987.296167420213
08/09/2024 09:50,5525,London,Unknown,19.678403033484557,29,10.885372490309166,19,2346,Rain,985.7698598791266
18/09/2024 23:48,8611,London,Summer,9.409144931707056,77,5.99778381122069,10,7195,Clear,1003.3647845067424
06/12/2024 00:18,6158,London,Autumn,30.984970973005723,43,2.8437629506659228,29,9121,Snow,980.6815476847293
13/11/2024 16:05,7240,London,Summer,6.383283823473347,67,14.887209568250526,53,4042,Clear,1000.9304447756408
03/01/2024 13:50,8449,London,Spring,10.849810291576349,44,1.785039992917011,43,5022,Clear,1005.4254588504368
29/06/2024 02:50,8745,London,Summer,23.259635165309657,98,19.268277480688678,30,6523,Rain,995.4116149957435
26/04/2024 18:33,6754,London,Autumn,5.51658816920477,75,5.143296354612673,46,8281,Clear,984.9223185069392
26/04/2024 02:18,8068,London,Unknown,23.55035668554318,23,8.137568842892346,28,2455,Snow,985.492977434468
07/04/2024 06:47,8242,London,Summer,26.16995267242018,45,0.0010906912655164,26,9962,Rain,1018.0971361790308
01/08/2024 10:18,5170,London,Unknown,23.739913042209896,63,0.2288321092551193,21,3394,Snow,999.2977261225816
23/06/2024 10:56,5767,London,Winter,11.158219269219057,89,6.891513358485231,16,764,Storm,1003.1035716499129
14/10/2024 04:41,6340,London,Summer,17.784129315791944,69,4.245439402871996,55,5355,Snow,996.76699018126
01/09/2024 15:39,7976,London,Unknown,10.2623232376599,82,17.75067913763251,15,8384,Storm,992.851170100138
16/01/2024 06:23,6709,London,Summer,10.030931282488355,81,7.504225460098818,13,2633,Snow,990.886860363625
31/05/2024 16:58,7573,London,Unknown,22.35987773402629,35,5.048122787473606,56,3880,Snow,1003.4031326286168
12/05/2024 13:25,7519,London,Unknown,27.633180644482984,44,14.651406404574344,54,5854,Rain,1003.784550353915
21/05/2024 17:36,7879,London,Unknown,18.128430739335368,97,0.8437856809108499,4,8556,Rain,988.4014231476224
07/03/2024 22:20,6463,London,Unknown,24.869208933389864,46,6.867478593343819,20,3659,Fog,1009.450853592571
11/06/2024 23:44,5168,London,Summer,60.0,43,13.826259818817912,55,4634,Clear,1010.2012690139242
07/04/2024 22:56,7305,London,Summer,8.159228845702172,98,150.0,22,4312,Fog,996.345805767555
03/08/2024 21:07,8989,London,Spring,3.804932114881984,37,7.974546853136513,17,8178,Rain,994.1791642534828
29/03/2024 16:40,6461,London,Unknown,20.20783860304506,27,3.348804026903169,25,50000,Rain,996.8543169794848
17/12/2024 10:06,7273,London,Winter,19.672920195980566,41,13.633089171072186,5,3920,Rain,1012.8165146495376
26/12/2024 17:07,7301,London,Winter,28.74850123185396,78,10.4244234077212,29,7421,Clear,1000.5294785176598
24/11/2024 00:59,7040,London,Spring,8.654260646227879,40,6.593884449640947,42,4394,Clear,1007.5227835339052
12/01/2024 21:18,7808,London,Spring,11.648085409062809,33,14.254837852728915,27,5101,Storm,994.6865574521436
17/05/2024 03:58,6315,London,Unknown,28.246564386955956,85,3.2214175257919813,27,7430,Rain,986.2396726792886
22/03/2024 10:52,6596,London,Winter,60.0,24,0.4849634421811588,53,5909,Storm,997.858637890693
19/06/2024 21:24,5205,London,Winter,25.023408073043655,33,5.836472799541142,39,3066,Snow,979.0417184704444
06/09/2024 15:08,7379,London,Summer,60.0,40,9.188160977622315,4,9112,Rain,993.4900549817078
07/10/2024 22:57,5026,London,Spring,4.291429906911217,73,11.3318098743474,14,5426,Snow,988.5190812301074
24/02/2024 02:16,5406,London,Summer,19.606150686737116,92,12.209391832027316,23,1108,Storm,989.5807838955872
16/11/2024 21:18,7501,London,Spring,20.029440985711368,82,100.0,14,7029,Storm,997.8527348384748
30/12/2024 00:51,5195,London,Spring,11.198756295038862,33,9.769786269489783,40,1145,Storm,987.6306779901794
27/04/2024 05:30,6368,London,Spring,17.139644023672744,45,13.127923523161469,8,8495,Clear,984.6781766837258
09/11/2024 14:28,6096,London,Summer,11.340791652021354,40,0.1977050560061446,19,1780,Clear,1007.652660780014
23/04/2024 14:15,6963,London,Summer,-30.0,53,6.23257701585171,16,5061,Storm,996.8191699139
13/02/2024 16:43,7046,London,Spring,13.720628906511616,43,22.55184010352288,38,2708,Clear,1016.0349888754424
15/01/2024 03:21,7764,London,Autumn,14.764657495422083,93,8.01813898592709,46,4357,Clear,998.0671587619196
30/06/2024 05:04,8643,London,Unknown,3.7289254469325392,24,8.063759218160918,43,3217,Fog,1016.732932887732
28/01/2024 03:34,6084,London,Spring,4.346006837358287,95,1.0670285772924766,18,5175,Rain,987.3173969246952
06/09/2024 13:44,6349,London,Winter,20.84489295207974,27,7.090966007828872,40,9345,Storm,1011.705308545808
10/06/2024 02:05,7212,London,Unknown,16.44593454484971,76,1.7010510019411411,21,1380,Snow,997.054202099625
07/12/2024 02:14,6988,London,Unknown,10.336827653383128,82,3.889328443896433,2,1766,Storm,1009.2074371099824
25/11/2024 01:35,8503,London,Summer,20.688713643468866,51,1.0450070977397132,10,6961,Rain,988.984546596108
25/06/2024 04:08,8983,London,Summer,29.51369473737716,31,12.585736589543028,29,3234,Clear,993.818975520044
20/12/2024 12:02,6852,London,Autumn,17.774379376967246,99,2.740736344062253,46,3094,Snow,1005.196773652625
11/10/2024 21:06,7170,London,Spring,30.00490191430404,67,2.3961921972573776,1,7648,Rain,1004.447183029276
11/04/2024 13:35,6857,London,Autumn,7.769211331148282,70,4.325229484455793,15,8670,Rain,1002.3146276332184
24/10/2024 07:00,6679,London,Winter,6.77135310258226,60,5.800667627541056,24,4763,Fog,982.9122721917556
27/01/2024 23:57,7368,London,Unknown,35.33286481016828,21,1.5170152778573955,2,9957,Rain,1010.043584943196
18/12/2024 23:51,5028,London,Autumn,11.880736939987576,63,6.690390501215733,21,1142,Clear,989.6989465268337
03/09/2024 16:40,5477,London,Spring,19.166314662518204,41,2.7530045042490503,18,3551,Storm,989.4175529334384
26/06/2024 12:03,7793,London,Winter,14.27964940889157,49,4.299994794560856,32,8964,Fog,999.9512585953548
03/10/2024 19:49,8275,London,Unknown,11.113956700930068,78,4.724656646056565,51,6688,Rain,1007.8288235818164
13/11/2024 10:45,6372,London,Spring,34.186076387343434,22,3.334327772889281,16,2722,Rain,1004.2802447614448
16/04/2024 21:49,8993,London,Spring,24.70753915545295,98,7.891882529957085,45,50000,Rain,1020.06297396509
11/06/2024 04:13,8736,London,Unknown,30.0683015755032,29,1.410582586838291,1,4384,Snow,1000.7532134822908
21/03/2024 00:13,8624,London,Summer,15.2361704586551,80,13.271254352959568,9,9750,Fog,993.704080457591
05/08/2024 14:48,6174,London,Winter,29.528531176165057,47,0.37982261429753,9,7964,Fog,1007.7437750334764
04/05/2024 20:10,7723,London,Unknown,-30.0,87,6.291213499320483,57,693,Rain,1005.7898920065894
08/09/2024 12:31,7767,London,Autumn,20.90074642859445,25,20.7794244945377,47,4780,Storm,984.0806472010626
19/12/2024 03:11,5972,London,Unknown,18.128430739335368,36,5.85835156434981,35,8134,Storm,993.9675387312064
10/07/2024 02:17,8114,London,Spring,13.892336542365094,79,4.769617570039523,45,921,Fog,992.5742918595788
06/02/2024 08:51,6669,London,Summer,16.296513197243204,57,7.557265044181385,30,6146,Snow,998.8068093314572
08/03/2024 08:27,5707,London,Summer,21.256206677777108,43,2.201453964976287,22,4780,Storm,994.8272187985788
21/12/2024 15:44,8739,London,Spring,15.562136451437604,94,29.442910777927764,59,6534,Storm,1009.4936512786038
06/12/2024 04:43,6979,London,Spring,20.374759431554608,47,0.4388717716946084,18,2242,Snow,988.5759613435148
17/10/2024 08:01,8300,London,Spring,5.984519107442068,29,2.46848784057921,59,3758,Clear,1010.9201606451944
13/07/2024 06:55,7855,London,Unknown,13.477503902419324,38,2.2634892156489124,2,9471,Storm,1005.1292929831632
23/01/2024 21:08,7925,London,Autumn,20.525804898532865,43,6.483604936862321,34,809,Storm,994.5277995085936
19/07/2024 22:24,8593,London,Autumn,20.95749710381264,44,150.0,32,6457,Clear,1013.7424634904818
13/07/2024 17:42,6734,London,Spring,21.923120773043568,78,7.647582466969203,25,475,Rain,996.5741292673044
29/02/2024 12:38,6457,London,Unknown,12.360857253365108,62,14.095655684771335,50,7690,Storm,1010.8868811268557
16/12/2024 23:56,7521,London,Unknown,25.1316061204661,33,7.226475971964568,14,172,Rain,1006.1674075412463
01/02/2024 22:29,7253,London,Summer,10.80379437608878,33,0.2888392690800305,36,9268,Storm,1001.6090471934244
21/02/2024 10:43,7809,London,Winter,23.331370904395094,99,6.769233505915357,9,2766,Snow,994.107977119673
21/10/2024 00:04,7714,London,Unknown,60.0,67,0.6701072861771911,9,675,Storm,996.4750748907408
23/11/2024 04:32,7551,London,Unknown,60.0,90,5.457695939178993,18,9351,Rain,982.6536817543904
08/06/2024 19:31,8919,London,Unknown,3.5515913173367863,48,14.03294945491089,47,4802,Rain,996.9296791848232
30/11/2024 08:40,5926,London,Spring,39.99501590240728,51,2.7533557711094856,51,5192,Clear,1007.5066199830158
30/04/2024 22:09,7780,London,Spring,18.780073781561885,23,9.995672256384324,58,3483,Snow,995.8997581556602
20/10/2024 02:32,6504,London,Unknown,12.462857238710138,65,12.601392086040264,14,50000,Rain,996.8023740924118
19/09/2024 23:03,8662,London,Summer,30.6982876532063,24,100.0,19,50000,Fog,999.3027059969008
18/02/2024 17:56,8962,London,Autumn,21.56191327930276,78,2.632150276261651,27,6849,Rain,985.562135779184
03/03/2024 11:09,5081,London,Summer,21.800173670109142,57,16.78997725882423,49,7626,Rain,1016.8551663277008
14/10/2024 11:41,7854,London,Summer,19.73928920918991,58,0.8570940357535237,1,1521,Storm,994.9191920565236
09/02/2024 10:25,7992,London,Spring,32.77269399533958,25,10.186349869779708,9,5932,Rain,991.2021002560136
22/02/2024 21:58,5638,London,Spring,18.128430739335368,61,10.296586503970468,54,4690,Rain,995.3439732883272
24/08/2024 06:21,7011,London,Unknown,-4.342874176610671,96,2.920060738227126,29,5857,Fog,985.8642889392096
01/09/2024 13:02,7058,London,Summer,8.55952405471672,32,4.9037589090487606,44,8578,Clear,1001.8251494965
25/12/2024 15:17,7220,London,Summer,9.253685936332513,99,9.67941311497275,56,2492,Snow,1013.1356981714954
24/04/2024 22:41,8504,London,Autumn,23.8341076377857,33,0.7244177535073995,16,3225,Clear,999.655409229823
07/08/2024 20:25,8772,London,Winter,20.789028301510484,87,150.0,10,9673,Snow,995.9691577008598
30/11/2024 03:34,8489,London,Winter,7.781975009843952,34,2.8433630563415564,31,4984,Rain,984.4331713813295
17/03/2024 10:30,5047,London,Summer,15.050127506115452,44,0.578464499857887,56,128,Rain,1003.4448852506656
04/07/2024 12:24,5152,London,Autumn,25.51754739523513,85,9.81727793085263,30,3609,Snow,988.9615378313466
21/10/2024 20:07,8228,London,Summer,20.91675862824404,92,9.080455229907098,46,5566,Clear,1013.503458293568
06/03/2024 13:53,6931,London,Summer,18.128430739335368,68,12.53564165254977,30,6588,Rain,1005.5117993662382
24/05/2024 01:55,6450,London,Summer,29.21509306997993,93,5.27137159503953,20,546,Rain,1008.0675260960274
03/11/2024 12:33,7315,London,Autumn,8.758845402278766,98,4.128075802385709,4,6133,Fog,1000.68982542723
05/04/2024 01:11,7229,London,Spring,18.128430739335368,53,0.0912935555395426,2,5586,Fog,989.473473568205
20/10/2024 07:28,8044,London,Summer,5.589381400235,54,8.570930141180693,37,8730,Snow,994.4018211314628
20/12/2024 16:18,8196,London,Winter,7.423728382723786,88,6.452185534010575,4,1940,Storm,992.8942384864004
03/08/2024 21:22,7916,London,Unknown,25.414915771999222,36,9.54074997618764,17,8063,Fog,1011.092426195275
17/11/2024 14:54,6567,London,Winter,21.003811036981304,65,15.689176323689049,52,1629,Clear,1003.1293671544106
17/11/2024 09:47,6911,London,Spring,24.466377015225127,42,8.557421052799578,25,2112,Snow,989.9985732352532
31/08/2024 12:42,5316,London,Unknown,12.685211299544235,65,8.033233874859583,11,50000,Rain,996.6418731851762
28/06/2024 17:34,6026,London,Spring,9.50227995538464,29,3.195334343312471,50,7963,Storm,1021.1622949418398
07/10/2024 04:46,5842,London,Spring,18.128430739335368,71,1.7984920856338071,30,4700,Fog,1004.9755013164794
09/07/2024 17:58,5413,London,Winter,22.15421486746621,22,4.596156500459331,0,7653,Fog,994.7533689819206
13/08/2024 23:05,7686,London,Autumn,7.302803211088985,53,7.217618034418551,50,681,Rain,1002.1357197306716
24/06/2024 05:21,8923,London,Summer,26.487365303757336,71,9.440422860834357,10,8132,Fog,998.625047921526
01/12/2024 11:15,5384,London,Winter,18.873493990064777,31,11.95013530491918,45,2980,Rain,993.6543137499542
18/07/2024 00:47,8674,London,Autumn,35.14711855824704,49,3.710324674721312,8,6864,Fog,979.629726561394
22/01/2024 03:17,5601,London,Autumn,24.06009451491927,33,10.064609454513622,51,3766,Clear,995.3977224027392
20/11/2024 14:11,7136,London,Unknown,2.3794763454356005,89,9.114756324624503,38,2499,Snow,994.5909541410144
09/03/2024 20:18,5339,London,Unknown,24.878519716798884,96,8.89356319603574,26,6372,Rain,1006.3466642976406
28/04/2024 19:09,8409,London,Unknown,29.965373670015843,90,7.897805953100802,14,8148,Snow,1005.538251277221
23/11/2024 01:40,6937,London,Summer,32.80832728016516,81,5.708327758183814,7,1721,Storm,1005.8270065074432
16/12/2024 12:12,8998,London,Autumn,27.609735243755345,72,0.3608167057003291,11,2052,Snow,989.6040925292224
29/08/2024 22:36,5567,London,Autumn,-2.190972630630327,76,3.0991877323765427,33,9986,Fog,1000.1125714171684
25/09/2024 15:53,8393,London,Autumn,17.86923465419647,46,7.507423154478285,52,50000,Rain,1001.6293113280204
04/01/2024 16:43,7766,London,Spring,7.207803460171146,83,0.665131464162152,30,50000,Storm,1016.6482774244204
06/06/2024 00:16,8662,London,Winter,18.846711475840756,27,21.15958247040123,9,8674,Clear,975.0367678273034
23/03/2024 22:15,7469,London,Spring,36.28168705466084,87,16.91038991017877,13,378,Fog,1001.1092605555832
05/01/2024 00:52,5814,London,Summer,16.22542628690416,54,5.473009714294669,12,3711,Clear,993.6837047272428
23/05/2024 09:01,5974,London,Unknown,32.44607010038855,74,7.011744140700635,37,6397,Clear,1002.7817866612507
05/06/2024 23:29,6489,London,Winter,28.071607059895733,87,26.82891807103184,16,1072,Clear,1005.7569868311646
03/04/2024 10:55,7091,London,Autumn,18.128430739335368,80,7.709113518530653,24,2540,Snow,1000.1848119503588
19/07/2024 04:25,5464,London,Unknown,1.5870741594523317,83,11.936965239939756,11,2163,Rain,1008.9558239591328
01/10/2024 01:08,6658,London,Summer,-30.0,39,8.099486485784686,30,9949,Rain,1007.968513522651
30/07/2024 04:41,8582,London,Summer,23.916478840923823,40,0.8435229038878571,1,3937,Rain,1011.7016532613676
25/12/2024 09:58,7710,London,Unknown,8.00420343580677,53,3.0306724478052285,31,9826,Storm,994.7044305139584
03/12/2024 20:06,8718,London,Summer,12.245497662558702,36,5.499361261336208,2,1952,Storm,990.1380069451416
11/10/2024 19:19,7109,London,Spring,6.199443306768268,32,8.931631820567516,25,3261,Clear,994.5447447167556
11/02/2024 01:01,6049,London,Spring,6.180796513483985,91,2.2753471364671625,52,6099,Rain,1001.5683100083191
07/03/2024 16:58,5305,London,Winter,28.18149384453303,34,3.376181009669925,5,50000,Clear,1023.3253448711548
27/09/2024 05:42,7478,London,Spring,29.499863874902665,26,7.69755122468416,58,7787,Rain,1011.1776315500452
04/06/2024 01:28,6037,London,Spring,24.049499254546134,41,6.486852438225682,51,9120,Rain,1014.1296420853852
29/07/2024 03:21,7283,London,Autumn,30.267784688406834,70,200.0,55,756,Clear,999.5524708931058
19/05/2024 16:46,5035,London,Spring,36.647392810053375,85,12.271399681572094,13,4225,Storm,998.3230041542204
23/04/2024 11:14,6000,London,Unknown,26.119519582638503,59,7.867538421575283,41,3373,Rain,1005.3768420125542
28/12/2024 03:16,8588,London,Unknown,4.7533032644098,35,5.398120405604228,6,2802,Snow,995.0818423595276
22/12/2024 16:50,8850,London,Winter,3.354093898549777,98,7.456049588142759,14,1815,Rain,980.3861919234112
05/03/2024 00:51,6194,London,Summer,18.128430739335368,21,6.820220733359234,39,5209,Fog,1008.0447484020904
26/01/2024 18:14,8425,London,Summer,17.141012845262736,38,2.641551640559425,59,3193,Fog,996.6157007153926
26/04/2024 19:18,5181,London,Winter,17.888816171314875,34,0.5968070032610511,0,1293,Storm,1003.1116081282072
06/11/2024 11:01,6089,London,Summer,25.527849273736955,48,6.159762090032174,35,3670,Rain,1011.5897327279048
04/08/2024 10:17,7220,London,Spring,27.72431333255838,99,3.438397091050218,1,8273,Storm,1000.456334065369
06/01/2024 11:20,6676,London,Summer,-0.0694988633362498,97,0.0387893658549653,19,633,Storm,1000.1804599854496
06/03/2024 01:11,5670,London,Autumn,29.47123239393155,99,14.417636935125929,25,5365,Clear,1006.9285343134763
08/11/2024 04:19,7069,London,Winter,12.927937701588029,78,17.69133811594444,30,7105,Rain,1014.472178904894
26/07/2024 16:33,6359,London,Winter,26.8577256694064,71,8.374772230072312,7,6913,Rain,998.093158429652
20/12/2024 16:18,8196,London,Winter,7.423728382723786,88,6.452185534010575,4,1940,Storm,992.8942384864004
10/05/2024 13:33,7417,London,Autumn,20.792944510208468,79,13.2831453807013,16,50000,Storm,998.4063205204544
18/02/2024 03:51,8920,London,Spring,14.173713398513463,59,17.417196038050264,51,7910,Rain,984.9367754382196
13/05/2024 01:49,7054,London,Spring,35.74025050496958,59,6.2791728132994375,58,7042,Clear,1007.4104305735456
02/01/2024 20:04,8535,London,Summer,-30.0,73,9.117730026122922,27,1254,Clear,999.7558534384216
28/12/2024 08:35,7910,London,Autumn,30.062020453146204,62,16.349868212793105,0,6069,Snow,1003.4528802383574
22/09/2024 19:56,7555,London,Winter,18.128430739335368,27,200.0,48,4852,Rain,1006.7401140462756
23/08/2024 18:02,6106,London,Spring,17.78957596434136,77,16.741579612191128,38,7727,Clear,996.037167672116
29/03/2024 12:00,7709,London,Winter,5.560453860009513,70,14.063723377948955,37,6218,Fog,1003.006785795508
30/11/2024 20:57,8749,London,Autumn,2.054400558119301,57,0.9731748400335842,55,5955,Clear,993.1842721242216
18/01/2024 19:26,6246,London,Unknown,3.8208039817866855,99,19.79526555668357,31,5792,Rain,1008.1253087310188
30/09/2024 19:35,8946,London,Summer,18.128430739335368,29,9.569751808130338,31,2370,Fog,1015.2675269848704
21/03/2024 07:41,8016,London,Summer,19.94464549779231,55,4.651567198977629,59,5112,Clear,996.3469653606418
29/04/2024 10:01,8546,London,Summer,19.644675287215936,47,200.0,29,8979,Storm,1002.6299013539748
05/07/2024 11:11,5881,London,Autumn,7.612323176256579,22,7.063863065975804,8,3661,Rain,1008.305304851772
13/07/2024 19:52,8461,London,Spring,19.510711538688184,53,8.024633199653852,48,8911,Snow,1002.7642331132536
27/04/2024 01:48,5454,London,Autumn,-30.0,54,9.277550177876009,1,9521,Fog,995.862580306036
03/01/2024 14:39,8040,London,Unknown,10.36943832142638,91,11.744484189848135,53,7820,Rain,1013.8502525470378
16/03/2024 11:08,6272,London,Summer,25.48245624382257,45,6.370304379809305,46,7877,Rain,997.2183387764276
06/06/2024 07:50,6926,London,Summer,9.543469647379052,79,5.237263183214036,0,2481,Rain,1006.645900484284
21/03/2024 20:28,5568,London,Summer,28.81765288003149,30,7.066442591726041,39,2331,Rain,993.647725137353
19/04/2024 13:19,5534,London,Spring,21.73929526191792,72,3.2326472103863377,45,1510,Rain,1000.2267132805011
12/01/2024 03:10,8078,London,Spring,22.32094263204759,76,3.237271435483754,55,6915,Rain,989.6391238935332
25/03/2024 12:02,6314,London,Winter,24.67330040291887,45,0.4492606875410025,21,8013,Rain,1007.193049682069
27/06/2024 13:43,5750,London,Unknown,35.232152858630485,48,15.511221639086944,24,3356,Fog,1023.8556663108892
12/10/2024 11:46,7476,London,Unknown,25.5580664343234,87,20.2251945807079,24,1776,Clear,1007.468456718444
12/09/2024 13:50,6880,London,Autumn,30.62337566974898,93,16.62912850465895,4,5341,Rain,1001.7323089239774
05/06/2024 12:24,7960,London,Spring,9.540466811289908,81,6.554275542199513,16,1237,Storm,997.4551599175217
05/03/2024 07:52,6365,London,Summer,22.123908565182283,61,4.450498995014697,15,5619,Clear,1002.5240373370764
08/09/2024 20:43,5028,London,Winter,-12.67564480515972,63,1.9108844395164448,47,6456,Clear,1001.5335787630576
13/12/2024 21:07,8885,London,Unknown,10.0393810840399,48,3.8226254284033567,30,9353,Rain,1006.4713949333412
05/08/2024 16:16,8887,London,Autumn,18.128430739335368,58,7.183192353192776,9,5261,Clear,1004.7318552211592
10/02/2024 20:29,6964,London,Winter,20.33835828267753,55,11.55596795402259,58,6266,Rain,1011.9209719016258
18/08/2024 20:38,7901,London,Summer,30.21288913813193,84,3.625626645851592,2,4172,Rain,1002.5660967530268
11/04/2024 14:36,6372,London,Unknown,28.63259096843936,85,4.473514200964413,12,6160,Clear,1000.8601789181274
22/12/2024 03:17,5041,London,Autumn,15.866722800290413,80,3.842166805168473,46,7479,Fog,1012.3018221966094
01/06/2024 06:01,6806,London,Autumn,20.33369499985429,39,18.878032832263504,24,5672,Storm,995.4829515640594
20/07/2024 20:16,8223,London,Autumn,22.043164408545397,84,5.983847305238461,2,2882,Clear,1014.0582604421006
09/06/2024 00:48,6920,London,Unknown,5.989640841917225,34,8.49670044175403,6,50000,Storm,1010.8114182998928
02/10/2024 04:51,5777,London,Summer,14.091068762939765,20,9.443467627558675,2,3783,Rain,998.658031974972
08/09/2024 22:06,7415,London,Winter,15.854975344518875,42,5.890947093535999,51,3264,Storm,994.86231325112
01/11/2024 09:43,8561,London,Autumn,10.134045178395112,20,150.0,47,5670,Storm,1016.0163396364906
01/11/2024 21:04,5405,London,Summer,18.004470111714095,93,13.173064367668395,3,3852,Clear,998.4666284636552
18/02/2024 23:27,7596,London,Summer,21.69379392525789,85,4.565109639250355,18,5277,Clear,993.7590370847752
13/08/2024 23:05,7686,London,Autumn,7.302803211088985,53,7.217618034418551,50,681,Rain,1002.1357197306716
07/02/2024 20:56,7507,London,Winter,31.93346363617479,41,1.7515709186726598,15,1217,Rain,994.6299082859966
09/10/2024 14:14,6174,London,Unknown,25.73043760729829,81,12.9704106512238,25,9280,Storm,989.5867183316482
17/03/2024 10:19,8954,London,Unknown,10.337779412645611,72,150.0,44,565,Storm,979.881612633718
30/11/2024 03:34,8489,London,Winter,7.781975009843952,34,2.8433630563415564,31,4984,Rain,984.4331713813295
08/03/2024 04:59,8836,London,Summer,8.036458915545246,62,10.402054420682898,9,3229,Snow,1010.9161405487844
13/05/2024 05:39,6518,London,Summer,6.091891167162499,21,2.2572133657234987,9,1628,Storm,991.7586561352932
03/02/2024 16:02,5348,London,Autumn,26.34387774979376,79,7.105235652688273,23,1108,Clear,994.1462019425582
02/10/2024 04:26,8335,London,Summer,3.4544404067932675,22,9.841679755526428,16,8564,Rain,984.281031559222
12/04/2024 01:16,5513,London,Unknown,18.128430739335368,72,9.372485881141344,32,5726,Clear,1015.1021541160262
26/10/2024 07:23,5619,London,Summer,18.128430739335368,26,2.811407774165463,0,50000,Snow,1006.0399156119872
25/02/2024 03:23,6806,London,Spring,18.609651348623544,92,6.762435795726855,15,6116,Fog,992.9080019714328
18/01/2024 22:19,8946,London,Autumn,15.401059320791337,91,5.608686799956967,18,8270,Snow,991.0762200584225
03/11/2024 10:36,5946,London,Winter,33.866209037405895,66,0.7131727807355874,21,7301,Rain,1010.0741556448362
17/07/2024 20:54,5065,London,Unknown,7.167032487590564,90,9.177689501219962,23,4244,Rain,1012.653142751616
14/11/2024 18:46,8033,London,Spring,60.0,40,13.565207671795072,26,7792,Rain,1024.130737012145
21/06/2024 15:06,8956,London,Winter,30.104922618379646,42,1.6894576546898392,13,6080,Fog,1002.1532006433569
26/12/2024 17:07,7301,London,Winter,28.74850123185396,78,10.4244234077212,29,7421,Clear,1000.5294785176598
11/02/2024 21:33,7919,London,Autumn,10.40550386907296,30,2.783519176126817,24,9332,Rain,982.5701680820756
19/06/2024 21:24,5205,London,Winter,25.023408073043655,33,5.836472799541142,39,3066,Snow,979.0417184704444
19/09/2024 00:40,6363,London,Summer,12.73535905377581,71,8.631222082148051,55,6355,Fog,994.1875601304992
19/04/2024 03:30,5872,London,Unknown,18.128430739335368,49,2.478345642159275,29,7921,Storm,1006.7400661164492
17/05/2024 20:50,6350,London,Summer,10.896911867774234,30,8.350097599451404,22,1953,Clear,1015.7945946582594
16/07/2024 22:48,5816,London,Autumn,10.94670043414002,78,18.42292118591591,14,9579,Storm,1003.8664213702626
09/08/2024 16:23,6932,London,Unknown,11.246358969874835,80,10.63464728751284,7,6821,Snow,1000.0305531748924
27/03/2024 14:48,6517,London,Unknown,18.128430739335368,24,9.129262258940692,11,3934,Rain,1000.9589757559096
06/05/2024 21:09,8234,London,Unknown,28.37819101593198,27,200.0,26,3556,Storm,996.3521943384384
07/09/2024 21:04,5223,London,Unknown,23.25840131785541,24,4.948971188612987,4,2604,Clear,994.86274284894
03/12/2024 13:12,8608,London,Winter,9.767865841042214,78,11.575585937205108,28,3950,Rain,984.6346319102994
04/06/2024 20:38,6208,London,Summer,33.05035496503512,45,5.088686568143169,49,3099,Clear,1002.1650625816284
21/03/2024 17:09,7781,London,Winter,14.028976103088976,57,4.608920773927371,49,6533,Rain,997.3849721212696
30/04/2024 15:15,8316,London,Spring,15.734988573944236,97,3.544594288314669,17,781,Rain,1010.4991845514126
07/05/2024 08:18,7862,London,Unknown,23.684318661588804,79,12.059021629916083,27,3036,Storm,1011.9527101319736
24/09/2024 03:38,8539,London,Spring,20.219808464298573,28,4.279919086016795,42,9563,Snow,1013.8027805484344
02/07/2024 00:39,7449,London,Autumn,10.36644801109539,84,0.481035937625518,47,1309,Snow,1005.4897656462408
04/02/2024 08:46,6651,London,Unknown,18.006378110934765,95,9.78379376216344,45,2770,Snow,990.0499118710522
30/11/2024 08:18,7454,London,Winter,21.60312903588185,48,3.0488602293050957,25,5929,Storm,995.100637647477
05/08/2024 19:44,8206,London,Unknown,12.775293621470825,80,14.620057914329704,55,4036,Snow,1003.5917927060332
20/03/2024 15:29,5454,London,Winter,24.868915387481948,76,5.84322261714094,36,9877,Rain,999.9248034878166
17/11/2024 15:25,5188,London,Unknown,19.055803139636605,44,4.964114010995055,43,6735,Clear,1003.901058682269
15/03/2024 01:10,5689,London,Winter,5.661984349648554,44,4.114596481536594,59,6041,Clear,994.5920108959764
01/09/2024 23:24,7823,London,Spring,23.446960889414413,70,13.642151954493814,48,1982,Clear,1000.4581565429708
08/12/2024 03:53,8705,London,Summer,18.128430739335368,21,9.512707698817504,59,1374,Rain,1001.9114769944064
27/06/2024 22:50,6969,London,Winter,-1.3507542706001026,48,0.7268767589933436,3,351,Rain,993.2988412932276
27/11/2024 14:14,7876,London,Winter,15.963326468142034,29,2.829592009941253,28,5662,Rain,997.0488575828872
23/09/2024 16:24,6591,London,Summer,33.669247603832304,66,8.02654883555846,23,50000,Rain,996.3730249344692
07/11/2024 04:30,8989,London,Autumn,3.6794668168017672,32,1.2768052155417309,24,50000,Rain,997.6080500973494
03/05/2024 12:59,8816,London,Autumn,6.124465243721229,75,8.036927610510707,2,9960,Snow,1007.461225632858
01/05/2024 22:40,7736,London,Winter,23.292628703263617,59,24.551797962353728,30,2660,Rain,990.1123168657411
27/11/2024 05:49,7348,London,Winter,36.32247917774855,60,6.538079742159677,48,4607,Rain,1017.2545769065013
08/11/2024 18:31,6681,London,Spring,10.336947009575947,22,3.986581529885567,42,2144,Storm,1012.1937314821243
05/08/2024 04:41,8192,London,Unknown,21.79176049095153,83,7.936602379075314,34,3236,Snow,1005.4670756536818
20/12/2024 08:28,8504,London,Winter,18.927358918648597,27,17.701269131974783,32,2386,Fog,999.2956130284024
28/06/2024 02:21,6547,London,Summer,-4.689951260429506,50,15.669617017537528,38,5434,Storm,999.847262048102
07/11/2024 09:46,6656,London,Summer,8.17148846825498,69,16.762300303200266,52,2003,Clear,1000.7673959849348
19/04/2024 11:22,6568,London,Unknown,11.297207920476207,65,24.35801006536071,44,5615,Fog,1003.4505038944108
21/10/2024 00:20,8758,London,Winter,23.318668295834502,39,2.743048065858148,56,7461,Rain,994.1424521594004
20/09/2024 22:58,5698,London,Unknown,22.50347909665813,50,16.06969792142506,14,9255,Storm,1000.633197194493
12/07/2024 06:41,6064,London,Winter,14.258000489083969,39,17.514717473026316,49,9141,Fog,1005.8881050889984
12/06/2024 18:29,6643,London,Unknown,34.45694140117676,26,8.731695059699653,53,294,Clear,983.0254660449884
05/10/2024 05:30,5889,London,Summer,13.739053186271931,36,10.381655010507076,54,8536,Storm,1003.0744459407528
24/10/2024 14:08,8865,London,Winter,-1.7873820042160773,30,8.003562491490605,20,2193,Fog,1007.545934587137
07/06/2024 14:57,5388,London,Unknown,29.729413419422777,91,3.27854938612414,6,1350,Storm,996.2560711161354
16/08/2024 01:07,8690,London,Autumn,23.466300526920318,30,22.387146129536912,15,4738,Fog,997.077836255798
25/08/2024 01:22,7572,London,Autumn,7.527632979565897,81,200.0,32,6657,Clear,996.1376826162268
30/07/2024 11:31,7391,London,Summer,12.447423594906905,40,6.207946246818325,23,9720,Fog,1006.013033045084
22/05/2024 20:32,7288,London,Summer,27.035662052931144,73,0.888884421705658,30,855,Storm,996.989769260564
02/10/2024 09:55,5909,London,Unknown,60.0,68,12.339290413345903,57,3193,Rain,1002.2390502710856
13/08/2024 13:45,6736,London,Winter,14.150156704724829,51,3.9434207194797146,31,8018,Clear,997.8429062587824
09/12/2024 16:52,7046,London,Spring,21.52880506914652,36,17.093652975252713,38,1367,Rain,983.9274034147436
02/08/2024 09:10,5258,London,Autumn,19.25630129411629,76,2.396690670384887,21,917,Fog,993.8122376780708
27/07/2024 09:17,7773,London,Spring,36.76048777052789,40,0.6435004489578171,59,9395,Storm,1000.6019942577544
14/12/2024 08:36,8113,London,Summer,12.176864243081896,43,7.776397971212345,40,1794,Fog,1003.6512538339956
31/10/2024 06:25,7102,London,Unknown,33.870498078422216,44,6.330648070709163,11,7798,Storm,992.4970539614432
09/04/2024 18:20,8155,London,Autumn,16.315632011386516,62,6.048568408545554,11,3753,Snow,989.908985503989
01/07/2024 07:42,5306,London,Unknown,8.689891266975703,26,3.081107427163205,8,7200,Clear,1006.829449215084
21/03/2024 07:41,6042,London,Spring,19.812656243917058,22,3.7673925557440544,56,3849,Snow,996.525836281308
21/06/2024 01:41,8923,London,Unknown,29.32066693522938,97,10.145555716590088,50,3606,Snow,986.669331742349
14/12/2024 22:08,5720,London,Autumn,17.11077938474062,78,10.48391197689089,12,7902,Fog,998.9308404298558
04/09/2024 13:02,5235,London,Unknown,27.06585044333353,25,1.064878623998769,55,1217,Storm,1003.488529075328
29/04/2024 17:44,7531,London,Spring,12.79219735759144,70,3.6210891659144337,6,6116,Rain,1012.7647228164672
13/09/2024 04:00,7918,London,Spring,10.192652860871435,98,0.3871299684706351,20,5255,Rain,1004.849089644124
04/04/2024 22:01,8958,London,Unknown,5.603301744307311,56,11.851092502752245,14,7150,Rain,978.9708973031186
22/09/2024 19:05,6914,London,Summer,25.504465544231884,24,0.7535125240434013,36,5738,Clear,1004.7621904763628
06/09/2024 22:04,8392,London,Autumn,16.661238019669998,63,0.7967289706113574,36,5923,Fog,994.7258150647896
06/07/2024 16:15,6260,London,Summer,18.128430739335368,23,8.621693528680451,7,6144,Rain,1001.5430799730402
12/04/2024 13:17,5512,London,Unknown,8.169854746354744,89,3.702926571013327,11,2204,Rain,999.5172499054422
31/10/2024 23:19,6917,London,Winter,11.256654594803043,54,100.0,46,50000,Storm,989.0883381246326
13/03/2024 10:27,6398,London,Winter,20.33905474104364,75,17.463586923900202,13,7084,Rain,988.2896996330636
08/12/2024 16:46,8545,London,Winter,18.128430739335368,64,0.3835066798641033,50,2102,Snow,1000.3282048516334
21/10/2024 07:45,5827,London,Winter,31.950295974080024,53,0.0347278983042622,13,5899,Fog,997.3539426013756
10/12/2024 09:30,5011,London,Autumn,-0.738306448050686,90,1.0270174534891767,17,8264,Fog,1010.242224140089
26/01/2024 17:18,6683,London,Spring,12.737142899000268,36,11.317777167999838,53,9138,Fog,991.8091143676548
29/12/2024 22:21,8896,London,Autumn,24.584046521646616,90,5.83092798581305,4,2430,Rain,1032.8580313172583
14/07/2024 21:07,8802,London,Unknown,43.43376806221882,49,150.0,4,9583,Storm,999.4552270552508
07/02/2024 10:37,5013,London,Winter,20.8243616641735,30,4.360439502899093,29,2832,Fog,1005.2676889966336
09/01/2024 19:08,5303,London,Unknown,27.659719311662958,28,8.965863132813206,35,3183,Clear,995.30370627793
23/04/2024 00:12,7012,London,Summer,24.97355921019274,95,14.128031847120964,33,9720,Clear,1008.7911740371906
29/10/2024 11:12,7234,London,Autumn,6.129098317289149,28,150.0,13,8568,Clear,1014.0382236873028
18/05/2024 11:08,5437,London,Autumn,11.627997495132986,46,20.07375168583169,56,3719,Rain,1001.6214169970292
07/03/2024 18:57,7213,London,Unknown,18.128430739335368,59,12.438937056707267,28,368,Snow,1016.4538124799044
09/04/2024 01:34,5131,London,Winter,0.3033946514052914,51,4.690383189982973,16,5063,Clear,988.9105186522823
25/03/2024 00:23,6622,London,Unknown,38.68188047350367,32,8.572939802763361,33,6097,Snow,1019.4437298605236
